period,date,wan,qian,bai,shi,ge,full_number,parse_line
2004001,2004-11-14,9,2,8,8,2,92882,1
2004002,2004-11-16,1,7,3,8,7,17387,2
2004003,2004-11-19,1,8,3,2,8,18328,3
2004004,2004-11-21,4,3,2,4,8,43248,4
2004005,2004-11-22,5,4,1,5,9,54159,5
2004006,2004-11-23,2,6,2,2,5,26225,6
2004007,2004-11-24,3,0,7,4,5,30745,7
2004008,2004-11-25,2,2,6,9,9,22699,8
2004009,2004-11-26,4,1,8,0,9,41809,9
2004010,2004-11-27,2,7,4,6,4,27464,10
2004011,2004-11-28,3,6,4,1,6,36416,11
2004012,2004-11-29,3,0,5,6,4,30564,12
2004013,2004-11-30,0,3,2,3,2,03232,13
2004014,2004-12-01,3,5,9,1,9,35919,14
2004015,2004-12-02,5,9,8,7,2,59872,15
2004016,2004-12-03,4,4,5,1,7,44517,16
2004017,2004-12-04,1,9,3,1,8,19318,17
2004018,2004-12-05,1,2,9,9,8,12998,18
2004019,2004-12-06,7,1,1,4,0,71140,19
2004020,2004-12-07,1,0,9,3,1,10931,20
2004021,2004-12-08,3,9,3,8,6,39386,21
2004022,2004-12-09,5,9,1,9,0,59190,22
2004023,2004-12-10,8,7,1,9,7,87197,23
2004024,2004-12-11,8,8,6,7,9,88679,24
2004025,2004-12-12,6,1,8,6,8,61868,25
2004026,2004-12-13,6,2,1,7,3,62173,26
2004027,2004-12-14,3,6,3,3,9,36339,27
2004028,2004-12-15,0,7,5,1,9,07519,28
2004029,2004-12-16,2,5,6,1,5,25615,29
2004030,2004-12-17,1,2,0,6,0,12060,30
2004031,2004-12-18,3,6,2,1,0,36210,31
2004032,2004-12-19,3,7,8,7,0,37870,32
2004033,2004-12-20,5,0,5,0,2,50502,33
2004034,2004-12-21,9,9,5,2,8,99528,34
2004035,2004-12-22,3,7,4,8,0,37480,35
2004036,2004-12-23,0,0,9,0,4,00904,36
2004037,2004-12-24,3,2,5,9,5,32595,37
2004038,2004-12-25,4,2,5,3,3,42533,38
2004039,2004-12-26,8,0,2,1,2,80212,39
2004040,2004-12-27,5,6,6,4,1,56641,40
2004041,2004-12-28,8,1,4,0,5,81405,41
2004042,2004-12-29,7,8,0,2,4,78024,42
2004043,2004-12-30,7,0,4,3,2,70432,43
2004044,2004-12-31,3,8,2,1,2,38212,44
2005001,2005-01-01,0,5,4,9,7,05497,45
2005002,2005-01-02,3,6,6,1,4,36614,46
2005003,2005-01-03,4,3,1,3,2,43132,47
2005004,2005-01-04,6,7,4,7,6,67476,48
2005005,2005-01-05,2,9,9,5,5,29955,49
2005006,2005-01-06,4,2,0,5,9,42059,50
2005007,2005-01-07,4,3,5,1,6,43516,51
2005008,2005-01-08,2,8,1,2,6,28126,52
2005009,2005-01-09,8,6,9,8,0,86980,53
2005010,2005-01-10,4,1,6,7,1,41671,54
2005011,2005-01-11,2,0,4,5,5,20455,55
2005012,2005-01-12,1,9,6,6,2,19662,56
2005013,2005-01-13,6,1,3,2,6,61326,57
2005014,2005-01-14,0,8,5,4,2,08542,58
2005015,2005-01-15,3,6,7,4,7,36747,59
2005016,2005-01-16,6,6,5,7,3,66573,60
2005017,2005-01-17,1,5,7,4,9,15749,61
2005018,2005-01-18,0,5,5,9,6,05596,62
2005019,2005-01-19,5,7,4,7,9,57479,63
2005020,2005-01-20,9,2,2,4,3,92243,64
2005021,2005-01-21,0,0,1,4,8,00148,65
2005022,2005-01-22,9,3,8,2,4,93824,66
2005023,2005-01-23,0,8,0,2,5,08025,67
2005024,2005-01-24,3,1,2,5,4,31254,68
2005025,2005-01-25,7,5,5,9,4,75594,69
2005026,2005-01-26,2,7,7,1,6,27716,70
2005027,2005-01-27,0,1,4,4,2,01442,71
2005028,2005-01-28,8,6,2,0,2,86202,72
2005029,2005-01-29,6,2,8,7,3,62873,73
2005030,2005-01-30,4,5,9,2,4,45924,74
2005031,2005-01-31,5,0,4,0,5,50405,75
2005032,2005-02-01,3,6,1,8,6,36186,76
2005033,2005-02-02,5,9,0,9,1,59091,77
2005034,2005-02-03,1,8,6,3,5,18635,78
2005035,2005-02-04,8,3,0,2,0,83020,79
2005036,2005-02-05,9,4,2,3,6,94236,80
2005037,2005-02-06,7,0,8,4,1,70841,81
2005038,2005-02-07,3,1,9,6,6,31966,82
2005039,2005-02-08,0,2,8,8,3,02883,83
2005040,2005-02-16,0,4,7,9,8,04798,84
2005041,2005-02-17,1,3,3,8,2,13382,85
2005042,2005-02-18,2,3,4,1,9,23419,86
2005043,2005-02-19,8,4,5,8,0,84580,87
2005044,2005-02-20,9,5,5,9,3,95593,88
2005045,2005-02-21,4,0,0,6,9,40069,89
2005046,2005-02-22,5,4,5,3,3,54533,90
2005047,2005-02-23,4,2,9,1,1,42911,91
2005048,2005-02-24,7,6,1,0,7,76107,92
2005049,2005-02-25,7,9,0,9,1,79091,93
2005050,2005-02-26,1,0,4,1,7,10417,94
2005051,2005-02-27,2,4,7,6,3,24763,95
2005052,2005-02-28,3,0,6,8,3,30683,96
2005053,2005-03-01,1,7,5,3,8,17538,97
2005054,2005-03-02,5,1,9,0,6,51906,98
2005055,2005-03-03,0,1,4,4,9,01449,99
2005056,2005-03-04,6,0,0,2,8,60028,100
2005057,2005-03-05,8,1,3,2,4,81324,101
2005058,2005-03-06,3,5,3,4,2,35342,102
2005059,2005-03-07,9,8,3,6,1,98361,103
2005060,2005-03-08,9,6,0,6,2,96062,104
2005061,2005-03-09,9,1,2,2,4,91224,105
2005062,2005-03-10,7,9,6,6,6,79666,106
2005063,2005-03-11,1,8,1,6,3,18163,107
2005064,2005-03-12,9,6,9,5,4,96954,108
2005065,2005-03-13,8,9,5,2,2,89522,109
2005066,2005-03-14,6,2,6,7,7,62677,110
2005067,2005-03-15,1,6,9,1,8,16918,111
2005068,2005-03-16,9,0,3,6,6,90366,112
2005069,2005-03-17,7,4,3,1,0,74310,113
2005070,2005-03-18,9,8,4,3,6,98436,114
2005071,2005-03-19,9,1,7,0,1,91701,115
2005072,2005-03-20,2,5,6,9,1,25691,116
2005073,2005-03-21,2,3,2,9,6,23296,117
2005074,2005-03-22,0,0,6,1,1,00611,118
2005075,2005-03-23,7,0,0,5,3,70053,119
2005076,2005-03-24,4,1,8,7,1,41871,120
2005077,2005-03-25,6,4,8,8,4,64884,121
2005078,2005-03-26,8,4,2,7,1,84271,122
2005079,2005-03-27,9,5,9,2,3,95923,123
2005080,2005-03-28,4,9,5,1,9,49519,124
2005081,2005-03-29,2,5,0,5,9,25059,125
2005082,2005-03-30,2,1,6,6,7,21667,126
2005083,2005-03-31,7,0,2,5,4,70254,127
2005084,2005-04-01,2,7,7,2,8,27728,128
2005085,2005-04-02,9,4,2,3,4,94234,129
2005086,2005-04-03,6,3,5,9,4,63594,130
2005087,2005-04-04,1,5,5,8,9,15589,131
2005088,2005-04-05,1,4,4,1,5,14415,132
2005089,2005-04-06,0,9,1,9,0,09190,133
2005090,2005-04-07,0,6,5,6,5,06565,134
2005091,2005-04-08,1,0,2,4,6,10246,135
2005092,2005-04-09,2,9,9,4,3,29943,136
2005093,2005-04-10,8,6,1,6,1,86161,137
2005094,2005-04-11,1,1,2,1,8,11218,138
2005095,2005-04-12,0,6,1,4,1,06141,139
2005096,2005-04-13,9,3,5,1,2,93512,140
2005097,2005-04-14,0,8,5,6,3,08563,141
2005098,2005-04-15,6,7,0,0,5,67005,142
2005099,2005-04-16,6,9,5,6,7,69567,143
2005100,2005-04-17,1,2,7,0,9,12709,144
2005101,2005-04-18,3,2,0,4,8,32048,145
2005102,2005-04-19,4,3,1,2,0,43120,146
2005103,2005-04-20,8,7,3,3,9,87339,147
2005104,2005-04-21,6,8,1,7,3,68173,148
2005105,2005-04-22,3,6,3,2,5,36325,149
2005106,2005-04-23,5,4,0,5,2,54052,150
2005107,2005-04-24,8,3,8,3,1,83831,151
2005108,2005-04-25,3,8,4,1,1,38411,152
2005109,2005-04-26,6,1,0,6,9,61069,153
2005110,2005-04-27,4,1,7,4,5,41745,154
2005111,2005-04-28,0,6,1,5,6,06156,155
2005112,2005-04-29,2,9,8,2,2,29822,156
2005113,2005-04-30,0,0,5,0,8,00508,157
2005114,2005-05-01,8,9,2,0,7,89207,158
2005115,2005-05-02,6,2,6,0,6,62606,159
2005116,2005-05-03,5,6,9,7,3,56973,160
2005117,2005-05-04,9,9,2,8,0,99280,161
2005118,2005-05-05,5,9,3,2,5,59325,162
2005119,2005-05-06,1,1,1,1,3,11113,163
2005120,2005-05-07,1,6,2,3,5,16235,164
2005121,2005-05-08,7,2,9,9,4,72994,165
2005122,2005-05-09,5,4,2,9,2,54292,166
2005123,2005-05-10,9,7,4,8,2,97482,167
2005124,2005-05-11,2,1,9,2,9,21929,168
2005125,2005-05-12,5,0,8,4,4,50844,169
2005126,2005-05-13,5,3,4,6,3,53463,170
2005127,2005-05-14,4,4,5,2,5,44525,171
2005128,2005-05-15,1,6,2,8,9,16289,172
2005129,2005-05-16,7,0,7,4,3,70743,173
2005130,2005-05-17,5,4,6,5,9,54659,174
2005131,2005-05-18,6,6,3,5,1,66351,175
2005132,2005-05-19,8,3,6,5,3,83653,176
2005133,2005-05-20,7,5,9,0,1,75901,177
2005134,2005-05-21,7,0,4,1,9,70419,178
2005135,2005-05-22,7,4,5,0,9,74509,179
2005136,2005-05-23,9,2,8,2,6,92826,180
2005137,2005-05-24,2,5,3,3,8,25338,181
2005138,2005-05-25,0,1,4,5,6,01456,182
2005139,2005-05-26,4,6,2,0,6,46206,183
2005140,2005-05-27,8,9,4,2,2,89422,184
2005141,2005-05-28,1,6,8,0,4,16804,185
2005142,2005-05-29,3,0,6,3,2,30632,186
2005143,2005-05-30,2,0,7,1,4,20714,187
2005144,2005-05-31,5,7,4,3,6,57436,188
2005145,2005-06-01,0,5,7,2,9,05729,189
2005146,2005-06-02,1,0,9,3,5,10935,190
2005147,2005-06-03,1,2,1,2,2,12122,191
2005148,2005-06-04,9,7,9,6,7,97967,192
2005149,2005-06-05,8,9,9,7,2,89972,193
2005150,2005-06-06,5,2,4,3,5,52435,194
2005151,2005-06-07,9,9,0,8,9,99089,195
2005152,2005-06-08,9,2,7,9,3,92793,196
2005153,2005-06-09,8,6,6,4,3,86643,197
2005154,2005-06-10,7,7,6,9,6,77696,198
2005155,2005-06-11,0,2,4,2,5,02425,199
2005156,2005-06-12,1,1,9,4,5,11945,200
2005157,2005-06-13,5,9,8,4,5,59845,201
2005158,2005-06-14,8,7,6,7,7,87677,202
2005159,2005-06-15,1,0,7,9,1,10791,203
2005160,2005-06-16,7,2,6,2,6,72626,204
2005161,2005-06-17,2,2,1,3,0,22130,205
2005162,2005-06-18,9,6,7,1,8,96718,206
2005163,2005-06-19,6,4,5,4,2,64542,207
2005164,2005-06-20,0,0,1,3,5,00135,208
2005165,2005-06-21,3,9,8,1,7,39817,209
2005166,2005-06-22,7,3,6,8,9,73689,210
2005167,2005-06-23,7,1,1,6,7,71167,211
2005168,2005-06-24,9,0,7,8,6,90786,212
2005169,2005-06-25,2,6,3,4,9,26349,213
2005170,2005-06-26,1,9,5,4,2,19542,214
2005171,2005-06-27,1,6,5,1,0,16510,215
2005172,2005-06-28,9,9,7,6,3,99763,216
2005173,2005-06-29,2,0,7,0,0,20700,217
2005174,2005-06-30,8,7,6,2,7,87627,218
2005175,2005-07-01,9,3,3,0,7,93307,219
2005176,2005-07-02,9,3,7,4,2,93742,220
2005177,2005-07-03,7,0,5,2,1,70521,221
2005178,2005-07-04,0,0,4,4,0,00440,222
2005179,2005-07-05,0,4,3,5,5,04355,223
2005180,2005-07-06,3,9,5,4,0,39540,224
2005181,2005-07-07,4,0,2,5,0,40250,225
2005182,2005-07-08,4,6,9,3,8,46938,226
2005183,2005-07-09,1,7,3,1,8,17318,227
2005184,2005-07-10,8,8,4,4,3,88443,228
2005185,2005-07-11,4,3,9,4,2,43942,229
2005186,2005-07-12,2,0,2,1,5,20215,230
2005187,2005-07-13,9,1,3,0,0,91300,231
2005188,2005-07-14,6,2,9,0,5,62905,232
2005189,2005-07-15,4,0,3,0,5,40305,233
2005190,2005-07-16,4,2,6,1,1,42611,234
2005191,2005-07-17,5,0,6,1,1,50611,235
2005192,2005-07-18,6,2,4,9,6,62496,236
2005193,2005-07-19,9,9,9,9,8,99998,237
2005194,2005-07-20,4,9,4,3,4,49434,238
2005195,2005-07-21,5,2,6,7,7,52677,239
2005196,2005-07-22,0,0,5,6,1,00561,240
2005197,2005-07-23,7,8,8,8,4,78884,241
2005198,2005-07-24,7,4,9,6,7,74967,242
2005199,2005-07-25,7,9,4,1,1,79411,243
2005200,2005-07-26,9,9,8,8,8,99888,244
2005201,2005-07-27,0,4,5,3,4,04534,245
2005202,2005-07-28,3,3,0,8,5,33085,246
2005203,2005-07-29,8,1,9,3,9,81939,247
2005204,2005-07-30,5,0,6,6,1,50661,248
2005205,2005-07-31,8,7,5,2,5,87525,249
2005206,2005-08-01,9,5,8,2,6,95826,250
2005207,2005-08-02,8,6,7,7,7,86777,251
2005208,2005-08-03,5,4,0,2,8,54028,252
2005209,2005-08-04,3,1,6,6,4,31664,253
2005210,2005-08-05,5,4,3,6,0,54360,254
2005211,2005-08-06,5,3,4,2,1,53421,255
2005212,2005-08-07,7,8,0,3,3,78033,256
2005213,2005-08-08,9,6,2,0,0,96200,257
2005214,2005-08-09,1,6,9,1,3,16913,258
2005215,2005-08-10,2,3,6,5,3,23653,259
2005216,2005-08-11,8,5,6,2,9,85629,260
2005217,2005-08-12,5,5,5,4,3,55543,261
2005218,2005-08-13,7,2,4,9,7,72497,262
2005219,2005-08-14,2,1,6,9,7,21697,263
2005220,2005-08-15,8,0,2,7,7,80277,264
2005221,2005-08-16,8,7,0,3,0,87030,265
2005222,2005-08-17,8,9,5,6,7,89567,266
2005223,2005-08-18,5,3,9,2,7,53927,267
2005224,2005-08-19,5,6,7,1,3,56713,268
2005225,2005-08-20,3,0,9,9,2,30992,269
2005226,2005-08-21,2,9,3,0,5,29305,270
2005227,2005-08-22,2,6,4,4,1,26441,271
2005228,2005-08-23,7,2,5,4,9,72549,272
2005229,2005-08-24,8,1,3,5,0,81350,273
2005230,2005-08-25,7,8,4,9,3,78493,274
2005231,2005-08-26,0,7,7,1,0,07710,275
2005232,2005-08-27,7,4,9,4,4,74944,276
2005233,2005-08-28,9,3,4,9,3,93493,277
2005234,2005-08-29,1,2,2,9,9,12299,278
2005235,2005-08-30,8,5,6,3,0,85630,279
2005236,2005-08-31,5,3,7,7,4,53774,280
2005237,2005-09-01,6,0,0,3,4,60034,281
2005238,2005-09-02,4,6,3,5,6,46356,282
2005239,2005-09-03,3,4,6,9,5,34695,283
2005240,2005-09-04,5,1,7,4,4,51744,284
2005241,2005-09-05,8,3,2,7,7,83277,285
2005242,2005-09-06,2,8,9,2,9,28929,286
2005243,2005-09-07,9,4,9,4,7,94947,287
2005244,2005-09-08,8,9,4,3,2,89432,288
2005245,2005-09-09,8,2,7,0,2,82702,289
2005246,2005-09-10,5,9,7,1,9,59719,290
2005247,2005-09-11,3,1,0,9,4,31094,291
2005248,2005-09-12,4,8,1,9,3,48193,292
2005249,2005-09-13,5,2,1,7,3,52173,293
2005250,2005-09-14,0,3,7,2,3,03723,294
2005251,2005-09-15,8,1,8,1,5,81815,295
2005252,2005-09-16,0,8,5,5,0,08550,296
2005253,2005-09-17,4,4,2,3,2,44232,297
2005254,2005-09-18,3,0,2,0,6,30206,298
2005255,2005-09-19,9,5,9,0,9,95909,299
2005256,2005-09-20,5,3,9,1,5,53915,300
2005257,2005-09-21,0,2,6,7,4,02674,301
2005258,2005-09-22,9,7,6,3,7,97637,302
2005259,2005-09-23,9,7,1,8,7,97187,303
2005260,2005-09-24,4,8,9,2,2,48922,304
2005261,2005-09-25,6,1,4,6,4,61464,305
2005262,2005-09-26,2,4,0,8,0,24080,306
2005263,2005-09-27,8,4,6,1,7,84617,307
2005264,2005-09-28,8,0,7,5,1,80751,308
2005265,2005-09-29,6,9,6,9,2,69692,309
2005266,2005-09-30,1,0,7,5,0,10750,310
2005267,2005-10-01,5,8,4,5,7,58457,311
2005268,2005-10-02,8,5,5,3,4,85534,312
2005269,2005-10-03,3,2,7,4,3,32743,313
2005270,2005-10-04,9,0,9,0,2,90902,314
2005271,2005-10-05,5,6,6,4,8,56648,315
2005272,2005-10-06,9,8,1,0,5,98105,316
2005273,2005-10-07,7,2,6,8,3,72683,317
2005274,2005-10-08,5,2,6,9,1,52691,318
2005275,2005-10-09,4,7,0,3,0,47030,319
2005276,2005-10-10,8,6,2,9,1,86291,320
2005277,2005-10-11,0,7,5,0,9,07509,321
2005278,2005-10-12,6,9,2,4,3,69243,322
2005279,2005-10-13,2,5,4,0,7,25407,323
2005280,2005-10-14,8,9,9,8,8,89988,324
2005281,2005-10-15,5,7,6,3,3,57633,325
2005282,2005-10-16,5,4,9,0,4,54904,326
2005283,2005-10-17,1,8,4,2,2,18422,327
2005284,2005-10-18,3,8,0,8,4,38084,328
2005285,2005-10-19,6,5,4,8,3,65483,329
2005286,2005-10-20,8,5,3,2,6,85326,330
2005287,2005-10-21,7,8,7,4,8,78748,331
2005288,2005-10-22,4,8,7,5,4,48754,332
2005289,2005-10-23,3,0,4,8,2,30482,333
2005290,2005-10-24,8,0,3,0,8,80308,334
2005291,2005-10-25,3,7,1,2,1,37121,335
2005292,2005-10-26,4,3,6,1,9,43619,336
2005293,2005-10-27,0,4,0,3,1,04031,337
2005294,2005-10-28,8,2,0,7,4,82074,338
2005295,2005-10-29,8,9,3,2,8,89328,339
2005296,2005-10-30,7,1,6,9,0,71690,340
2005297,2005-10-31,3,1,9,1,9,31919,341
2005298,2005-11-01,6,0,8,9,3,60893,342
2005299,2005-11-02,7,5,6,1,8,75618,343
2005300,2005-11-03,9,6,6,6,8,96668,344
2005301,2005-11-04,6,3,5,4,7,63547,345
2005302,2005-11-05,7,4,7,6,8,74768,346
2005303,2005-11-06,5,7,6,7,8,57678,347
2005304,2005-11-07,8,6,3,2,0,86320,348
2005305,2005-11-08,5,7,8,8,3,57883,349
2005306,2005-11-09,3,9,0,5,4,39054,350
2005307,2005-11-10,9,6,8,6,8,96868,351
2005308,2005-11-11,1,2,9,8,3,12983,352
2005309,2005-11-12,5,2,4,6,8,52468,353
2005310,2005-11-13,0,1,5,1,5,01515,354
2005311,2005-11-14,4,5,0,6,3,45063,355
2005312,2005-11-15,7,5,6,8,4,75684,356
2005313,2005-11-16,7,2,8,2,3,72823,357
2005314,2005-11-17,8,6,0,7,9,86079,358
2005315,2005-11-18,6,7,0,5,7,67057,359
2005316,2005-11-19,7,4,1,8,0,74180,360
2005317,2005-11-20,8,4,6,4,4,84644,361
2005318,2005-11-21,0,6,9,4,4,06944,362
2005319,2005-11-22,8,2,4,0,4,82404,363
2005320,2005-11-23,0,8,4,4,1,08441,364
2005321,2005-11-24,8,0,5,3,6,80536,365
2005322,2005-11-25,2,7,4,2,4,27424,366
2005323,2005-11-26,3,3,9,5,7,33957,367
2005324,2005-11-27,5,7,8,8,8,57888,368
2005325,2005-11-28,4,7,2,3,2,47232,369
2005326,2005-11-29,5,0,8,7,7,50877,370
2005327,2005-11-30,7,3,5,1,8,73518,371
2005328,2005-12-01,4,6,3,9,5,46395,372
2005329,2005-12-02,1,1,7,5,4,11754,373
2005330,2005-12-03,1,4,9,7,0,14970,374
2005331,2005-12-04,7,9,0,1,5,79015,375
2005332,2005-12-05,1,8,7,5,1,18751,376
2005333,2005-12-06,3,4,1,0,3,34103,377
2005334,2005-12-07,6,7,2,4,4,67244,378
2005335,2005-12-08,7,8,1,9,1,78191,379
2005336,2005-12-09,6,9,3,8,1,69381,380
2005337,2005-12-10,4,6,1,8,4,46184,381
2005338,2005-12-11,2,3,6,5,6,23656,382
2005339,2005-12-12,4,4,0,4,6,44046,383
2005340,2005-12-13,6,7,8,5,8,67858,384
2005341,2005-12-14,3,0,2,4,6,30246,385
2005342,2005-12-15,3,8,5,1,6,38516,386
2005343,2005-12-16,8,7,6,9,2,87692,387
2005344,2005-12-17,9,4,9,9,9,94999,388
2005345,2005-12-18,7,8,6,6,6,78666,389
2005346,2005-12-19,2,9,2,5,2,29252,390
2005347,2005-12-20,1,7,2,4,9,17249,391
2005348,2005-12-21,3,2,3,2,8,32328,392
2005349,2005-12-22,4,9,2,3,5,49235,393
2005350,2005-12-23,2,3,7,6,3,23763,394
2005351,2005-12-24,2,3,9,2,5,23925,395
2005352,2005-12-25,5,6,2,9,5,56295,396
2005353,2005-12-26,0,9,5,2,4,09524,397
2005354,2005-12-27,0,1,4,9,9,01499,398
2005355,2005-12-28,0,1,2,4,5,01245,399
2005356,2005-12-29,4,3,9,4,6,43946,400
2005357,2005-12-30,4,1,5,1,5,41515,401
2005358,2005-12-31,3,9,7,6,0,39760,402
2006001,2006-01-01,1,8,4,4,9,18449,403
2006002,2006-01-02,2,9,9,0,7,29907,404
2006003,2006-01-03,0,1,2,0,8,01208,405
2006004,2006-01-04,9,4,0,2,4,94024,406
2006005,2006-01-05,1,8,5,6,0,18560,407
2006006,2006-01-06,5,9,8,2,3,59823,408
2006007,2006-01-07,5,6,1,6,3,56163,409
2006008,2006-01-08,4,8,9,3,0,48930,410
2006009,2006-01-09,8,0,3,0,4,80304,411
2006010,2006-01-10,5,3,8,1,2,53812,412
2006011,2006-01-11,7,5,5,1,1,75511,413
2006012,2006-01-12,6,5,2,6,1,65261,414
2006013,2006-01-13,7,7,7,0,4,77704,415
2006014,2006-01-14,6,7,8,3,4,67834,416
2006015,2006-01-15,4,4,6,0,3,44603,417
2006016,2006-01-16,5,1,9,1,5,51915,418
2006017,2006-01-17,9,2,5,4,8,92548,419
2006018,2006-01-18,9,1,6,8,9,91689,420
2006019,2006-01-19,1,9,9,3,7,19937,421
2006020,2006-01-20,7,1,0,9,5,71095,422
2006021,2006-01-21,4,3,8,1,0,43810,423
2006022,2006-01-22,1,6,4,5,2,16452,424
2006023,2006-01-23,2,1,5,7,0,21570,425
2006024,2006-01-24,1,6,3,6,5,16365,426
2006025,2006-01-25,7,0,7,8,5,70785,427
2006026,2006-01-26,9,9,8,9,3,99893,428
2006027,2006-01-27,4,0,4,3,5,40435,429
2006028,2006-02-05,5,4,7,0,6,54706,430
2006029,2006-02-06,7,0,6,1,9,70619,431
2006030,2006-02-07,0,8,6,5,5,08655,432
2006031,2006-02-08,6,7,5,1,4,67514,433
2006032,2006-02-09,6,9,9,2,6,69926,434
2006033,2006-02-10,5,4,9,6,1,54961,435
2006034,2006-02-11,4,6,5,4,8,46548,436
2006035,2006-02-12,6,4,7,8,1,64781,437
2006036,2006-02-13,1,5,4,4,5,15445,438
2006037,2006-02-14,2,3,6,5,0,23650,439
2006038,2006-02-15,3,7,4,3,5,37435,440
2006039,2006-02-16,5,8,7,9,2,58792,441
2006040,2006-02-17,8,7,6,9,5,87695,442
2006041,2006-02-18,8,5,3,2,6,85326,443
2006042,2006-02-19,0,2,8,1,2,02812,444
2006043,2006-02-20,4,4,5,4,5,44545,445
2006044,2006-02-21,0,2,6,0,3,02603,446
2006045,2006-02-22,1,8,7,8,2,18782,447
2006046,2006-02-23,5,6,8,7,4,56874,448
2006047,2006-02-24,6,9,4,2,0,69420,449
2006048,2006-02-25,5,6,4,8,7,56487,450
2006049,2006-02-26,4,8,9,9,0,48990,451
2006050,2006-02-27,8,7,4,4,6,87446,452
2006051,2006-02-28,8,7,3,9,6,87396,453
2006052,2006-03-01,5,0,1,3,6,50136,454
2006053,2006-03-02,6,9,8,7,1,69871,455
2006054,2006-03-03,9,0,9,7,5,90975,456
2006055,2006-03-04,1,4,0,9,5,14095,457
2006056,2006-03-05,8,9,8,9,1,89891,458
2006057,2006-03-06,7,9,1,2,1,79121,459
2006058,2006-03-07,6,0,0,3,8,60038,460
2006059,2006-03-08,9,9,0,3,8,99038,461
2006060,2006-03-09,0,6,2,6,1,06261,462
2006061,2006-03-10,2,2,4,2,9,22429,463
2006062,2006-03-11,7,6,1,0,0,76100,464
2006063,2006-03-12,4,5,8,8,5,45885,465
2006064,2006-03-13,9,8,3,2,7,98327,466
2006065,2006-03-14,9,2,1,5,4,92154,467
2006066,2006-03-15,9,6,7,1,2,96712,468
2006067,2006-03-16,1,4,9,2,5,14925,469
2006068,2006-03-17,0,0,3,4,6,00346,470
2006069,2006-03-18,0,8,2,5,9,08259,471
2006070,2006-03-19,4,1,5,3,8,41538,472
2006071,2006-03-20,2,0,2,7,8,20278,473
2006072,2006-03-21,4,2,0,7,5,42075,474
2006073,2006-03-22,2,0,3,9,6,20396,475
2006074,2006-03-23,2,9,2,4,3,29243,476
2006075,2006-03-24,8,4,4,2,4,84424,477
2006076,2006-03-25,2,2,4,6,6,22466,478
2006077,2006-03-26,2,0,1,5,0,20150,479
2006078,2006-03-27,2,8,6,8,2,28682,480
2006079,2006-03-28,7,1,4,4,3,71443,481
2006080,2006-03-29,5,4,4,2,5,54425,482
2006081,2006-03-30,4,3,4,3,0,43430,483
2006082,2006-03-31,6,7,1,2,9,67129,484
2006083,2006-04-01,9,7,2,9,8,97298,485
2006084,2006-04-02,2,7,6,9,3,27693,486
2006085,2006-04-03,4,9,5,9,8,49598,487
2006086,2006-04-04,1,6,2,8,9,16289,488
2006087,2006-04-05,9,4,7,5,0,94750,489
2006088,2006-04-06,6,4,2,4,1,64241,490
2006089,2006-04-07,4,9,2,1,3,49213,491
2006090,2006-04-08,8,7,7,6,7,87767,492
2006091,2006-04-09,5,3,3,3,0,53330,493
2006092,2006-04-10,4,4,4,6,2,44462,494
2006093,2006-04-11,8,2,4,7,4,82474,495
2006094,2006-04-12,0,1,0,9,7,01097,496
2006095,2006-04-13,3,0,4,3,6,30436,497
2006096,2006-04-14,2,7,5,0,9,27509,498
2006097,2006-04-15,9,3,8,2,9,93829,499
2006098,2006-04-16,6,6,0,1,3,66013,500
2006099,2006-04-17,8,2,6,5,0,82650,501
2006100,2006-04-18,4,5,1,8,8,45188,502
2006101,2006-04-19,4,3,0,0,9,43009,503
2006102,2006-04-20,2,6,0,1,2,26012,504
2006103,2006-04-21,2,2,3,8,9,22389,505
2006104,2006-04-22,6,1,6,8,4,61684,506
2006105,2006-04-23,5,1,9,9,8,51998,507
2006106,2006-04-24,5,3,3,9,9,53399,508
2006107,2006-04-25,1,9,0,4,8,19048,509
2006108,2006-04-26,6,9,6,9,0,69690,510
2006109,2006-04-27,3,0,8,7,2,30872,511
2006110,2006-04-28,4,3,7,1,9,43719,512
2006111,2006-04-29,2,1,8,1,6,21816,513
2006112,2006-04-30,4,9,9,3,3,49933,514
2006113,2006-05-01,6,0,1,4,6,60146,515
2006114,2006-05-02,9,9,7,8,4,99784,516
2006115,2006-05-03,2,5,9,4,5,25945,517
2006116,2006-05-04,3,3,2,6,2,33262,518
2006117,2006-05-05,9,9,9,3,4,99934,519
2006118,2006-05-06,8,9,0,2,9,89029,520
2006119,2006-05-07,9,0,0,7,9,90079,521
2006120,2006-05-08,3,3,2,2,8,33228,522
2006121,2006-05-09,5,7,5,1,1,57511,523
2006122,2006-05-10,5,2,0,8,0,52080,524
2006123,2006-05-11,2,4,9,1,4,24914,525
2006124,2006-05-12,2,6,1,7,2,26172,526
2006125,2006-05-13,3,1,5,1,6,31516,527
2006126,2006-05-14,2,3,8,9,4,23894,528
2006127,2006-05-15,1,0,3,4,9,10349,529
2006128,2006-05-16,6,4,0,0,3,64003,530
2006129,2006-05-17,9,2,9,4,1,92941,531
2006130,2006-05-18,8,0,8,0,7,80807,532
2006131,2006-05-19,1,6,5,2,6,16526,533
2006132,2006-05-20,0,9,3,8,2,09382,534
2006133,2006-05-21,9,8,9,7,1,98971,535
2006134,2006-05-22,0,7,3,3,5,07335,536
2006135,2006-05-23,7,4,5,5,0,74550,537
2006136,2006-05-24,3,9,1,0,1,39101,538
2006137,2006-05-25,7,3,3,7,7,73377,539
2006138,2006-05-26,0,8,7,0,3,08703,540
2006139,2006-05-27,1,7,2,0,6,17206,541
2006140,2006-05-28,8,3,0,2,3,83023,542
2006141,2006-05-29,9,7,4,6,7,97467,543
2006142,2006-05-30,2,6,6,2,9,26629,544
2006143,2006-05-31,1,0,4,2,3,10423,545
2006144,2006-06-01,1,5,1,5,1,15151,546
2006145,2006-06-02,5,8,8,7,1,58871,547
2006146,2006-06-03,8,3,4,3,8,83438,548
2006147,2006-06-04,7,3,3,6,3,73363,549
2006148,2006-06-05,7,6,0,1,8,76018,550
2006149,2006-06-06,0,1,9,2,8,01928,551
2006150,2006-06-07,0,4,9,5,5,04955,552
2006151,2006-06-08,1,8,1,7,7,18177,553
2006152,2006-06-09,8,1,4,5,6,81456,554
2006153,2006-06-10,9,5,0,9,3,95093,555
2006154,2006-06-11,9,4,8,7,5,94875,556
2006155,2006-06-12,7,5,9,2,2,75922,557
2006156,2006-06-13,6,7,8,2,9,67829,558
2006157,2006-06-14,0,3,8,4,4,03844,559
2006158,2006-06-15,6,2,3,2,5,62325,560
2006159,2006-06-16,5,3,9,2,9,53929,561
2006160,2006-06-17,9,8,6,8,5,98685,562
2006161,2006-06-18,9,7,6,8,9,97689,563
2006162,2006-06-19,2,4,2,7,3,24273,564
2006163,2006-06-20,9,9,4,7,0,99470,565
2006164,2006-06-21,5,3,4,8,8,53488,566
2006165,2006-06-22,3,9,7,1,0,39710,567
2006166,2006-06-23,3,7,3,6,2,37362,568
2006167,2006-06-24,9,6,4,1,0,96410,569
2006168,2006-06-25,2,1,1,7,7,21177,570
2006169,2006-06-26,7,9,4,3,9,79439,571
2006170,2006-06-27,3,0,5,6,3,30563,572
2006171,2006-06-28,2,4,6,9,7,24697,573
2006172,2006-06-29,6,8,7,6,6,68766,574
2006173,2006-06-30,0,1,9,3,7,01937,575
2006174,2006-07-01,4,5,4,4,5,45445,576
2006175,2006-07-02,0,0,1,5,9,00159,577
2006176,2006-07-03,7,7,2,4,0,77240,578
2006177,2006-07-04,9,4,5,8,5,94585,579
2006178,2006-07-05,4,6,5,9,2,46592,580
2006179,2006-07-06,4,9,9,0,1,49901,581
2006180,2006-07-07,5,9,3,6,7,59367,582
2006181,2006-07-08,9,5,9,0,4,95904,583
2006182,2006-07-09,2,1,7,0,4,21704,584
2006183,2006-07-10,4,6,5,5,7,46557,585
2006184,2006-07-11,3,4,0,1,2,34012,586
2006185,2006-07-12,7,0,0,6,8,70068,587
2006186,2006-07-13,4,6,9,5,9,46959,588
2006187,2006-07-14,7,1,3,7,4,71374,589
2006188,2006-07-15,9,9,5,0,1,99501,590
2006189,2006-07-16,3,3,4,6,8,33468,591
2006190,2006-07-17,4,1,9,4,2,41942,592
2006191,2006-07-18,2,9,3,9,5,29395,593
2006192,2006-07-19,3,0,0,7,8,30078,594
2006193,2006-07-20,7,4,8,3,8,74838,595
2006194,2006-07-21,1,1,6,9,2,11692,596
2006195,2006-07-22,9,1,8,6,5,91865,597
2006196,2006-07-23,8,4,8,5,3,84853,598
2006197,2006-07-24,9,4,9,8,3,94983,599
2006198,2006-07-25,1,6,5,5,5,16555,600
2006199,2006-07-26,0,2,9,0,5,02905,601
2006200,2006-07-27,9,2,8,6,5,92865,602
2006201,2006-07-28,7,2,4,9,1,72491,603
2006202,2006-07-29,8,9,1,8,2,89182,604
2006203,2006-07-30,4,5,1,9,5,45195,605
2006204,2006-07-31,8,7,2,0,4,87204,606
2006205,2006-08-01,4,8,1,0,4,48104,607
2006206,2006-08-02,4,7,1,1,3,47113,608
2006207,2006-08-03,9,3,7,4,9,93749,609
2006208,2006-08-04,3,6,8,3,4,36834,610
2006209,2006-08-05,5,6,2,4,9,56249,611
2006210,2006-08-06,2,5,7,3,3,25733,612
2006211,2006-08-07,5,5,2,6,5,55265,613
2006212,2006-08-08,9,3,4,8,8,93488,614
2006213,2006-08-09,4,2,1,6,1,42161,615
2006214,2006-08-10,3,4,0,3,2,34032,616
2006215,2006-08-11,5,2,7,5,4,52754,617
2006216,2006-08-12,8,3,6,1,8,83618,618
2006217,2006-08-13,3,5,3,2,0,35320,619
2006218,2006-08-14,7,2,1,5,0,72150,620
2006219,2006-08-15,5,5,4,3,7,55437,621
2006220,2006-08-16,5,4,6,4,2,54642,622
2006221,2006-08-17,7,5,1,6,3,75163,623
2006222,2006-08-18,2,5,5,9,2,25592,624
2006223,2006-08-19,7,6,0,1,3,76013,625
2006224,2006-08-20,7,0,8,5,7,70857,626
2006225,2006-08-21,8,9,3,0,1,89301,627
2006226,2006-08-22,6,0,8,6,2,60862,628
2006227,2006-08-23,6,3,3,9,6,63396,629
2006228,2006-08-24,6,1,2,2,7,61227,630
2006229,2006-08-25,2,6,6,5,5,26655,631
2006230,2006-08-26,2,6,7,4,0,26740,632
2006231,2006-08-27,0,6,8,4,3,06843,633
2006232,2006-08-28,1,6,2,6,2,16262,634
2006233,2006-08-29,7,1,4,4,7,71447,635
2006234,2006-08-30,4,5,7,8,5,45785,636
2006235,2006-08-31,7,3,2,2,2,73222,637
2006236,2006-09-01,1,6,9,2,2,16922,638
2006237,2006-09-02,7,9,3,8,3,79383,639
2006238,2006-09-03,1,6,6,2,2,16622,640
2006239,2006-09-04,5,3,6,1,1,53611,641
2006240,2006-09-05,2,2,8,0,8,22808,642
2006241,2006-09-06,4,3,2,8,0,43280,643
2006242,2006-09-07,7,8,9,8,0,78980,644
2006243,2006-09-08,4,9,8,8,1,49881,645
2006244,2006-09-09,2,2,2,4,8,22248,646
2006245,2006-09-10,0,8,0,7,9,08079,647
2006246,2006-09-11,9,8,9,3,2,98932,648
2006247,2006-09-12,5,2,8,2,1,52821,649
2006248,2006-09-13,8,9,5,2,6,89526,650
2006249,2006-09-14,1,6,6,5,0,16650,651
2006250,2006-09-15,9,5,9,3,1,95931,652
2006251,2006-09-16,6,5,6,5,2,65652,653
2006252,2006-09-17,1,1,5,4,7,11547,654
2006253,2006-09-18,9,7,8,5,5,97855,655
2006254,2006-09-19,2,9,3,1,8,29318,656
2006255,2006-09-20,4,7,9,1,4,47914,657
2006256,2006-09-21,9,9,8,6,3,99863,658
2006257,2006-09-22,5,0,8,1,5,50815,659
2006258,2006-09-23,8,6,0,6,6,86066,660
2006259,2006-09-24,6,2,8,9,9,62899,661
2006260,2006-09-25,6,5,9,7,9,65979,662
2006261,2006-09-26,7,3,5,9,6,73596,663
2006262,2006-09-27,9,1,7,2,6,91726,664
2006263,2006-09-28,8,8,6,3,9,88639,665
2006264,2006-09-29,6,5,6,3,6,65636,666
2006265,2006-09-30,2,2,8,8,7,22887,667
2006266,2006-10-01,2,7,2,8,7,27287,668
2006267,2006-10-02,2,6,5,9,1,26591,669
2006268,2006-10-03,6,3,8,4,4,63844,670
2006269,2006-10-04,0,1,0,9,1,01091,671
2006270,2006-10-05,3,1,7,4,8,31748,672
2006271,2006-10-06,9,4,4,1,4,94414,673
2006272,2006-10-07,5,1,7,3,8,51738,674
2006273,2006-10-08,3,7,3,7,7,37377,675
2006274,2006-10-09,9,0,8,9,0,90890,676
2006275,2006-10-10,7,7,2,8,9,77289,677
2006276,2006-10-11,1,1,0,7,5,11075,678
2006277,2006-10-12,9,0,7,9,3,90793,679
2006278,2006-10-13,2,1,6,8,8,21688,680
2006279,2006-10-14,9,5,1,1,7,95117,681
2006280,2006-10-15,8,0,8,8,7,80887,682
2006281,2006-10-16,2,6,3,8,1,26381,683
2006282,2006-10-17,4,3,3,3,9,43339,684
2006283,2006-10-18,0,2,3,3,9,02339,685
2006284,2006-10-19,2,7,9,1,5,27915,686
2006285,2006-10-20,8,5,7,4,3,85743,687
2006286,2006-10-21,5,6,4,6,0,56460,688
2006287,2006-10-22,4,4,7,7,7,44777,689
2006288,2006-10-23,1,4,5,3,5,14535,690
2006289,2006-10-24,7,8,1,4,0,78140,691
2006290,2006-10-25,2,0,8,1,3,20813,692
2006291,2006-10-26,4,3,9,7,5,43975,693
2006292,2006-10-27,3,3,8,4,4,33844,694
2006293,2006-10-28,0,6,0,9,6,06096,695
2006294,2006-10-29,4,3,7,2,6,43726,696
2006295,2006-10-30,3,3,1,6,7,33167,697
2006296,2006-10-31,6,0,9,6,6,60966,698
2006297,2006-11-01,6,0,0,0,7,60007,699
2006298,2006-11-02,9,7,2,0,7,97207,700
2006299,2006-11-03,9,5,6,3,3,95633,701
2006300,2006-11-04,2,1,4,4,5,21445,702
2006301,2006-11-05,1,9,9,8,1,19981,703
2006302,2006-11-06,6,3,5,5,3,63553,704
2006303,2006-11-07,7,7,2,4,3,77243,705
2006304,2006-11-08,9,9,1,0,2,99102,706
2006305,2006-11-09,2,5,9,1,9,25919,707
2006306,2006-11-10,6,6,1,7,0,66170,708
2006307,2006-11-11,2,7,8,5,7,27857,709
2006308,2006-11-12,8,7,1,0,3,87103,710
2006309,2006-11-13,8,3,4,6,9,83469,711
2006310,2006-11-14,9,9,9,2,7,99927,712
2006311,2006-11-15,3,0,5,7,7,30577,713
2006312,2006-11-16,3,1,0,1,8,31018,714
2006313,2006-11-17,8,3,0,1,9,83019,715
2006314,2006-11-18,7,2,4,2,3,72423,716
2006315,2006-11-19,0,4,1,7,9,04179,717
2006316,2006-11-20,1,3,3,6,4,13364,718
2006317,2006-11-21,8,4,5,2,6,84526,719
2006318,2006-11-22,6,1,9,8,6,61986,720
2006319,2006-11-23,6,5,5,6,8,65568,721
2006320,2006-11-24,3,4,9,9,2,34992,722
2006321,2006-11-25,4,6,8,3,2,46832,723
2006322,2006-11-26,6,6,4,6,9,66469,724
2006323,2006-11-27,7,3,6,6,5,73665,725
2006324,2006-11-28,8,1,5,6,6,81566,726
2006325,2006-11-29,1,4,3,5,1,14351,727
2006326,2006-11-30,9,7,7,9,8,97798,728
2006327,2006-12-01,3,7,5,1,9,37519,729
2006328,2006-12-02,1,6,9,3,6,16936,730
2006329,2006-12-03,8,9,6,6,1,89661,731
2006330,2006-12-04,7,7,4,4,2,77442,732
2006331,2006-12-05,0,9,0,7,7,09077,733
2006332,2006-12-06,0,2,0,4,8,02048,734
2006333,2006-12-07,7,6,7,0,4,76704,735
2006334,2006-12-08,8,9,3,3,1,89331,736
2006335,2006-12-09,6,5,9,7,0,65970,737
2006336,2006-12-10,4,5,6,1,0,45610,738
2006337,2006-12-11,1,2,6,4,0,12640,739
2006338,2006-12-12,9,4,0,2,1,94021,740
2006339,2006-12-13,0,6,3,7,2,06372,741
2006340,2006-12-14,5,3,1,3,7,53137,742
2006341,2006-12-15,6,6,4,3,0,66430,743
2006342,2006-12-16,7,4,6,3,2,74632,744
2006343,2006-12-17,1,8,3,3,8,18338,745
2006344,2006-12-18,7,1,2,0,5,71205,746
2006345,2006-12-19,0,3,0,9,8,03098,747
2006346,2006-12-20,5,6,6,3,4,56634,748
2006347,2006-12-21,1,8,4,6,3,18463,749
2006348,2006-12-22,1,1,4,0,9,11409,750
2006349,2006-12-23,7,3,5,8,2,73582,751
2006350,2006-12-24,6,9,8,1,8,69818,752
2006351,2006-12-25,1,1,7,0,8,11708,753
2006352,2006-12-26,6,9,1,3,4,69134,754
2006353,2006-12-27,5,1,3,9,6,51396,755
2006354,2006-12-28,3,3,4,1,2,33412,756
2006355,2006-12-29,9,1,4,3,0,91430,757
2006356,2006-12-30,6,7,8,1,9,67819,758
2006357,2006-12-31,5,8,4,8,2,58482,759
2007001,2007-01-01,0,3,8,2,3,03823,760
2007002,2007-01-02,0,6,0,7,1,06071,761
2007003,2007-01-03,8,3,9,1,6,83916,762
2007004,2007-01-04,1,6,3,0,5,16305,763
2007005,2007-01-05,0,9,1,4,7,09147,764
2007006,2007-01-06,8,3,5,3,7,83537,765
2007007,2007-01-07,5,4,1,2,6,54126,766
2007008,2007-01-08,4,1,6,1,3,41613,767
2007009,2007-01-09,2,9,2,8,0,29280,768
2007010,2007-01-10,4,5,3,2,3,45323,769
2007011,2007-01-11,2,6,1,1,6,26116,770
2007012,2007-01-12,4,0,5,3,6,40536,771
2007013,2007-01-13,2,5,2,9,4,25294,772
2007014,2007-01-14,0,4,7,4,5,04745,773
2007015,2007-01-15,9,7,7,0,3,97703,774
2007016,2007-01-16,8,7,8,7,3,87873,775
2007017,2007-01-17,4,8,5,7,9,48579,776
2007018,2007-01-18,2,0,4,2,6,20426,777
2007019,2007-01-19,2,1,9,3,0,21930,778
2007020,2007-01-20,1,5,1,5,5,15155,779
2007021,2007-01-21,7,5,7,4,9,75749,780
2007022,2007-01-22,8,9,6,4,0,89640,781
2007023,2007-01-23,7,1,6,6,0,71660,782
2007024,2007-01-24,9,5,5,5,6,95556,783
2007025,2007-01-25,3,1,9,3,6,31936,784
2007026,2007-01-26,2,6,0,9,4,26094,785
2007027,2007-01-27,3,4,9,2,4,34924,786
2007028,2007-01-28,1,1,9,6,9,11969,787
2007029,2007-01-29,3,9,9,7,9,39979,788
2007030,2007-01-30,2,8,1,4,4,28144,789
2007031,2007-01-31,7,0,4,0,6,70406,790
2007032,2007-02-01,9,6,1,8,0,96180,791
2007033,2007-02-02,8,7,5,3,3,87533,792
2007034,2007-02-03,4,9,4,1,9,49419,793
2007035,2007-02-04,7,6,4,2,7,76427,794
2007036,2007-02-05,0,3,2,7,2,03272,795
2007037,2007-02-06,5,0,7,6,3,50763,796
2007038,2007-02-07,2,0,3,5,6,20356,797
2007039,2007-02-08,0,2,5,2,1,02521,798
2007040,2007-02-09,9,4,8,2,5,94825,799
2007041,2007-02-10,3,3,5,1,6,33516,800
2007042,2007-02-11,1,9,9,9,4,19994,801
2007043,2007-02-12,9,4,7,1,5,94715,802
2007044,2007-02-13,9,8,8,5,9,98859,803
2007045,2007-02-14,0,0,0,2,6,00026,804
2007046,2007-02-15,5,6,4,7,0,56470,805
2007047,2007-02-16,3,7,7,5,8,37758,806
2007048,2007-02-25,5,7,2,4,0,57240,807
2007049,2007-02-26,7,6,0,3,9,76039,808
2007050,2007-02-27,1,6,3,4,2,16342,809
2007051,2007-02-28,2,6,5,0,9,26509,810
2007052,2007-03-01,7,3,3,2,9,73329,811
2007053,2007-03-02,8,0,2,8,5,80285,812
2007054,2007-03-03,8,4,7,5,1,84751,813
2007055,2007-03-04,0,1,7,2,5,01725,814
2007056,2007-03-05,2,7,8,6,3,27863,815
2007057,2007-03-06,9,5,5,9,2,95592,816
2007058,2007-03-07,8,8,7,3,5,88735,817
2007059,2007-03-08,5,2,8,4,8,52848,818
2007060,2007-03-09,3,6,8,7,3,36873,819
2007061,2007-03-10,7,8,7,2,4,78724,820
2007062,2007-03-11,3,2,7,6,0,32760,821
2007063,2007-03-12,3,6,5,3,5,36535,822
2007064,2007-03-13,3,3,0,1,8,33018,823
2007065,2007-03-14,2,6,8,6,3,26863,824
2007066,2007-03-15,6,8,3,8,9,68389,825
2007067,2007-03-16,4,9,9,1,9,49919,826
2007068,2007-03-17,1,0,3,3,6,10336,827
2007069,2007-03-18,5,3,1,7,3,53173,828
2007070,2007-03-19,4,4,1,2,2,44122,829
2007071,2007-03-20,9,8,4,9,5,98495,830
2007072,2007-03-21,0,1,0,0,1,01001,831
2007073,2007-03-22,5,6,4,6,4,56464,832
2007074,2007-03-23,9,0,6,4,5,90645,833
2007075,2007-03-24,5,1,5,7,8,51578,834
2007076,2007-03-25,3,1,6,8,1,31681,835
2007077,2007-03-26,7,6,1,8,3,76183,836
2007078,2007-03-27,7,3,7,8,3,73783,837
2007079,2007-03-28,1,9,5,7,3,19573,838
2007080,2007-03-29,8,5,6,9,2,85692,839
2007081,2007-03-30,4,9,1,0,6,49106,840
2007082,2007-03-31,0,4,4,9,7,04497,841
2007083,2007-04-01,9,0,3,9,9,90399,842
2007084,2007-04-02,0,2,0,5,3,02053,843
2007085,2007-04-03,8,7,8,5,0,87850,844
2007086,2007-04-04,0,2,8,2,8,02828,845
2007087,2007-04-05,7,3,8,4,0,73840,846
2007088,2007-04-06,8,9,4,1,8,89418,847
2007089,2007-04-07,5,7,7,7,2,57772,848
2007090,2007-04-08,6,2,4,5,8,62458,849
2007091,2007-04-09,1,7,0,0,1,17001,850
2007092,2007-04-10,4,1,7,2,3,41723,851
2007093,2007-04-11,9,7,1,3,6,97136,852
2007094,2007-04-12,0,5,1,8,3,05183,853
2007095,2007-04-13,9,3,7,0,3,93703,854
2007096,2007-04-14,9,6,7,9,9,96799,855
2007097,2007-04-15,5,3,2,1,3,53213,856
2007098,2007-04-16,6,7,9,2,8,67928,857
2007099,2007-04-17,4,0,5,1,7,40517,858
2007100,2007-04-18,9,4,1,2,8,94128,859
2007101,2007-04-19,3,4,9,6,8,34968,860
2007102,2007-04-20,4,8,5,2,9,48529,861
2007103,2007-04-21,4,4,1,1,7,44117,862
2007104,2007-04-22,7,5,4,8,7,75487,863
2007105,2007-04-23,9,9,9,4,2,99942,864
2007106,2007-04-24,8,4,5,6,0,84560,865
2007107,2007-04-25,6,9,1,5,5,69155,866
2007108,2007-04-26,4,9,7,9,9,49799,867
2007109,2007-04-27,3,9,5,2,0,39520,868
2007110,2007-04-28,7,8,6,3,4,78634,869
2007111,2007-04-29,7,6,2,7,0,76270,870
2007112,2007-04-30,7,3,4,7,0,73470,871
2007113,2007-05-01,1,8,3,1,0,18310,872
2007114,2007-05-02,7,8,6,8,3,78683,873
2007115,2007-05-03,1,6,7,4,6,16746,874
2007116,2007-05-04,2,7,2,6,7,27267,875
2007117,2007-05-05,3,7,8,7,1,37871,876
2007118,2007-05-06,9,7,1,0,8,97108,877
2007119,2007-05-07,9,6,7,7,2,96772,878
2007120,2007-05-08,5,3,4,1,4,53414,879
2007121,2007-05-09,0,0,6,6,0,00660,880
2007122,2007-05-10,5,2,0,1,3,52013,881
2007123,2007-05-11,5,2,5,2,3,52523,882
2007124,2007-05-12,7,7,9,0,2,77902,883
2007125,2007-05-13,1,6,3,4,5,16345,884
2007126,2007-05-14,0,7,5,9,8,07598,885
2007127,2007-05-15,9,0,9,8,8,90988,886
2007128,2007-05-16,6,9,9,9,5,69995,887
2007129,2007-05-17,9,4,5,8,8,94588,888
2007130,2007-05-18,1,1,1,5,8,11158,889
2007131,2007-05-19,5,7,5,2,5,57525,890
2007132,2007-05-20,6,8,4,4,3,68443,891
2007133,2007-05-21,8,3,9,6,8,83968,892
2007134,2007-05-22,0,9,7,1,2,09712,893
2007135,2007-05-23,5,9,5,5,3,59553,894
2007136,2007-05-24,8,5,8,2,7,85827,895
2007137,2007-05-25,9,6,4,6,6,96466,896
2007138,2007-05-26,0,4,7,3,5,04735,897
2007139,2007-05-27,3,2,8,9,7,32897,898
2007140,2007-05-28,0,3,6,0,2,03602,899
2007141,2007-05-29,8,8,4,0,6,88406,900
2007142,2007-05-30,6,6,9,9,2,66992,901
2007143,2007-05-31,1,3,9,2,8,13928,902
2007144,2007-06-01,9,1,2,4,3,91243,903
2007145,2007-06-02,0,6,0,1,8,06018,904
2007146,2007-06-03,9,1,0,2,4,91024,905
2007147,2007-06-04,9,7,6,2,3,97623,906
2007148,2007-06-05,2,4,6,2,1,24621,907
2007149,2007-06-06,3,7,8,4,4,37844,908
2007150,2007-06-07,8,7,3,0,3,87303,909
2007151,2007-06-08,6,7,6,5,1,67651,910
2007152,2007-06-09,9,5,1,1,7,95117,911
2007153,2007-06-10,1,8,1,3,4,18134,912
2007154,2007-06-11,8,5,1,2,6,85126,913
2007155,2007-06-12,6,8,2,5,9,68259,914
2007156,2007-06-13,7,7,5,7,7,77577,915
2007157,2007-06-14,0,0,0,2,5,00025,916
2007158,2007-06-15,8,9,1,7,2,89172,917
2007159,2007-06-16,5,3,9,1,4,53914,918
2007160,2007-06-17,8,7,8,6,5,87865,919
2007161,2007-06-18,5,6,7,6,1,56761,920
2007162,2007-06-19,5,5,4,3,1,55431,921
2007163,2007-06-20,6,5,8,0,7,65807,922
2007164,2007-06-21,7,3,8,0,5,73805,923
2007165,2007-06-22,9,4,6,7,0,94670,924
2007166,2007-06-23,7,9,5,8,6,79586,925
2007167,2007-06-24,8,0,0,7,7,80077,926
2007168,2007-06-25,0,6,4,5,4,06454,927
2007169,2007-06-26,3,3,8,7,3,33873,928
2007170,2007-06-27,2,0,0,8,6,20086,929
2007171,2007-06-28,8,9,0,8,0,89080,930
2007172,2007-06-29,5,1,7,6,1,51761,931
2007173,2007-06-30,9,8,1,7,5,98175,932
2007174,2007-07-01,3,8,4,6,4,38464,933
2007175,2007-07-02,4,4,6,8,0,44680,934
2007176,2007-07-03,1,7,4,2,2,17422,935
2007177,2007-07-04,7,2,6,6,0,72660,936
2007178,2007-07-05,4,9,1,6,1,49161,937
2007179,2007-07-06,8,2,5,1,7,82517,938
2007180,2007-07-07,6,8,0,5,8,68058,939
2007181,2007-07-08,8,4,9,2,4,84924,940
2007182,2007-07-09,6,0,4,4,5,60445,941
2007183,2007-07-10,9,0,3,5,8,90358,942
2007184,2007-07-11,5,7,4,5,6,57456,943
2007185,2007-07-12,5,8,1,4,5,58145,944
2007186,2007-07-13,0,0,0,1,6,00016,945
2007187,2007-07-14,8,6,7,8,7,86787,946
2007188,2007-07-15,5,8,9,5,7,58957,947
2007189,2007-07-16,1,8,4,2,5,18425,948
2007190,2007-07-17,6,1,6,1,2,61612,949
2007191,2007-07-18,9,5,9,5,2,95952,950
2007192,2007-07-19,1,0,6,2,7,10627,951
2007193,2007-07-20,9,5,1,0,5,95105,952
2007194,2007-07-21,1,4,1,2,4,14124,953
2007195,2007-07-22,5,6,6,0,8,56608,954
2007196,2007-07-23,5,6,5,0,6,56506,955
2007197,2007-07-24,7,1,3,2,8,71328,956
2007198,2007-07-25,2,8,2,6,8,28268,957
2007199,2007-07-26,4,4,9,0,7,44907,958
2007200,2007-07-27,7,6,6,3,3,76633,959
2007201,2007-07-28,0,8,5,2,2,08522,960
2007202,2007-07-29,8,6,8,5,7,86857,961
2007203,2007-07-30,1,3,1,9,1,13191,962
2007204,2007-07-31,9,8,1,7,7,98177,963
2007205,2007-08-01,5,3,3,2,2,53322,964
2007206,2007-08-02,5,1,8,2,0,51820,965
2007207,2007-08-03,9,2,3,6,5,92365,966
2007208,2007-08-04,6,4,3,8,4,64384,967
2007209,2007-08-05,3,8,9,1,5,38915,968
2007210,2007-08-06,0,6,1,7,6,06176,969
2007211,2007-08-07,1,8,8,9,1,18891,970
2007212,2007-08-08,2,4,4,8,7,24487,971
2007213,2007-08-09,8,9,9,3,1,89931,972
2007214,2007-08-10,9,4,4,9,5,94495,973
2007215,2007-08-11,8,8,4,2,7,88427,974
2007216,2007-08-12,1,7,6,2,6,17626,975
2007217,2007-08-13,5,0,3,7,9,50379,976
2007218,2007-08-14,3,9,7,4,8,39748,977
2007219,2007-08-15,5,6,9,1,7,56917,978
2007220,2007-08-16,4,7,9,3,3,47933,979
2007221,2007-08-17,2,1,1,0,6,21106,980
2007222,2007-08-18,7,1,2,7,3,71273,981
2007223,2007-08-19,4,2,7,3,7,42737,982
2007224,2007-08-20,4,3,6,0,4,43604,983
2007225,2007-08-21,8,0,1,4,5,80145,984
2007226,2007-08-22,2,5,9,4,3,25943,985
2007227,2007-08-23,2,0,1,7,5,20175,986
2007228,2007-08-24,2,9,1,2,5,29125,987
2007229,2007-08-25,0,2,2,6,2,02262,988
2007230,2007-08-26,9,4,7,5,1,94751,989
2007231,2007-08-27,1,3,9,6,0,13960,990
2007232,2007-08-28,8,3,3,6,7,83367,991
2007233,2007-08-29,8,3,2,9,2,83292,992
2007234,2007-08-30,6,3,8,6,7,63867,993
2007235,2007-08-31,8,9,3,9,6,89396,994
2007236,2007-09-01,6,8,9,2,5,68925,995
2007237,2007-09-02,4,3,8,9,1,43891,996
2007238,2007-09-03,0,7,8,5,8,07858,997
2007239,2007-09-04,8,4,6,2,8,84628,998
2007240,2007-09-05,4,6,1,9,5,46195,999
2007241,2007-09-06,5,3,2,1,1,53211,1000
2007242,2007-09-07,8,2,0,9,1,82091,1001
2007243,2007-09-08,7,1,9,0,3,71903,1002
2007244,2007-09-09,3,3,3,6,8,33368,1003
2007245,2007-09-10,9,4,6,2,4,94624,1004
2007246,2007-09-11,2,5,2,6,6,25266,1005
2007247,2007-09-12,8,5,4,8,2,85482,1006
2007248,2007-09-13,2,5,1,5,1,25151,1007
2007249,2007-09-14,0,5,1,8,4,05184,1008
2007250,2007-09-15,0,2,8,0,6,02806,1009
2007251,2007-09-16,6,0,2,5,9,60259,1010
2007252,2007-09-17,0,2,9,4,3,02943,1011
2007253,2007-09-18,5,3,3,8,2,53382,1012
2007254,2007-09-19,6,3,0,1,7,63017,1013
2007255,2007-09-20,4,8,8,5,1,48851,1014
2007256,2007-09-21,2,2,1,2,2,22122,1015
2007257,2007-09-22,1,4,4,3,1,14431,1016
2007258,2007-09-23,5,4,3,3,2,54332,1017
2007259,2007-09-24,1,5,4,6,5,15465,1018
2007260,2007-09-25,9,7,9,0,6,97906,1019
2007261,2007-09-26,9,1,2,4,3,91243,1020
2007262,2007-09-27,0,4,9,4,1,04941,1021
2007263,2007-09-28,2,3,1,4,8,23148,1022
2007264,2007-09-29,7,9,6,7,5,79675,1023
2007265,2007-09-30,2,3,2,4,5,23245,1024
2007266,2007-10-01,8,0,6,3,1,80631,1025
2007267,2007-10-02,5,9,8,7,1,59871,1026
2007268,2007-10-03,6,3,9,2,2,63922,1027
2007269,2007-10-04,8,3,3,0,3,83303,1028
2007270,2007-10-05,8,5,2,9,9,85299,1029
2007271,2007-10-06,2,9,5,1,9,29519,1030
2007272,2007-10-07,7,9,2,9,2,79292,1031
2007273,2007-10-08,8,5,4,4,3,85443,1032
2007274,2007-10-09,4,3,5,9,6,43596,1033
2007275,2007-10-10,3,6,1,7,5,36175,1034
2007276,2007-10-11,4,9,4,8,1,49481,1035
2007277,2007-10-12,2,5,4,0,6,25406,1036
2007278,2007-10-13,5,6,3,8,9,56389,1037
2007279,2007-10-14,8,9,6,1,1,89611,1038
2007280,2007-10-15,8,6,4,4,0,86440,1039
2007281,2007-10-16,4,0,3,6,4,40364,1040
2007282,2007-10-17,9,0,4,5,8,90458,1041
2007283,2007-10-18,2,1,0,9,2,21092,1042
2007284,2007-10-19,7,5,9,6,3,75963,1043
2007285,2007-10-20,4,0,7,6,5,40765,1044
2007286,2007-10-21,6,1,9,4,8,61948,1045
2007287,2007-10-22,3,7,4,0,2,37402,1046
2007288,2007-10-23,9,2,7,4,7,92747,1047
2007289,2007-10-24,7,9,4,1,6,79416,1048
2007290,2007-10-25,4,5,3,8,5,45385,1049
2007291,2007-10-26,4,4,1,7,4,44174,1050
2007292,2007-10-27,5,6,9,4,4,56944,1051
2007293,2007-10-28,4,7,4,2,5,47425,1052
2007294,2007-10-29,5,6,3,9,3,56393,1053
2007295,2007-10-30,3,1,1,9,2,31192,1054
2007296,2007-10-31,9,4,5,8,0,94580,1055
2007297,2007-11-01,9,7,1,9,6,97196,1056
2007298,2007-11-02,2,6,8,6,6,26866,1057
2007299,2007-11-03,4,9,4,6,7,49467,1058
2007300,2007-11-04,3,5,7,5,2,35752,1059
2007301,2007-11-05,8,2,4,4,1,82441,1060
2007302,2007-11-06,4,9,1,0,2,49102,1061
2007303,2007-11-07,9,8,0,6,5,98065,1062
2007304,2007-11-08,4,0,2,4,2,40242,1063
2007305,2007-11-09,7,9,8,6,9,79869,1064
2007306,2007-11-10,0,5,3,2,1,05321,1065
2007307,2007-11-11,6,1,0,8,2,61082,1066
2007308,2007-11-12,0,8,7,8,0,08780,1067
2007309,2007-11-13,8,8,4,8,3,88483,1068
2007310,2007-11-14,7,5,9,3,4,75934,1069
2007311,2007-11-15,3,4,7,1,4,34714,1070
2007312,2007-11-16,0,5,3,5,3,05353,1071
2007313,2007-11-17,6,3,3,9,5,63395,1072
2007314,2007-11-18,1,7,4,7,5,17475,1073
2007315,2007-11-19,2,0,1,5,1,20151,1074
2007316,2007-11-20,6,0,7,2,6,60726,1075
2007317,2007-11-21,7,8,7,2,7,78727,1076
2007318,2007-11-22,0,9,1,4,7,09147,1077
2007319,2007-11-23,0,5,3,9,1,05391,1078
2007320,2007-11-24,7,9,4,6,0,79460,1079
2007321,2007-11-25,8,5,8,9,1,85891,1080
2007322,2007-11-26,8,8,3,0,2,88302,1081
2007323,2007-11-27,6,9,4,1,5,69415,1082
2007324,2007-11-28,0,5,1,1,2,05112,1083
2007325,2007-11-29,8,1,9,3,0,81930,1084
2007326,2007-11-30,5,6,6,6,3,56663,1085
2007327,2007-12-01,4,3,8,1,4,43814,1086
2007328,2007-12-02,9,4,0,4,5,94045,1087
2007329,2007-12-03,2,7,3,7,1,27371,1088
2007330,2007-12-04,0,1,5,0,8,01508,1089
2007331,2007-12-05,1,5,3,1,8,15318,1090
2007332,2007-12-06,6,6,4,7,0,66470,1091
2007333,2007-12-07,9,1,4,1,1,91411,1092
2007334,2007-12-08,7,7,3,8,6,77386,1093
2007335,2007-12-09,5,2,3,0,3,52303,1094
2007336,2007-12-10,7,7,4,2,7,77427,1095
2007337,2007-12-11,2,7,6,2,6,27626,1096
2007338,2007-12-12,5,8,5,4,4,58544,1097
2007339,2007-12-13,0,4,8,9,2,04892,1098
2007340,2007-12-14,4,1,6,8,4,41684,1099
2007341,2007-12-15,0,3,2,3,0,03230,1100
2007342,2007-12-16,0,6,8,0,0,06800,1101
2007343,2007-12-17,4,9,2,2,4,49224,1102
2007344,2007-12-18,7,5,7,6,5,75765,1103
2007345,2007-12-19,5,9,6,7,5,59675,1104
2007346,2007-12-20,0,8,0,4,9,08049,1105
2007347,2007-12-21,3,1,0,1,2,31012,1106
2007348,2007-12-22,4,1,8,5,9,41859,1107
2007349,2007-12-23,4,7,7,3,9,47739,1108
2007350,2007-12-24,1,6,4,6,4,16464,1109
2007351,2007-12-25,0,2,8,1,6,02816,1110
2007352,2007-12-26,1,4,7,5,6,14756,1111
2007353,2007-12-27,0,0,5,1,3,00513,1112
2007354,2007-12-28,0,6,5,5,7,06557,1113
2007355,2007-12-29,6,3,4,6,4,63464,1114
2007356,2007-12-30,2,1,5,4,1,21541,1115
2007357,2007-12-31,3,1,7,4,6,31746,1116
2008001,2008-01-01,6,5,9,5,5,65955,1117
2008002,2008-01-02,8,7,0,1,0,87010,1118
2008003,2008-01-03,8,3,8,9,9,83899,1119
2008004,2008-01-04,3,5,9,1,8,35918,1120
2008005,2008-01-05,3,1,4,9,2,31492,1121
2008006,2008-01-06,2,8,2,1,6,28216,1122
2008007,2008-01-07,0,8,9,9,5,08995,1123
2008008,2008-01-08,8,0,3,0,7,80307,1124
2008009,2008-01-09,0,8,1,5,2,08152,1125
2008010,2008-01-10,2,8,4,4,6,28446,1126
2008011,2008-01-11,5,0,6,7,8,50678,1127
2008012,2008-01-12,6,3,0,7,5,63075,1128
2008013,2008-01-13,0,0,4,3,4,00434,1129
2008014,2008-01-14,1,6,3,7,1,16371,1130
2008015,2008-01-15,4,7,5,7,7,47577,1131
2008016,2008-01-16,7,8,9,4,5,78945,1132
2008017,2008-01-17,0,6,5,9,3,06593,1133
2008018,2008-01-18,1,5,5,4,0,15540,1134
2008019,2008-01-19,6,4,9,4,2,64942,1135
2008020,2008-01-20,7,8,6,0,9,78609,1136
2008021,2008-01-21,1,1,9,2,5,11925,1137
2008022,2008-01-22,6,5,4,3,4,65434,1138
2008023,2008-01-23,0,8,8,8,4,08884,1139
2008024,2008-01-24,0,1,2,5,9,01259,1140
2008025,2008-01-25,6,3,0,5,7,63057,1141
2008026,2008-01-26,8,0,6,0,5,80605,1142
2008027,2008-01-27,0,2,6,9,7,02697,1143
2008028,2008-01-28,9,9,0,4,6,99046,1144
2008029,2008-01-29,3,2,0,1,4,32014,1145
2008030,2008-01-30,3,1,4,0,0,31400,1146
2008031,2008-01-31,5,3,5,3,4,53534,1147
2008032,2008-02-01,8,2,7,3,8,82738,1148
2008033,2008-02-02,5,2,0,6,3,52063,1149
2008034,2008-02-03,8,3,5,7,6,83576,1150
2008035,2008-02-04,9,1,3,9,3,91393,1151
2008036,2008-02-05,5,4,1,9,5,54195,1152
2008037,2008-02-13,8,0,6,2,0,80620,1153
2008038,2008-02-14,6,5,3,3,8,65338,1154
2008039,2008-02-15,4,5,8,8,7,45887,1155
2008040,2008-02-16,8,0,4,4,7,80447,1156
2008041,2008-02-17,6,6,1,1,7,66117,1157
2008042,2008-02-18,6,1,2,9,9,61299,1158
2008043,2008-02-19,1,1,1,8,5,11185,1159
2008044,2008-02-20,1,2,1,4,0,12140,1160
2008045,2008-02-21,6,6,6,8,4,66684,1161
2008046,2008-02-22,8,0,5,7,2,80572,1162
2008047,2008-02-23,2,2,7,2,2,22722,1163
2008048,2008-02-24,8,0,5,6,6,80566,1164
2008049,2008-02-25,5,2,3,7,7,52377,1165
2008050,2008-02-26,3,3,2,5,7,33257,1166
2008051,2008-02-27,2,3,9,5,6,23956,1167
2008052,2008-02-28,2,8,0,1,1,28011,1168
2008053,2008-02-29,5,0,7,5,5,50755,1169
2008054,2008-03-01,9,3,2,6,5,93265,1170
2008055,2008-03-02,4,0,0,7,2,40072,1171
2008056,2008-03-03,6,7,1,6,5,67165,1172
2008057,2008-03-04,3,2,0,8,0,32080,1173
2008058,2008-03-05,6,7,7,6,3,67763,1174
2008059,2008-03-06,4,5,7,0,9,45709,1175
2008060,2008-03-07,6,3,6,1,6,63616,1176
2008061,2008-03-08,4,3,8,8,7,43887,1177
2008062,2008-03-09,4,1,3,4,2,41342,1178
2008063,2008-03-10,8,3,0,9,6,83096,1179
2008064,2008-03-11,6,4,8,5,3,64853,1180
2008065,2008-03-12,3,6,6,5,5,36655,1181
2008066,2008-03-13,1,9,5,8,9,19589,1182
2008067,2008-03-14,9,2,1,4,4,92144,1183
2008068,2008-03-15,5,4,2,5,6,54256,1184
2008069,2008-03-16,6,0,8,1,6,60816,1185
2008070,2008-03-17,7,3,8,1,2,73812,1186
2008071,2008-03-18,3,4,6,8,8,34688,1187
2008072,2008-03-19,5,0,2,9,9,50299,1188
2008073,2008-03-20,8,2,4,7,1,82471,1189
2008074,2008-03-21,3,8,1,0,7,38107,1190
2008075,2008-03-22,5,9,7,8,8,59788,1191
2008076,2008-03-23,8,2,6,4,3,82643,1192
2008077,2008-03-24,6,7,4,9,0,67490,1193
2008078,2008-03-25,6,1,9,5,8,61958,1194
2008079,2008-03-26,7,3,7,5,5,73755,1195
2008080,2008-03-27,8,5,3,6,4,85364,1196
2008081,2008-03-28,7,9,8,8,8,79888,1197
2008082,2008-03-29,4,6,7,4,5,46745,1198
2008083,2008-03-30,9,0,9,4,3,90943,1199
2008084,2008-03-31,3,9,7,6,9,39769,1200
2008085,2008-04-01,0,1,0,4,1,01041,1201
2008086,2008-04-02,3,9,1,9,5,39195,1202
2008087,2008-04-03,7,2,6,4,8,72648,1203
2008088,2008-04-04,4,5,6,4,7,45647,1204
2008089,2008-04-05,0,5,4,1,7,05417,1205
2008090,2008-04-06,3,1,8,6,0,31860,1206
2008091,2008-04-07,6,4,0,2,0,64020,1207
2008092,2008-04-08,9,8,3,4,5,98345,1208
2008093,2008-04-09,6,8,8,1,9,68819,1209
2008094,2008-04-10,5,9,9,9,2,59992,1210
2008095,2008-04-11,0,6,3,8,1,06381,1211
2008096,2008-04-12,4,7,0,3,3,47033,1212
2008097,2008-04-13,9,2,1,6,2,92162,1213
2008098,2008-04-14,5,6,7,6,3,56763,1214
2008099,2008-04-15,9,5,2,5,6,95256,1215
2008100,2008-04-16,7,5,7,5,1,75751,1216
2008101,2008-04-17,2,3,6,1,3,23613,1217
2008102,2008-04-18,5,1,1,7,0,51170,1218
2008103,2008-04-19,2,6,2,3,9,26239,1219
2008104,2008-04-20,1,1,5,4,9,11549,1220
2008105,2008-04-21,5,2,5,2,5,52525,1221
2008106,2008-04-22,0,9,0,5,9,09059,1222
2008107,2008-04-23,3,5,0,1,6,35016,1223
2008108,2008-04-24,5,6,2,2,2,56222,1224
2008109,2008-04-25,5,1,8,7,8,51878,1225
2008110,2008-04-26,3,9,3,3,4,39334,1226
2008111,2008-04-27,8,9,1,2,9,89129,1227
2008112,2008-04-28,4,7,6,8,3,47683,1228
2008113,2008-04-29,1,1,2,6,9,11269,1229
2008114,2008-04-30,2,4,6,5,1,24651,1230
2008115,2008-05-01,8,8,8,9,4,88894,1231
2008116,2008-05-02,6,9,5,9,1,69591,1232
2008117,2008-05-03,9,9,9,6,5,99965,1233
2008118,2008-05-04,1,7,7,6,5,17765,1234
2008119,2008-05-05,8,7,4,9,1,87491,1235
2008120,2008-05-06,7,5,4,6,1,75461,1236
2008121,2008-05-07,1,1,8,5,1,11851,1237
2008122,2008-05-08,3,1,3,9,1,31391,1238
2008123,2008-05-09,8,3,4,8,4,83484,1239
2008124,2008-05-10,1,0,9,0,8,10908,1240
2008125,2008-05-11,2,8,8,6,0,28860,1241
2008126,2008-05-12,2,9,4,2,1,29421,1242
2008127,2008-05-13,8,6,1,7,8,86178,1243
2008128,2008-05-14,4,9,5,1,2,49512,1244
2008129,2008-05-15,8,6,0,8,7,86087,1245
2008130,2008-05-16,8,0,8,0,0,80800,1246
2008131,2008-05-17,6,4,3,9,4,64394,1247
2008132,2008-05-18,2,5,4,0,3,25403,1248
2008133,2008-05-19,2,8,6,2,1,28621,1249
2008134,2008-05-20,5,4,2,9,1,54291,1250
2008135,2008-05-21,9,6,4,9,8,96498,1251
2008136,2008-05-22,4,6,7,2,9,46729,1252
2008137,2008-05-23,0,6,2,1,8,06218,1253
2008138,2008-05-24,8,4,1,3,5,84135,1254
2008139,2008-05-25,7,5,9,4,1,75941,1255
2008140,2008-05-26,4,1,4,6,2,41462,1256
2008141,2008-05-27,5,1,6,4,8,51648,1257
2008142,2008-05-28,6,7,2,4,5,67245,1258
2008143,2008-05-29,8,5,8,0,8,85808,1259
2008144,2008-05-30,1,8,6,3,1,18631,1260
2008145,2008-05-31,0,2,4,9,8,02498,1261
2008146,2008-06-01,1,4,2,5,1,14251,1262
2008147,2008-06-02,8,9,7,3,1,89731,1263
2008148,2008-06-03,2,9,4,1,1,29411,1264
2008149,2008-06-04,9,1,6,0,3,91603,1265
2008150,2008-06-05,5,8,4,8,5,58485,1266
2008151,2008-06-06,6,7,3,0,9,67309,1267
2008152,2008-06-07,8,2,4,9,4,82494,1268
2008153,2008-06-08,6,6,6,9,4,66694,1269
2008154,2008-06-09,9,1,0,0,3,91003,1270
2008155,2008-06-10,3,5,7,2,8,35728,1271
2008156,2008-06-11,0,7,2,3,4,07234,1272
2008157,2008-06-12,7,4,9,8,4,74984,1273
2008158,2008-06-13,8,0,5,2,9,80529,1274
2008159,2008-06-14,6,0,4,8,9,60489,1275
2008160,2008-06-15,7,4,9,8,8,74988,1276
2008161,2008-06-16,7,6,7,5,7,76757,1277
2008162,2008-06-17,6,7,4,1,5,67415,1278
2008163,2008-06-18,3,0,7,9,2,30792,1279
2008164,2008-06-19,1,8,2,5,5,18255,1280
2008165,2008-06-20,2,3,0,1,0,23010,1281
2008166,2008-06-21,8,8,0,4,4,88044,1282
2008167,2008-06-22,4,6,2,0,6,46206,1283
2008168,2008-06-23,6,3,4,4,5,63445,1284
2008169,2008-06-24,9,9,7,2,2,99722,1285
2008170,2008-06-25,4,4,2,6,1,44261,1286
2008171,2008-06-26,7,3,2,5,2,73252,1287
2008172,2008-06-27,3,8,2,6,9,38269,1288
2008173,2008-06-28,6,1,5,8,6,61586,1289
2008174,2008-06-29,8,8,7,0,4,88704,1290
2008175,2008-06-30,5,1,6,9,2,51692,1291
2008176,2008-07-01,5,4,2,6,5,54265,1292
2008177,2008-07-02,1,0,4,7,3,10473,1293
2008178,2008-07-03,3,4,4,8,2,34482,1294
2008179,2008-07-04,1,2,2,2,7,12227,1295
2008180,2008-07-05,4,1,1,2,3,41123,1296
2008181,2008-07-06,3,9,3,7,5,39375,1297
2008182,2008-07-07,0,8,2,9,1,08291,1298
2008183,2008-07-08,3,6,9,7,8,36978,1299
2008184,2008-07-09,8,4,0,5,3,84053,1300
2008185,2008-07-10,0,6,4,2,6,06426,1301
2008186,2008-07-11,8,7,6,1,4,87614,1302
2008187,2008-07-12,9,0,5,6,5,90565,1303
2008188,2008-07-13,5,9,5,8,0,59580,1304
2008189,2008-07-14,0,8,5,9,9,08599,1305
2008190,2008-07-15,8,6,2,1,9,86219,1306
2008191,2008-07-16,1,3,4,6,5,13465,1307
2008192,2008-07-17,8,6,7,8,1,86781,1308
2008193,2008-07-18,6,0,8,4,4,60844,1309
2008194,2008-07-19,3,1,2,0,6,31206,1310
2008195,2008-07-20,2,8,2,9,4,28294,1311
2008196,2008-07-21,8,6,1,0,3,86103,1312
2008197,2008-07-22,3,5,7,5,1,35751,1313
2008198,2008-07-23,0,6,8,6,5,06865,1314
2008199,2008-07-24,4,8,1,2,6,48126,1315
2008200,2008-07-25,2,0,4,2,8,20428,1316
2008201,2008-07-26,7,4,3,2,5,74325,1317
2008202,2008-07-27,1,9,8,6,9,19869,1318
2008203,2008-07-28,7,9,9,4,8,79948,1319
2008204,2008-07-29,6,7,6,5,7,67657,1320
2008205,2008-07-30,0,5,6,5,4,05654,1321
2008206,2008-07-31,4,8,0,1,9,48019,1322
2008207,2008-08-01,0,6,0,4,3,06043,1323
2008208,2008-08-02,3,5,6,2,9,35629,1324
2008209,2008-08-03,6,1,9,3,5,61935,1325
2008210,2008-08-04,0,0,3,9,7,00397,1326
2008211,2008-08-05,1,9,4,2,3,19423,1327
2008212,2008-08-06,8,9,4,3,4,89434,1328
2008213,2008-08-07,8,6,0,8,0,86080,1329
2008214,2008-08-08,1,4,4,6,8,14468,1330
2008215,2008-08-09,7,3,5,3,0,73530,1331
2008216,2008-08-10,9,3,8,0,2,93802,1332
2008217,2008-08-11,0,5,4,3,9,05439,1333
2008218,2008-08-12,1,6,1,6,5,16165,1334
2008219,2008-08-13,4,9,2,1,5,49215,1335
2008220,2008-08-14,4,8,4,4,9,48449,1336
2008221,2008-08-15,3,9,8,9,6,39896,1337
2008222,2008-08-16,1,0,8,1,7,10817,1338
2008223,2008-08-17,9,9,6,7,6,99676,1339
2008224,2008-08-18,6,3,2,8,0,63280,1340
2008225,2008-08-19,3,5,4,4,3,35443,1341
2008226,2008-08-20,9,8,2,2,4,98224,1342
2008227,2008-08-21,5,8,7,2,2,58722,1343
2008228,2008-08-22,7,5,9,5,5,75955,1344
2008229,2008-08-23,1,9,4,0,5,19405,1345
2008230,2008-08-24,6,3,2,8,8,63288,1346
2008231,2008-08-25,6,3,5,7,8,63578,1347
2008232,2008-08-26,8,4,0,1,9,84019,1348
2008233,2008-08-27,0,2,6,7,9,02679,1349
2008234,2008-08-28,8,0,0,6,1,80061,1350
2008235,2008-08-29,3,7,2,6,9,37269,1351
2008236,2008-08-30,7,9,6,5,5,79655,1352
2008237,2008-08-31,1,1,4,7,9,11479,1353
2008238,2008-09-01,2,5,9,5,8,25958,1354
2008239,2008-09-02,4,4,3,2,5,44325,1355
2008240,2008-09-03,3,0,0,5,3,30053,1356
2008241,2008-09-04,5,6,9,0,4,56904,1357
2008242,2008-09-05,3,8,4,6,9,38469,1358
2008243,2008-09-06,9,3,9,0,8,93908,1359
2008244,2008-09-07,2,1,3,8,6,21386,1360
2008245,2008-09-08,7,7,0,1,3,77013,1361
2008246,2008-09-09,7,1,6,1,8,71618,1362
2008247,2008-09-10,3,6,0,2,4,36024,1363
2008248,2008-09-11,2,5,1,6,7,25167,1364
2008249,2008-09-12,1,5,7,2,7,15727,1365
2008250,2008-09-13,1,8,0,4,7,18047,1366
2008251,2008-09-14,5,9,6,3,5,59635,1367
2008252,2008-09-15,5,1,8,2,8,51828,1368
2008253,2008-09-16,2,0,5,6,4,20564,1369
2008254,2008-09-17,4,3,0,2,9,43029,1370
2008255,2008-09-18,4,7,8,8,5,47885,1371
2008256,2008-09-19,9,2,5,4,0,92540,1372
2008257,2008-09-20,7,5,7,5,1,75751,1373
2008258,2008-09-21,8,2,6,2,2,82622,1374
2008259,2008-09-22,5,8,5,6,8,58568,1375
2008260,2008-09-23,2,7,6,7,1,27671,1376
2008261,2008-09-24,0,1,0,1,0,01010,1377
2008262,2008-09-25,5,8,9,5,6,58956,1378
2008263,2008-09-26,0,4,0,6,1,04061,1379
2008264,2008-09-27,5,3,3,5,4,53354,1380
2008265,2008-09-28,7,2,8,1,3,72813,1381
2008266,2008-09-29,9,3,7,6,9,93769,1382
2008267,2008-09-30,8,5,1,9,7,85197,1383
2008268,2008-10-01,5,9,5,7,0,59570,1384
2008269,2008-10-02,1,1,9,6,8,11968,1385
2008270,2008-10-03,0,4,4,4,2,04442,1386
2008271,2008-10-04,3,5,0,2,0,35020,1387
2008272,2008-10-05,9,3,9,2,7,93927,1388
2008273,2008-10-06,0,7,7,2,8,07728,1389
2008274,2008-10-07,0,2,7,1,8,02718,1390
2008275,2008-10-08,1,2,2,6,2,12262,1391
2008276,2008-10-09,0,2,7,8,2,02782,1392
2008277,2008-10-10,6,2,1,1,3,62113,1393
2008278,2008-10-11,7,9,3,9,8,79398,1394
2008279,2008-10-12,8,9,4,2,2,89422,1395
2008280,2008-10-13,6,5,9,6,0,65960,1396
2008281,2008-10-14,2,1,2,5,8,21258,1397
2008282,2008-10-15,1,5,0,6,7,15067,1398
2008283,2008-10-16,8,0,6,1,7,80617,1399
2008284,2008-10-17,8,5,4,2,7,85427,1400
2008285,2008-10-18,3,4,3,3,3,34333,1401
2008286,2008-10-19,5,1,9,5,6,51956,1402
2008287,2008-10-20,6,7,1,3,7,67137,1403
2008288,2008-10-21,4,3,2,0,4,43204,1404
2008289,2008-10-22,1,4,1,6,4,14164,1405
2008290,2008-10-23,3,3,6,0,8,33608,1406
2008291,2008-10-24,4,9,7,1,9,49719,1407
2008292,2008-10-25,8,4,5,8,1,84581,1408
2008293,2008-10-26,0,9,9,9,2,09992,1409
2008294,2008-10-27,0,9,7,3,4,09734,1410
2008295,2008-10-28,9,4,4,5,6,94456,1411
2008296,2008-10-29,7,6,6,8,8,76688,1412
2008297,2008-10-30,9,4,1,1,8,94118,1413
2008298,2008-10-31,7,2,6,4,2,72642,1414
2008299,2008-11-01,0,7,8,0,5,07805,1415
2008300,2008-11-02,6,8,8,4,5,68845,1416
2008301,2008-11-03,0,2,0,9,5,02095,1417
2008302,2008-11-04,9,0,7,9,0,90790,1418
2008303,2008-11-05,3,9,3,2,1,39321,1419
2008304,2008-11-06,9,7,6,8,7,97687,1420
2008305,2008-11-07,0,1,0,2,8,01028,1421
2008306,2008-11-08,4,8,9,9,0,48990,1422
2008307,2008-11-09,4,5,3,0,0,45300,1423
2008308,2008-11-10,7,4,6,4,2,74642,1424
2008309,2008-11-11,2,5,0,9,2,25092,1425
2008310,2008-11-12,7,9,3,4,0,79340,1426
2008311,2008-11-13,0,7,1,9,2,07192,1427
2008312,2008-11-14,6,3,6,5,1,63651,1428
2008313,2008-11-15,9,7,1,4,7,97147,1429
2008314,2008-11-16,4,4,7,7,2,44772,1430
2008315,2008-11-17,8,8,7,1,5,88715,1431
2008316,2008-11-18,8,4,5,6,5,84565,1432
2008317,2008-11-19,3,8,1,7,0,38170,1433
2008318,2008-11-20,8,0,3,5,3,80353,1434
2008319,2008-11-21,8,8,1,8,4,88184,1435
2008320,2008-11-22,7,4,3,4,6,74346,1436
2008321,2008-11-23,9,9,1,2,6,99126,1437
2008322,2008-11-24,2,3,5,9,6,23596,1438
2008323,2008-11-25,4,6,1,5,7,46157,1439
2008324,2008-11-26,5,4,9,2,8,54928,1440
2008325,2008-11-27,0,8,7,6,8,08768,1441
2008326,2008-11-28,8,0,7,6,7,80767,1442
2008327,2008-11-29,5,5,3,7,9,55379,1443
2008328,2008-11-30,2,0,5,9,7,20597,1444
2008329,2008-12-01,4,2,2,7,3,42273,1445
2008330,2008-12-02,1,7,8,4,8,17848,1446
2008331,2008-12-03,3,7,6,3,7,37637,1447
2008332,2008-12-04,9,0,0,4,5,90045,1448
2008333,2008-12-05,8,8,5,4,2,88542,1449
2008334,2008-12-06,0,7,8,9,4,07894,1450
2008335,2008-12-07,6,2,8,7,9,62879,1451
2008336,2008-12-08,2,9,8,5,2,29852,1452
2008337,2008-12-09,0,1,7,8,4,01784,1453
2008338,2008-12-10,9,9,9,2,9,99929,1454
2008339,2008-12-11,4,5,2,3,5,45235,1455
2008340,2008-12-12,5,6,8,9,2,56892,1456
2008341,2008-12-13,3,5,1,7,9,35179,1457
2008342,2008-12-14,0,0,1,7,1,00171,1458
2008343,2008-12-15,6,1,4,4,9,61449,1459
2008344,2008-12-16,0,7,0,3,2,07032,1460
2008345,2008-12-17,9,2,3,9,1,92391,1461
2008346,2008-12-18,5,5,9,6,1,55961,1462
2008347,2008-12-19,7,9,0,6,3,79063,1463
2008348,2008-12-20,4,1,3,3,2,41332,1464
2008349,2008-12-21,0,8,3,3,9,08339,1465
2008350,2008-12-22,5,5,9,7,9,55979,1466
2008351,2008-12-23,1,6,3,3,4,16334,1467
2008352,2008-12-24,5,7,5,2,8,57528,1468
2008353,2008-12-25,3,7,5,3,1,37531,1469
2008354,2008-12-26,4,7,4,5,0,47450,1470
2008355,2008-12-27,4,8,7,7,3,48773,1471
2008356,2008-12-28,7,1,5,5,2,71552,1472
2008357,2008-12-29,2,8,3,4,5,28345,1473
2008358,2008-12-30,6,9,4,5,9,69459,1474
2008359,2008-12-31,2,1,0,6,9,21069,1475
2009001,2009-01-01,3,2,5,0,4,32504,1476
2009002,2009-01-02,6,1,4,4,4,61444,1477
2009003,2009-01-03,4,8,8,7,7,48877,1478
2009004,2009-01-04,5,0,2,1,0,50210,1479
2009005,2009-01-05,5,2,1,8,4,52184,1480
2009006,2009-01-06,6,5,9,1,8,65918,1481
2009007,2009-01-07,3,4,1,4,7,34147,1482
2009008,2009-01-08,2,4,3,0,3,24303,1483
2009009,2009-01-09,6,6,9,9,7,66997,1484
2009010,2009-01-10,8,6,2,2,9,86229,1485
2009011,2009-01-11,6,5,6,9,5,65695,1486
2009012,2009-01-12,9,6,1,8,3,96183,1487
2009013,2009-01-13,5,5,1,8,4,55184,1488
2009014,2009-01-14,2,9,9,7,2,29972,1489
2009015,2009-01-15,2,7,1,9,7,27197,1490
2009016,2009-01-16,9,7,7,2,4,97724,1491
2009017,2009-01-17,3,5,5,8,7,35587,1492
2009018,2009-01-18,8,8,6,5,6,88656,1493
2009019,2009-01-19,8,3,0,3,1,83031,1494
2009020,2009-01-20,4,6,1,4,3,46143,1495
2009021,2009-01-21,7,0,0,6,8,70068,1496
2009022,2009-01-22,9,1,4,9,6,91496,1497
2009023,2009-01-23,6,6,2,9,8,66298,1498
2009024,2009-01-24,5,1,8,4,7,51847,1499
2009025,2009-02-01,2,7,8,7,2,27872,1500
2009026,2009-02-02,6,6,9,9,1,66991,1501
2009027,2009-02-03,5,8,5,8,0,58580,1502
2009028,2009-02-04,3,3,5,6,9,33569,1503
2009029,2009-02-05,4,7,0,6,6,47066,1504
2009030,2009-02-06,1,0,3,6,8,10368,1505
2009031,2009-02-07,5,4,3,2,2,54322,1506
2009032,2009-02-08,9,8,1,6,0,98160,1507
2009033,2009-02-09,4,7,2,6,8,47268,1508
2009034,2009-02-10,2,3,5,1,1,23511,1509
2009035,2009-02-11,8,1,4,1,6,81416,1510
2009036,2009-02-12,0,3,2,4,3,03243,1511
2009037,2009-02-13,9,0,4,5,6,90456,1512
2009038,2009-02-14,6,3,5,0,8,63508,1513
2009039,2009-02-15,8,4,5,0,3,84503,1514
2009040,2009-02-16,7,3,6,0,5,73605,1515
2009041,2009-02-17,6,7,9,5,0,67950,1516
2009042,2009-02-18,3,1,3,0,2,31302,1517
2009043,2009-02-19,6,2,6,6,0,62660,1518
2009044,2009-02-20,7,3,3,2,7,73327,1519
2009045,2009-02-21,7,7,4,5,4,77454,1520
2009046,2009-02-22,8,0,2,4,2,80242,1521
2009047,2009-02-23,7,1,3,1,7,71317,1522
2009048,2009-02-24,1,3,6,4,1,13641,1523
2009049,2009-02-25,3,7,3,6,7,37367,1524
2009050,2009-02-26,6,9,8,5,4,69854,1525
2009051,2009-02-27,1,0,8,7,7,10877,1526
2009052,2009-02-28,9,2,6,7,8,92678,1527
2009053,2009-03-01,6,2,2,9,5,62295,1528
2009054,2009-03-02,5,4,9,3,2,54932,1529
2009055,2009-03-03,0,4,5,4,1,04541,1530
2009056,2009-03-04,7,9,7,4,0,79740,1531
2009057,2009-03-05,3,8,1,1,7,38117,1532
2009058,2009-03-06,4,3,7,9,4,43794,1533
2009059,2009-03-07,2,1,0,7,3,21073,1534
2009060,2009-03-08,4,1,1,9,7,41197,1535
2009061,2009-03-09,8,0,4,3,5,80435,1536
2009062,2009-03-10,6,7,5,4,7,67547,1537
2009063,2009-03-11,1,5,9,5,2,15952,1538
2009064,2009-03-12,4,6,6,4,7,46647,1539
2009065,2009-03-13,4,5,5,2,1,45521,1540
2009066,2009-03-14,4,7,1,6,7,47167,1541
2009067,2009-03-15,6,9,0,7,7,69077,1542
2009068,2009-03-16,4,1,5,6,3,41563,1543
2009069,2009-03-17,3,2,0,1,4,32014,1544
2009070,2009-03-18,8,4,3,2,4,84324,1545
2009071,2009-03-19,5,0,2,3,0,50230,1546
2009072,2009-03-20,4,7,9,1,2,47912,1547
2009073,2009-03-21,5,4,7,3,9,54739,1548
2009074,2009-03-22,1,6,1,7,6,16176,1549
2009075,2009-03-23,5,2,8,1,9,52819,1550
2009076,2009-03-24,3,7,6,6,8,37668,1551
2009077,2009-03-25,8,5,6,4,5,85645,1552
2009078,2009-03-26,4,9,3,8,4,49384,1553
2009079,2009-03-27,3,2,8,0,3,32803,1554
2009080,2009-03-28,7,9,9,6,4,79964,1555
2009081,2009-03-29,2,8,3,9,0,28390,1556
2009082,2009-03-30,0,3,8,6,8,03868,1557
2009083,2009-03-31,5,0,9,1,4,50914,1558
2009084,2009-04-01,5,7,8,3,0,57830,1559
2009085,2009-04-02,1,9,8,6,4,19864,1560
2009086,2009-04-03,8,0,6,8,3,80683,1561
2009087,2009-04-04,5,0,0,8,4,50084,1562
2009088,2009-04-05,8,0,9,4,2,80942,1563
2009089,2009-04-06,7,8,4,3,6,78436,1564
2009090,2009-04-07,2,1,4,3,7,21437,1565
2009091,2009-04-08,6,1,2,4,5,61245,1566
2009092,2009-04-09,9,2,0,4,6,92046,1567
2009093,2009-04-10,8,8,0,0,5,88005,1568
2009094,2009-04-11,7,9,9,7,9,79979,1569
2009095,2009-04-12,3,0,1,4,2,30142,1570
2009096,2009-04-13,3,5,1,1,2,35112,1571
2009097,2009-04-14,5,9,1,2,6,59126,1572
2009098,2009-04-15,8,6,7,3,5,86735,1573
2009099,2009-04-16,7,6,2,6,3,76263,1574
2009100,2009-04-17,3,3,5,4,4,33544,1575
2009101,2009-04-18,3,7,0,3,1,37031,1576
2009102,2009-04-19,8,9,2,4,6,89246,1577
2009103,2009-04-20,3,9,3,1,4,39314,1578
2009104,2009-04-21,4,7,3,6,5,47365,1579
2009105,2009-04-22,9,5,6,4,2,95642,1580
2009106,2009-04-23,2,0,3,5,0,20350,1581
2009107,2009-04-24,0,4,6,7,2,04672,1582
2009108,2009-04-25,4,0,8,0,0,40800,1583
2009109,2009-04-26,2,4,0,9,8,24098,1584
2009110,2009-04-27,9,4,4,2,7,94427,1585
2009111,2009-04-28,6,7,2,8,5,67285,1586
2009112,2009-04-29,4,2,2,1,7,42217,1587
2009113,2009-04-30,1,7,4,8,6,17486,1588
2009114,2009-05-01,3,0,1,1,5,30115,1589
2009115,2009-05-02,7,9,2,2,9,79229,1590
2009116,2009-05-03,3,3,0,6,3,33063,1591
2009117,2009-05-04,1,9,8,6,8,19868,1592
2009118,2009-05-05,7,6,3,3,4,76334,1593
2009119,2009-05-06,9,6,1,1,8,96118,1594
2009120,2009-05-07,1,0,7,8,7,10787,1595
2009121,2009-05-08,8,8,0,3,5,88035,1596
2009122,2009-05-09,3,5,5,2,5,35525,1597
2009123,2009-05-10,0,7,9,7,5,07975,1598
2009124,2009-05-11,9,4,5,0,7,94507,1599
2009125,2009-05-12,6,3,1,4,1,63141,1600
2009126,2009-05-13,3,0,6,9,8,30698,1601
2009127,2009-05-14,9,9,8,8,2,99882,1602
2009128,2009-05-15,5,1,5,0,6,51506,1603
2009129,2009-05-16,7,1,7,2,0,71720,1604
2009130,2009-05-17,0,6,2,0,5,06205,1605
2009131,2009-05-18,7,5,7,0,9,75709,1606
2009132,2009-05-19,9,9,0,1,5,99015,1607
2009133,2009-05-20,7,5,0,9,7,75097,1608
2009134,2009-05-21,4,4,0,3,2,44032,1609
2009135,2009-05-22,2,0,5,0,0,20500,1610
2009136,2009-05-23,7,8,5,9,7,78597,1611
2009137,2009-05-24,3,1,7,7,4,31774,1612
2009138,2009-05-25,6,3,3,6,3,63363,1613
2009139,2009-05-26,4,2,9,8,1,42981,1614
2009140,2009-05-27,2,8,1,8,1,28181,1615
2009141,2009-05-28,6,0,6,0,4,60604,1616
2009142,2009-05-29,1,4,7,8,9,14789,1617
2009143,2009-05-30,6,1,6,9,8,61698,1618
2009144,2009-05-31,9,7,3,5,5,97355,1619
2009145,2009-06-01,1,8,0,3,4,18034,1620
2009146,2009-06-02,1,8,3,4,9,18349,1621
2009147,2009-06-03,7,4,1,2,7,74127,1622
2009148,2009-06-04,3,4,1,8,2,34182,1623
2009149,2009-06-05,6,2,3,6,9,62369,1624
2009150,2009-06-06,0,0,4,8,2,00482,1625
2009151,2009-06-07,4,9,6,2,3,49623,1626
2009152,2009-06-08,6,3,8,8,2,63882,1627
2009153,2009-06-09,6,9,8,5,6,69856,1628
2009154,2009-06-10,3,2,5,8,8,32588,1629
2009155,2009-06-11,2,0,6,9,7,20697,1630
2009156,2009-06-12,9,0,6,0,3,90603,1631
2009157,2009-06-13,0,6,0,1,7,06017,1632
2009158,2009-06-14,1,4,8,5,8,14858,1633
2009159,2009-06-15,3,8,0,1,1,38011,1634
2009160,2009-06-16,6,2,2,4,7,62247,1635
2009161,2009-06-17,1,8,6,9,3,18693,1636
2009162,2009-06-18,6,7,4,3,7,67437,1637
2009163,2009-06-19,1,2,0,5,7,12057,1638
2009164,2009-06-20,5,5,2,0,2,55202,1639
2009165,2009-06-21,1,6,8,4,6,16846,1640
2009166,2009-06-22,9,3,2,5,6,93256,1641
2009167,2009-06-23,5,2,6,9,7,52697,1642
2009168,2009-06-24,1,0,8,3,6,10836,1643
2009169,2009-06-25,3,7,5,8,0,37580,1644
2009170,2009-06-26,5,4,5,4,3,54543,1645
2009171,2009-06-27,8,1,4,1,9,81419,1646
2009172,2009-06-28,9,4,0,4,7,94047,1647
2009173,2009-06-29,8,1,8,7,6,81876,1648
2009174,2009-06-30,6,8,5,0,4,68504,1649
2009175,2009-07-01,2,0,0,9,7,20097,1650
2009176,2009-07-02,5,1,2,7,1,51271,1651
2009177,2009-07-03,2,2,0,9,0,22090,1652
2009178,2009-07-04,9,9,3,0,1,99301,1653
2009179,2009-07-05,6,3,4,9,7,63497,1654
2009180,2009-07-06,9,0,6,6,6,90666,1655
2009181,2009-07-07,0,6,9,2,2,06922,1656
2009182,2009-07-08,8,9,8,3,9,89839,1657
2009183,2009-07-09,7,5,9,2,7,75927,1658
2009184,2009-07-10,9,0,5,3,7,90537,1659
2009185,2009-07-11,9,0,6,6,1,90661,1660
2009186,2009-07-12,7,6,7,0,7,76707,1661
2009187,2009-07-13,6,2,8,7,1,62871,1662
2009188,2009-07-14,8,5,3,6,6,85366,1663
2009189,2009-07-15,5,7,4,5,4,57454,1664
2009190,2009-07-16,4,5,1,1,3,45113,1665
2009191,2009-07-17,3,2,0,6,0,32060,1666
2009192,2009-07-18,9,3,7,0,3,93703,1667
2009193,2009-07-19,4,2,7,8,2,42782,1668
2009194,2009-07-20,5,6,1,5,7,56157,1669
2009195,2009-07-21,1,4,7,2,7,14727,1670
2009196,2009-07-22,4,3,9,5,7,43957,1671
2009197,2009-07-23,9,4,1,2,7,94127,1672
2009198,2009-07-24,3,5,1,9,4,35194,1673
2009199,2009-07-25,3,7,2,2,9,37229,1674
2009200,2009-07-26,7,1,1,7,4,71174,1675
2009201,2009-07-27,0,1,5,9,7,01597,1676
2009202,2009-07-28,2,0,4,7,3,20473,1677
2009203,2009-07-29,3,0,6,3,7,30637,1678
2009204,2009-07-30,1,2,9,2,7,12927,1679
2009205,2009-07-31,5,8,3,4,0,58340,1680
2009206,2009-08-01,3,6,0,9,6,36096,1681
2009207,2009-08-02,5,5,0,2,1,55021,1682
2009208,2009-08-03,2,5,6,9,0,25690,1683
2009209,2009-08-04,3,7,6,2,1,37621,1684
2009210,2009-08-05,0,1,3,2,7,01327,1685
2009211,2009-08-06,4,1,5,9,7,41597,1686
2009212,2009-08-07,4,8,2,2,6,48226,1687
2009213,2009-08-08,6,4,1,6,9,64169,1688
2009214,2009-08-09,5,0,2,8,5,50285,1689
2009215,2009-08-10,8,7,3,5,2,87352,1690
2009216,2009-08-11,1,8,3,8,5,18385,1691
2009217,2009-08-12,9,9,0,0,4,99004,1692
2009218,2009-08-13,8,4,8,5,4,84854,1693
2009219,2009-08-14,5,3,4,9,1,53491,1694
2009220,2009-08-15,4,1,6,2,2,41622,1695
2009221,2009-08-16,8,2,2,9,7,82297,1696
2009222,2009-08-17,5,5,7,2,0,55720,1697
2009223,2009-08-18,2,0,2,3,5,20235,1698
2009224,2009-08-19,9,6,7,9,5,96795,1699
2009225,2009-08-20,4,4,7,8,7,44787,1700
2009226,2009-08-21,4,6,8,6,7,46867,1701
2009227,2009-08-22,0,8,7,4,3,08743,1702
2009228,2009-08-23,6,0,8,8,6,60886,1703
2009229,2009-08-24,9,1,3,9,1,91391,1704
2009230,2009-08-25,3,2,3,3,0,32330,1705
2009231,2009-08-26,9,4,7,2,8,94728,1706
2009232,2009-08-27,5,4,8,0,1,54801,1707
2009233,2009-08-28,7,3,8,0,8,73808,1708
2009234,2009-08-29,7,3,4,4,7,73447,1709
2009235,2009-08-30,7,0,8,8,0,70880,1710
2009236,2009-08-31,4,5,1,6,9,45169,1711
2009237,2009-09-01,4,8,9,5,2,48952,1712
2009238,2009-09-02,3,6,2,7,0,36270,1713
2009239,2009-09-03,7,6,5,6,5,76565,1714
2009240,2009-09-04,3,7,8,9,5,37895,1715
2009241,2009-09-05,9,8,2,3,2,98232,1716
2009242,2009-09-06,8,8,4,3,3,88433,1717
2009243,2009-09-07,9,0,3,8,1,90381,1718
2009244,2009-09-08,6,4,7,5,0,64750,1719
2009245,2009-09-09,1,5,3,5,8,15358,1720
2009246,2009-09-10,2,2,0,0,0,22000,1721
2009247,2009-09-11,1,5,9,6,1,15961,1722
2009248,2009-09-12,2,0,4,2,7,20427,1723
2009249,2009-09-13,8,9,4,9,3,89493,1724
2009250,2009-09-14,3,6,2,8,9,36289,1725
2009251,2009-09-15,4,1,9,3,2,41932,1726
2009252,2009-09-16,9,9,0,4,6,99046,1727
2009253,2009-09-17,0,9,8,5,2,09852,1728
2009254,2009-09-18,3,1,9,3,2,31932,1729
2009255,2009-09-19,3,1,6,7,4,31674,1730
2009256,2009-09-20,8,7,7,8,4,87784,1731
2009257,2009-09-21,9,0,5,4,9,90549,1732
2009258,2009-09-22,2,0,6,7,6,20676,1733
2009259,2009-09-23,5,4,4,5,7,54457,1734
2009260,2009-09-24,8,6,1,6,3,86163,1735
2009261,2009-09-25,8,0,8,6,8,80868,1736
2009262,2009-09-26,5,2,1,5,5,52155,1737
2009263,2009-09-27,0,5,0,7,9,05079,1738
2009264,2009-09-28,3,3,2,0,0,33200,1739
2009265,2009-09-29,7,7,9,1,2,77912,1740
2009266,2009-09-30,0,8,9,0,1,08901,1741
2009267,2009-10-01,5,4,5,7,4,54574,1742
2009268,2009-10-02,0,7,3,8,6,07386,1743
2009269,2009-10-03,6,4,2,0,2,64202,1744
2009270,2009-10-04,4,7,5,9,3,47593,1745
2009271,2009-10-05,6,9,8,4,3,69843,1746
2009272,2009-10-06,6,3,1,1,0,63110,1747
2009273,2009-10-07,3,2,9,6,0,32960,1748
2009274,2009-10-08,0,7,2,9,0,07290,1749
2009275,2009-10-09,7,3,2,5,9,73259,1750
2009276,2009-10-10,5,2,1,4,4,52144,1751
2009277,2009-10-11,1,7,6,3,9,17639,1752
2009278,2009-10-12,0,8,9,5,7,08957,1753
2009279,2009-10-13,6,3,1,4,7,63147,1754
2009280,2009-10-14,4,0,4,7,1,40471,1755
2009281,2009-10-15,8,1,9,4,9,81949,1756
2009282,2009-10-16,2,4,1,3,0,24130,1757
2009283,2009-10-17,5,6,2,0,8,56208,1758
2009284,2009-10-18,4,8,8,5,0,48850,1759
2009285,2009-10-19,3,6,3,4,6,36346,1760
2009286,2009-10-20,1,8,4,3,6,18436,1761
2009287,2009-10-21,9,7,1,4,1,97141,1762
2009288,2009-10-22,2,0,1,3,9,20139,1763
2009289,2009-10-23,7,3,9,0,2,73902,1764
2009290,2009-10-24,1,3,9,8,5,13985,1765
2009291,2009-10-25,8,3,0,2,6,83026,1766
2009292,2009-10-26,9,6,6,8,5,96685,1767
2009293,2009-10-27,9,0,6,6,6,90666,1768
2009294,2009-10-28,2,7,8,2,7,27827,1769
2009295,2009-10-29,8,0,0,6,0,80060,1770
2009296,2009-10-30,6,4,6,8,9,64689,1771
2009297,2009-10-31,2,3,0,0,5,23005,1772
2009298,2009-11-01,5,6,6,3,8,56638,1773
2009299,2009-11-02,5,3,5,1,1,53511,1774
2009300,2009-11-03,7,5,4,8,8,75488,1775
2009301,2009-11-04,2,2,4,4,5,22445,1776
2009302,2009-11-05,6,1,7,4,2,61742,1777
2009303,2009-11-06,7,3,9,1,0,73910,1778
2009304,2009-11-07,5,2,6,5,9,52659,1779
2009305,2009-11-08,4,8,7,4,4,48744,1780
2009306,2009-11-09,5,4,7,3,2,54732,1781
2009307,2009-11-10,3,9,4,8,9,39489,1782
2009308,2009-11-11,1,0,8,3,2,10832,1783
2009309,2009-11-12,5,9,5,0,6,59506,1784
2009310,2009-11-13,4,7,7,3,8,47738,1785
2009311,2009-11-14,1,9,9,4,3,19943,1786
2009312,2009-11-15,3,3,2,9,5,33295,1787
2009313,2009-11-16,9,3,1,3,4,93134,1788
2009314,2009-11-17,8,8,0,9,5,88095,1789
2009315,2009-11-18,0,5,9,4,1,05941,1790
2009316,2009-11-19,4,8,9,3,5,48935,1791
2009317,2009-11-20,2,9,4,6,9,29469,1792
2009318,2009-11-21,8,2,7,0,2,82702,1793
2009319,2009-11-22,5,3,1,2,5,53125,1794
2009320,2009-11-23,6,8,6,4,8,68648,1795
2009321,2009-11-24,5,9,8,1,5,59815,1796
2009322,2009-11-25,2,2,6,2,1,22621,1797
2009323,2009-11-26,1,2,1,7,5,12175,1798
2009324,2009-11-27,2,7,8,5,4,27854,1799
2009325,2009-11-28,4,5,5,7,9,45579,1800
2009326,2009-11-29,6,0,0,0,6,60006,1801
2009327,2009-11-30,7,8,5,8,9,78589,1802
2009328,2009-12-01,4,1,7,6,4,41764,1803
2009329,2009-12-02,5,2,4,4,4,52444,1804
2009330,2009-12-03,6,7,4,4,6,67446,1805
2009331,2009-12-04,9,4,5,9,5,94595,1806
2009332,2009-12-05,0,5,1,6,6,05166,1807
2009333,2009-12-06,5,9,2,6,3,59263,1808
2009334,2009-12-07,4,8,0,9,3,48093,1809
2009335,2009-12-08,4,0,7,7,2,40772,1810
2009336,2009-12-09,8,3,2,8,6,83286,1811
2009337,2009-12-10,9,8,6,3,3,98633,1812
2009338,2009-12-11,9,7,0,0,4,97004,1813
2009339,2009-12-12,5,2,0,5,0,52050,1814
2009340,2009-12-13,6,8,0,9,5,68095,1815
2009341,2009-12-14,9,3,9,8,3,93983,1816
2009342,2009-12-15,7,8,2,6,6,78266,1817
2009343,2009-12-16,8,3,7,2,8,83728,1818
2009344,2009-12-17,5,3,1,2,1,53121,1819
2009345,2009-12-18,3,7,5,2,3,37523,1820
2009346,2009-12-19,1,5,1,0,2,15102,1821
2009347,2009-12-20,2,0,3,0,5,20305,1822
2009348,2009-12-21,8,2,7,4,5,82745,1823
2009349,2009-12-22,3,0,7,2,1,30721,1824
2009350,2009-12-23,3,3,5,9,9,33599,1825
2009351,2009-12-24,1,5,9,8,7,15987,1826
2009352,2009-12-25,6,2,2,4,9,62249,1827
2009353,2009-12-26,6,6,7,1,6,66716,1828
2009354,2009-12-27,0,7,5,4,9,07549,1829
2009355,2009-12-28,4,4,2,9,3,44293,1830
2009356,2009-12-29,7,8,4,3,3,78433,1831
2009357,2009-12-30,2,5,5,1,7,25517,1832
2009358,2009-12-31,8,2,3,4,0,82340,1833
2010001,2010-01-01,3,2,7,8,4,32784,1834
2010002,2010-01-02,9,8,1,9,5,98195,1835
2010003,2010-01-03,9,1,5,2,7,91527,1836
2010004,2010-01-04,2,3,2,6,0,23260,1837
2010005,2010-01-05,3,8,7,3,2,38732,1838
2010006,2010-01-06,5,2,7,0,1,52701,1839
2010007,2010-01-07,4,2,5,2,4,42524,1840
2010008,2010-01-08,6,4,5,2,6,64526,1841
2010009,2010-01-09,0,3,7,4,3,03743,1842
2010010,2010-01-10,9,2,9,0,8,92908,1843
2010011,2010-01-11,4,2,0,8,8,42088,1844
2010012,2010-01-12,0,8,0,7,4,08074,1845
2010013,2010-01-13,9,3,7,2,8,93728,1846
2010014,2010-01-14,3,9,4,6,1,39461,1847
2010015,2010-01-15,9,5,6,0,8,95608,1848
2010016,2010-01-16,1,0,8,1,7,10817,1849
2010017,2010-01-17,3,8,3,0,9,38309,1850
2010018,2010-01-18,4,3,6,6,5,43665,1851
2010019,2010-01-19,1,8,4,3,4,18434,1852
2010020,2010-01-20,1,7,0,0,4,17004,1853
2010021,2010-01-21,0,8,4,8,9,08489,1854
2010022,2010-01-22,5,7,0,5,2,57052,1855
2010023,2010-01-23,4,5,1,5,8,45158,1856
2010024,2010-01-24,8,3,7,9,0,83790,1857
2010025,2010-01-25,7,4,6,6,8,74668,1858
2010026,2010-01-26,6,8,5,4,0,68540,1859
2010027,2010-01-27,5,0,0,4,9,50049,1860
2010028,2010-01-28,8,9,4,0,8,89408,1861
2010029,2010-01-29,5,5,0,8,6,55086,1862
2010030,2010-01-30,8,0,2,6,3,80263,1863
2010031,2010-01-31,0,1,5,8,7,01587,1864
2010032,2010-02-01,0,9,3,8,0,09380,1865
2010033,2010-02-02,6,6,8,1,3,66813,1866
2010034,2010-02-03,5,6,9,4,0,56940,1867
2010035,2010-02-04,3,4,9,6,3,34963,1868
2010036,2010-02-05,5,6,8,4,9,56849,1869
2010037,2010-02-06,7,7,8,8,7,77887,1870
2010038,2010-02-07,5,9,6,0,5,59605,1871
2010039,2010-02-08,5,1,1,6,3,51163,1872
2010040,2010-02-09,4,0,1,6,7,40167,1873
2010041,2010-02-10,2,3,6,7,4,23674,1874
2010042,2010-02-11,6,0,1,0,8,60108,1875
2010043,2010-02-12,4,0,8,0,9,40809,1876
2010044,2010-02-20,4,1,5,6,3,41563,1877
2010045,2010-02-21,3,6,8,2,7,36827,1878
2010046,2010-02-22,9,6,1,8,1,96181,1879
2010047,2010-02-23,4,0,0,9,6,40096,1880
2010048,2010-02-24,1,2,1,9,6,12196,1881
2010049,2010-02-25,2,5,9,4,4,25944,1882
2010050,2010-02-26,7,3,5,4,6,73546,1883
2010051,2010-02-27,7,3,4,3,5,73435,1884
2010052,2010-02-28,2,0,4,3,3,20433,1885
2010053,2010-03-01,5,4,8,9,7,54897,1886
2010054,2010-03-02,7,9,6,6,4,79664,1887
2010055,2010-03-03,2,3,0,0,4,23004,1888
2010056,2010-03-04,5,3,4,7,6,53476,1889
2010057,2010-03-05,3,7,4,4,3,37443,1890
2010058,2010-03-06,4,1,1,8,5,41185,1891
2010059,2010-03-07,6,2,7,1,4,62714,1892
2010060,2010-03-08,5,7,0,8,9,57089,1893
2010061,2010-03-09,6,0,9,9,5,60995,1894
2010062,2010-03-10,1,4,6,6,5,14665,1895
2010063,2010-03-11,8,4,4,7,0,84470,1896
2010064,2010-03-12,2,6,8,0,9,26809,1897
2010065,2010-03-13,2,0,8,0,8,20808,1898
2010066,2010-03-14,3,6,0,4,2,36042,1899
2010067,2010-03-15,5,8,8,9,3,58893,1900
2010068,2010-03-16,5,9,7,9,7,59797,1901
2010069,2010-03-17,8,5,1,0,0,85100,1902
2010070,2010-03-18,6,6,9,3,8,66938,1903
2010071,2010-03-19,5,7,8,2,5,57825,1904
2010072,2010-03-20,9,7,0,7,4,97074,1905
2010073,2010-03-21,5,5,5,0,1,55501,1906
2010074,2010-03-22,3,4,9,0,0,34900,1907
2010075,2010-03-23,8,5,4,0,9,85409,1908
2010076,2010-03-24,2,7,1,5,4,27154,1909
2010077,2010-03-25,9,9,2,5,3,99253,1910
2010078,2010-03-26,0,4,9,8,2,04982,1911
2010079,2010-03-27,9,5,7,8,1,95781,1912
2010080,2010-03-28,2,6,4,5,6,26456,1913
2010081,2010-03-29,5,9,8,0,0,59800,1914
2010082,2010-03-30,5,0,8,4,0,50840,1915
2010083,2010-03-31,4,6,8,0,1,46801,1916
2010084,2010-04-01,9,2,2,8,6,92286,1917
2010085,2010-04-02,2,9,6,7,7,29677,1918
2010086,2010-04-03,9,6,8,4,9,96849,1919
2010087,2010-04-04,8,1,4,4,7,81447,1920
2010088,2010-04-05,6,0,8,1,5,60815,1921
2010089,2010-04-06,2,4,1,8,4,24184,1922
2010090,2010-04-07,5,9,0,1,4,59014,1923
2010091,2010-04-08,0,7,0,7,2,07072,1924
2010092,2010-04-09,3,0,5,6,7,30567,1925
2010093,2010-04-10,9,7,4,7,1,97471,1926
2010094,2010-04-11,9,5,8,8,8,95888,1927
2010095,2010-04-12,4,7,0,8,0,47080,1928
2010096,2010-04-13,0,5,9,3,9,05939,1929
2010097,2010-04-14,1,4,6,3,7,14637,1930
2010098,2010-04-15,9,3,6,3,9,93639,1931
2010099,2010-04-16,1,6,8,5,6,16856,1932
2010100,2010-04-17,7,1,8,0,5,71805,1933
2010101,2010-04-18,1,4,3,1,7,14317,1934
2010102,2010-04-19,8,8,8,0,7,88807,1935
2010103,2010-04-20,8,1,2,2,3,81223,1936
2010104,2010-04-21,2,4,4,3,4,24434,1937
2010105,2010-04-22,2,8,4,9,0,28490,1938
2010106,2010-04-23,6,9,7,8,4,69784,1939
2010107,2010-04-24,0,5,3,8,9,05389,1940
2010108,2010-04-25,1,3,0,9,5,13095,1941
2010109,2010-04-26,7,7,6,0,9,77609,1942
2010110,2010-04-27,8,1,3,4,7,81347,1943
2010111,2010-04-28,8,7,1,8,7,87187,1944
2010112,2010-04-29,3,7,7,5,7,37757,1945
2010113,2010-04-30,3,4,2,3,0,34230,1946
2010114,2010-05-01,1,3,0,3,5,13035,1947
2010115,2010-05-02,2,2,1,9,2,22192,1948
2010116,2010-05-03,5,0,3,7,3,50373,1949
2010117,2010-05-04,5,6,5,7,9,56579,1950
2010118,2010-05-05,9,6,8,4,1,96841,1951
2010119,2010-05-06,3,3,2,2,6,33226,1952
2010120,2010-05-07,2,1,9,3,6,21936,1953
2010121,2010-05-08,8,2,9,2,1,82921,1954
2010122,2010-05-09,8,3,2,5,5,83255,1955
2010123,2010-05-10,2,6,1,2,7,26127,1956
2010124,2010-05-11,4,7,3,0,4,47304,1957
2010125,2010-05-12,4,8,8,8,4,48884,1958
2010126,2010-05-13,4,8,3,6,9,48369,1959
2010127,2010-05-14,2,7,7,4,2,27742,1960
2010128,2010-05-15,9,1,3,9,1,91391,1961
2010129,2010-05-16,1,0,1,2,1,10121,1962
2010130,2010-05-17,3,9,5,0,8,39508,1963
2010131,2010-05-18,3,3,6,9,6,33696,1964
2010132,2010-05-19,5,4,5,3,1,54531,1965
2010133,2010-05-20,3,4,3,0,3,34303,1966
2010134,2010-05-21,3,5,8,7,0,35870,1967
2010135,2010-05-22,4,0,9,8,6,40986,1968
2010136,2010-05-23,9,2,6,2,6,92626,1969
2010137,2010-05-24,7,7,6,4,6,77646,1970
2010138,2010-05-25,7,2,8,3,0,72830,1971
2010139,2010-05-26,0,4,5,3,4,04534,1972
2010140,2010-05-27,6,3,4,9,7,63497,1973
2010141,2010-05-28,8,3,1,5,4,83154,1974
2010142,2010-05-29,2,6,1,3,4,26134,1975
2010143,2010-05-30,3,7,0,3,5,37035,1976
2010144,2010-05-31,8,6,6,0,6,86606,1977
2010145,2010-06-01,9,3,4,7,3,93473,1978
2010146,2010-06-02,8,1,4,2,5,81425,1979
2010147,2010-06-03,0,0,6,9,5,00695,1980
2010148,2010-06-04,2,7,8,8,2,27882,1981
2010149,2010-06-05,9,6,4,9,7,96497,1982
2010150,2010-06-06,1,0,1,2,6,10126,1983
2010151,2010-06-07,3,0,9,1,9,30919,1984
2010152,2010-06-08,9,9,7,1,3,99713,1985
2010153,2010-06-09,0,0,6,8,1,00681,1986
2010154,2010-06-10,0,6,9,3,8,06938,1987
2010155,2010-06-11,3,3,1,6,1,33161,1988
2010156,2010-06-12,1,3,8,9,3,13893,1989
2010157,2010-06-13,7,0,8,0,2,70802,1990
2010158,2010-06-14,4,8,0,1,1,48011,1991
2010159,2010-06-15,6,4,4,6,2,64462,1992
2010160,2010-06-16,8,7,8,7,6,87876,1993
2010161,2010-06-17,6,3,7,8,7,63787,1994
2010162,2010-06-18,0,1,3,1,8,01318,1995
2010163,2010-06-19,1,3,4,5,3,13453,1996
2010164,2010-06-20,6,8,4,7,3,68473,1997
2010165,2010-06-21,8,4,2,1,9,84219,1998
2010166,2010-06-22,7,8,6,3,7,78637,1999
2010167,2010-06-23,0,9,4,3,8,09438,2000
2010168,2010-06-24,6,7,7,7,7,67777,2001
2010169,2010-06-25,8,4,4,4,9,84449,2002
2010170,2010-06-26,7,3,9,9,4,73994,2003
2010171,2010-06-27,8,0,8,7,1,80871,2004
2010172,2010-06-28,2,3,9,1,7,23917,2005
2010173,2010-06-29,4,0,6,6,6,40666,2006
2010174,2010-06-30,8,4,1,8,4,84184,2007
2010175,2010-07-01,5,6,9,7,7,56977,2008
2010176,2010-07-02,7,7,0,5,3,77053,2009
2010177,2010-07-03,1,9,4,5,4,19454,2010
2010178,2010-07-04,3,5,6,6,3,35663,2011
2010179,2010-07-05,5,1,9,2,5,51925,2012
2010180,2010-07-06,0,8,8,5,7,08857,2013
2010181,2010-07-07,8,0,6,8,7,80687,2014
2010182,2010-07-08,9,4,7,4,1,94741,2015
2010183,2010-07-09,3,3,7,1,3,33713,2016
2010184,2010-07-10,8,2,0,2,6,82026,2017
2010185,2010-07-11,1,3,5,7,9,13579,2018
2010186,2010-07-12,2,8,4,2,8,28428,2019
2010187,2010-07-13,4,1,5,8,3,41583,2020
2010188,2010-07-14,6,8,1,1,9,68119,2021
2010189,2010-07-15,9,1,8,4,2,91842,2022
2010190,2010-07-16,7,5,7,5,4,75754,2023
2010191,2010-07-17,3,5,3,3,8,35338,2024
2010192,2010-07-18,6,1,3,2,4,61324,2025
2010193,2010-07-19,1,1,1,9,1,11191,2026
2010194,2010-07-20,1,4,8,8,4,14884,2027
2010195,2010-07-21,8,0,4,3,4,80434,2028
2010196,2010-07-22,0,5,2,1,2,05212,2029
2010197,2010-07-23,7,7,8,7,7,77877,2030
2010198,2010-07-24,4,6,6,3,5,46635,2031
2010199,2010-07-25,9,8,8,4,6,98846,2032
2010200,2010-07-26,2,0,6,5,5,20655,2033
2010201,2010-07-27,1,8,0,0,5,18005,2034
2010202,2010-07-28,0,5,3,3,9,05339,2035
2010203,2010-07-29,1,0,6,8,6,10686,2036
2010204,2010-07-30,0,3,6,3,4,03634,2037
2010205,2010-07-31,0,4,7,1,9,04719,2038
2010206,2010-08-01,3,5,3,0,3,35303,2039
2010207,2010-08-02,8,2,8,1,2,82812,2040
2010208,2010-08-03,4,6,7,2,2,46722,2041
2010209,2010-08-04,0,8,1,5,3,08153,2042
2010210,2010-08-05,8,0,9,7,9,80979,2043
2010211,2010-08-06,9,3,2,5,2,93252,2044
2010212,2010-08-07,7,8,5,0,1,78501,2045
2010213,2010-08-08,3,9,1,4,0,39140,2046
2010214,2010-08-09,1,2,4,6,4,12464,2047
2010215,2010-08-10,6,6,7,2,5,66725,2048
2010216,2010-08-11,8,2,4,7,0,82470,2049
2010217,2010-08-12,8,9,3,2,3,89323,2050
2010218,2010-08-13,2,4,5,2,9,24529,2051
2010219,2010-08-14,6,8,5,5,1,68551,2052
2010220,2010-08-15,2,9,5,1,4,29514,2053
2010221,2010-08-16,6,8,3,8,0,68380,2054
2010222,2010-08-17,1,4,0,4,1,14041,2055
2010223,2010-08-18,5,7,4,0,2,57402,2056
2010224,2010-08-19,6,7,4,5,4,67454,2057
2010225,2010-08-20,9,9,7,3,9,99739,2058
2010226,2010-08-21,5,0,4,3,5,50435,2059
2010227,2010-08-22,2,3,9,2,1,23921,2060
2010228,2010-08-23,9,4,7,8,1,94781,2061
2010229,2010-08-24,6,7,6,5,6,67656,2062
2010230,2010-08-25,8,5,4,0,9,85409,2063
2010231,2010-08-26,0,6,6,0,2,06602,2064
2010232,2010-08-27,1,9,5,0,3,19503,2065
2010233,2010-08-28,5,3,4,2,4,53424,2066
2010234,2010-08-29,3,7,9,2,7,37927,2067
2010235,2010-08-30,3,0,0,7,3,30073,2068
2010236,2010-08-31,1,7,3,9,8,17398,2069
2010237,2010-09-01,9,0,3,8,7,90387,2070
2010238,2010-09-02,6,8,7,8,5,68785,2071
2010239,2010-09-03,4,1,4,1,3,41413,2072
2010240,2010-09-04,3,3,1,5,9,33159,2073
2010241,2010-09-05,2,5,1,2,0,25120,2074
2010242,2010-09-06,0,9,5,3,2,09532,2075
2010243,2010-09-07,4,8,8,6,4,48864,2076
2010244,2010-09-08,4,8,2,3,1,48231,2077
2010245,2010-09-09,4,8,4,3,1,48431,2078
2010246,2010-09-10,5,3,0,7,8,53078,2079
2010247,2010-09-11,8,8,5,0,7,88507,2080
2010248,2010-09-12,2,0,4,8,3,20483,2081
2010249,2010-09-13,6,9,5,4,4,69544,2082
2010250,2010-09-14,0,8,2,7,5,08275,2083
2010251,2010-09-15,6,9,8,9,3,69893,2084
2010252,2010-09-16,2,9,9,5,2,29952,2085
2010253,2010-09-17,6,7,5,9,3,67593,2086
2010254,2010-09-18,3,5,8,0,9,35809,2087
2010255,2010-09-19,9,7,1,8,0,97180,2088
2010256,2010-09-20,1,7,9,5,3,17953,2089
2010257,2010-09-21,9,6,9,6,9,96969,2090
2010258,2010-09-22,9,5,8,5,8,95858,2091
2010259,2010-09-23,2,4,3,5,4,24354,2092
2010260,2010-09-24,8,8,1,8,9,88189,2093
2010261,2010-09-25,3,3,3,7,5,33375,2094
2010262,2010-09-26,1,8,5,9,6,18596,2095
2010263,2010-09-27,4,2,5,2,3,42523,2096
2010264,2010-09-28,4,4,5,2,1,44521,2097
2010265,2010-09-29,8,4,6,7,9,84679,2098
2010266,2010-09-30,2,3,5,8,1,23581,2099
2010267,2010-10-01,7,0,3,9,1,70391,2100
2010268,2010-10-02,5,9,3,1,4,59314,2101
2010269,2010-10-03,1,6,3,3,5,16335,2102
2010270,2010-10-04,1,1,7,1,9,11719,2103
2010271,2010-10-05,5,2,1,1,8,52118,2104
2010272,2010-10-06,6,7,0,6,6,67066,2105
2010273,2010-10-07,7,7,2,6,7,77267,2106
2010274,2010-10-08,4,1,1,1,6,41116,2107
2010275,2010-10-09,6,8,0,2,0,68020,2108
2010276,2010-10-10,2,8,0,1,8,28018,2109
2010277,2010-10-11,6,2,3,8,7,62387,2110
2010278,2010-10-12,1,8,8,5,4,18854,2111
2010279,2010-10-13,6,8,5,4,4,68544,2112
2010280,2010-10-14,1,5,2,4,3,15243,2113
2010281,2010-10-15,2,7,3,2,0,27320,2114
2010282,2010-10-16,5,3,8,3,7,53837,2115
2010283,2010-10-17,0,4,7,0,7,04707,2116
2010284,2010-10-18,2,1,0,3,2,21032,2117
2010285,2010-10-19,7,4,7,4,4,74744,2118
2010286,2010-10-20,9,6,0,9,3,96093,2119
2010287,2010-10-21,1,6,7,3,9,16739,2120
2010288,2010-10-22,4,6,0,3,0,46030,2121
2010289,2010-10-23,1,3,4,7,5,13475,2122
2010290,2010-10-24,3,9,9,7,9,39979,2123
2010291,2010-10-25,1,5,0,7,4,15074,2124
2010292,2010-10-26,1,2,2,4,7,12247,2125
2010293,2010-10-27,1,2,9,2,0,12920,2126
2010294,2010-10-28,0,4,0,3,7,04037,2127
2010295,2010-10-29,2,3,8,2,2,23822,2128
2010296,2010-10-30,4,4,8,9,2,44892,2129
2010297,2010-10-31,5,2,0,2,7,52027,2130
2010298,2010-11-01,7,8,6,6,4,78664,2131
2010299,2010-11-02,2,2,5,8,8,22588,2132
2010300,2010-11-03,5,9,6,9,6,59696,2133
2010301,2010-11-04,3,5,6,0,2,35602,2134
2010302,2010-11-05,0,9,1,1,1,09111,2135
2010303,2010-11-06,0,7,0,0,6,07006,2136
2010304,2010-11-07,3,3,2,9,8,33298,2137
2010305,2010-11-08,9,3,7,3,0,93730,2138
2010306,2010-11-09,4,0,5,7,5,40575,2139
2010307,2010-11-10,2,1,9,4,1,21941,2140
2010308,2010-11-11,2,3,2,3,6,23236,2141
2010309,2010-11-12,0,2,6,5,8,02658,2142
2010310,2010-11-13,3,8,7,0,9,38709,2143
2010311,2010-11-14,5,9,8,2,4,59824,2144
2010312,2010-11-15,1,3,8,0,6,13806,2145
2010313,2010-11-16,8,7,8,0,4,87804,2146
2010314,2010-11-17,6,7,5,6,0,67560,2147
2010315,2010-11-18,0,5,5,7,2,05572,2148
2010316,2010-11-19,3,2,9,9,2,32992,2149
2010317,2010-11-20,1,8,2,4,5,18245,2150
2010318,2010-11-21,4,5,4,3,6,45436,2151
2010319,2010-11-22,7,3,3,7,7,73377,2152
2010320,2010-11-23,2,8,3,9,4,28394,2153
2010321,2010-11-24,0,2,7,2,9,02729,2154
2010322,2010-11-25,8,4,0,9,3,84093,2155
2010323,2010-11-26,4,7,4,4,1,47441,2156
2010324,2010-11-27,1,2,7,8,0,12780,2157
2010325,2010-11-28,8,4,6,0,7,84607,2158
2010326,2010-11-29,1,5,9,4,3,15943,2159
2010327,2010-11-30,3,7,6,0,3,37603,2160
2010328,2010-12-01,8,5,3,9,0,85390,2161
2010329,2010-12-02,3,6,6,3,7,36637,2162
2010330,2010-12-03,6,8,1,7,4,68174,2163
2010331,2010-12-04,4,4,3,0,6,44306,2164
2010332,2010-12-05,4,2,4,9,6,42496,2165
2010333,2010-12-06,8,6,7,3,3,86733,2166
2010334,2010-12-07,3,5,4,1,4,35414,2167
2010335,2010-12-08,6,5,5,3,9,65539,2168
2010336,2010-12-09,8,7,8,6,9,87869,2169
2010337,2010-12-10,8,9,5,2,7,89527,2170
2010338,2010-12-11,7,5,4,7,1,75471,2171
2010339,2010-12-12,5,9,9,6,4,59964,2172
2010340,2010-12-13,0,9,4,4,2,09442,2173
2010341,2010-12-14,9,4,3,1,2,94312,2174
2010342,2010-12-15,3,7,6,5,4,37654,2175
2010343,2010-12-16,1,6,8,3,5,16835,2176
2010344,2010-12-17,3,3,2,3,7,33237,2177
2010345,2010-12-18,7,4,1,1,3,74113,2178
2010346,2010-12-19,3,8,3,8,4,38384,2179
2010347,2010-12-20,3,2,2,9,6,32296,2180
2010348,2010-12-21,4,8,4,7,0,48470,2181
2010349,2010-12-22,6,7,0,7,3,67073,2182
2010350,2010-12-23,8,9,0,5,5,89055,2183
2010351,2010-12-24,5,7,2,5,2,57252,2184
2010352,2010-12-25,1,1,2,4,2,11242,2185
2010353,2010-12-26,1,6,9,7,8,16978,2186
2010354,2010-12-27,1,6,7,5,9,16759,2187
2010355,2010-12-28,5,4,5,9,5,54595,2188
2010356,2010-12-29,8,6,8,7,2,86872,2189
2010357,2010-12-30,1,7,1,3,8,17138,2190
2010358,2010-12-31,3,1,1,5,2,31152,2191
2011001,2011-01-01,9,2,8,5,0,92850,2192
2011002,2011-01-02,6,7,6,0,5,67605,2193
2011003,2011-01-03,9,3,3,9,2,93392,2194
2011004,2011-01-04,5,5,0,5,5,55055,2195
2011005,2011-01-05,4,9,1,7,7,49177,2196
2011006,2011-01-06,3,5,9,9,0,35990,2197
2011007,2011-01-07,8,8,4,9,1,88491,2198
2011008,2011-01-08,5,3,4,4,7,53447,2199
2011009,2011-01-09,1,5,6,6,5,15665,2200
2011010,2011-01-10,9,1,7,3,2,91732,2201
2011011,2011-01-11,5,0,2,2,1,50221,2202
2011012,2011-01-12,6,8,7,5,7,68757,2203
2011013,2011-01-13,1,8,7,2,4,18724,2204
2011014,2011-01-14,8,1,0,8,2,81082,2205
2011015,2011-01-15,7,1,7,3,8,71738,2206
2011016,2011-01-16,8,1,6,0,8,81608,2207
2011017,2011-01-17,1,8,4,7,6,18476,2208
2011018,2011-01-18,9,0,3,8,4,90384,2209
2011019,2011-01-19,3,2,8,7,6,32876,2210
2011020,2011-01-20,5,7,8,7,3,57873,2211
2011021,2011-01-21,5,7,8,7,3,57873,2212
2011022,2011-01-22,0,0,8,9,1,00891,2213
2011023,2011-01-23,7,4,1,4,3,74143,2214
2011024,2011-01-24,4,8,7,5,3,48753,2215
2011025,2011-01-25,3,5,2,3,2,35232,2216
2011026,2011-01-26,7,9,7,2,1,79721,2217
2011027,2011-01-27,2,1,2,9,2,21292,2218
2011028,2011-01-28,1,3,4,2,7,13427,2219
2011029,2011-01-29,3,6,5,4,0,36540,2220
2011030,2011-01-30,4,9,3,3,1,49331,2221
2011031,2011-01-31,8,6,4,9,4,86494,2222
2011032,2011-02-01,3,4,9,2,6,34926,2223
2011033,2011-02-09,0,6,2,8,3,06283,2224
2011034,2011-02-10,4,8,9,4,4,48944,2225
2011035,2011-02-11,7,4,4,9,6,74496,2226
2011036,2011-02-12,1,6,3,8,4,16384,2227
2011037,2011-02-13,7,0,5,7,9,70579,2228
2011038,2011-02-14,0,1,6,4,8,01648,2229
2011039,2011-02-15,2,6,0,7,0,26070,2230
2011040,2011-02-16,1,1,7,0,6,11706,2231
2011041,2011-02-17,4,4,9,5,5,44955,2232
2011042,2011-02-18,3,3,7,8,0,33780,2233
2011043,2011-02-19,2,8,6,9,9,28699,2234
2011044,2011-02-20,4,1,6,8,4,41684,2235
2011045,2011-02-21,5,7,9,1,7,57917,2236
2011046,2011-02-22,9,0,9,4,5,90945,2237
2011047,2011-02-23,3,6,7,1,2,36712,2238
2011048,2011-02-24,6,2,1,6,0,62160,2239
2011049,2011-02-25,4,5,9,6,3,45963,2240
2011050,2011-02-26,0,6,7,4,6,06746,2241
2011051,2011-02-27,6,8,4,4,6,68446,2242
2011052,2011-02-28,5,0,9,5,1,50951,2243
2011053,2011-03-01,8,3,5,5,9,83559,2244
2011054,2011-03-02,7,6,0,4,4,76044,2245
2011055,2011-03-03,8,3,5,9,9,83599,2246
2011056,2011-03-04,6,0,9,2,9,60929,2247
2011057,2011-03-05,3,6,6,4,5,36645,2248
2011058,2011-03-06,6,6,4,4,0,66440,2249
2011059,2011-03-07,3,9,8,2,4,39824,2250
2011060,2011-03-08,1,4,4,8,3,14483,2251
2011061,2011-03-09,4,1,6,5,5,41655,2252
2011062,2011-03-10,6,2,8,0,7,62807,2253
2011063,2011-03-11,1,4,1,5,1,14151,2254
2011064,2011-03-12,6,9,0,1,9,69019,2255
2011065,2011-03-13,7,2,1,1,1,72111,2256
2011066,2011-03-14,0,7,9,0,6,07906,2257
2011067,2011-03-15,4,1,3,1,9,41319,2258
2011068,2011-03-16,5,0,0,8,8,50088,2259
2011069,2011-03-17,2,8,5,9,5,28595,2260
2011070,2011-03-18,8,9,2,4,7,89247,2261
2011071,2011-03-19,0,7,1,4,5,07145,2262
2011072,2011-03-20,7,9,9,2,3,79923,2263
2011073,2011-03-21,0,6,3,8,7,06387,2264
2011074,2011-03-22,7,8,4,4,9,78449,2265
2011075,2011-03-23,9,5,3,3,5,95335,2266
2011076,2011-03-24,6,6,7,7,0,66770,2267
2011077,2011-03-25,7,8,7,5,7,78757,2268
2011078,2011-03-26,5,4,4,9,6,54496,2269
2011079,2011-03-27,8,2,3,4,0,82340,2270
2011080,2011-03-28,9,4,3,2,7,94327,2271
2011081,2011-03-29,7,4,8,6,6,74866,2272
2011082,2011-03-30,1,7,1,0,6,17106,2273
2011083,2011-03-31,8,3,5,7,8,83578,2274
2011084,2011-04-01,2,5,2,1,3,25213,2275
2011085,2011-04-02,9,9,5,8,6,99586,2276
2011086,2011-04-03,9,4,1,2,4,94124,2277
2011087,2011-04-04,0,9,2,2,2,09222,2278
2011088,2011-04-05,6,7,0,7,8,67078,2279
2011089,2011-04-06,1,2,4,0,5,12405,2280
2011090,2011-04-07,0,8,7,7,3,08773,2281
2011091,2011-04-08,2,2,2,1,5,22215,2282
2011092,2011-04-09,7,4,9,0,2,74902,2283
2011093,2011-04-10,5,0,0,4,9,50049,2284
2011094,2011-04-11,1,5,9,5,7,15957,2285
2011095,2011-04-12,8,4,4,7,4,84474,2286
2011096,2011-04-13,0,9,7,4,9,09749,2287
2011097,2011-04-14,6,7,9,1,2,67912,2288
2011098,2011-04-15,1,8,7,9,5,18795,2289
2011099,2011-04-16,8,2,9,4,1,82941,2290
2011100,2011-04-17,2,3,2,8,7,23287,2291
2011101,2011-04-18,2,7,5,8,5,27585,2292
2011102,2011-04-19,9,0,9,8,3,90983,2293
2011103,2011-04-20,4,7,2,0,8,47208,2294
2011104,2011-04-21,5,8,9,0,4,58904,2295
2011105,2011-04-22,7,0,0,7,7,70077,2296
2011106,2011-04-23,6,5,0,1,0,65010,2297
2011107,2011-04-24,9,2,4,1,5,92415,2298
2011108,2011-04-25,3,3,0,7,4,33074,2299
2011109,2011-04-26,2,2,2,4,2,22242,2300
2011110,2011-04-27,3,5,1,0,4,35104,2301
2011111,2011-04-28,2,5,2,4,4,25244,2302
2011112,2011-04-29,0,9,8,4,3,09843,2303
2011113,2011-04-30,7,3,3,2,5,73325,2304
2011114,2011-05-01,3,9,8,9,0,39890,2305
2011115,2011-05-02,3,7,5,1,5,37515,2306
2011116,2011-05-03,7,4,0,9,8,74098,2307
2011117,2011-05-04,7,0,4,1,7,70417,2308
2011118,2011-05-05,0,7,5,6,0,07560,2309
2011119,2011-05-06,2,9,5,0,6,29506,2310
2011120,2011-05-07,9,8,3,2,4,98324,2311
2011121,2011-05-08,6,4,9,5,4,64954,2312
2011122,2011-05-09,0,3,3,9,3,03393,2313
2011123,2011-05-10,5,3,5,9,0,53590,2314
2011124,2011-05-11,7,7,4,1,7,77417,2315
2011125,2011-05-12,3,2,7,3,4,32734,2316
2011126,2011-05-13,2,9,9,8,7,29987,2317
2011127,2011-05-14,5,4,3,6,2,54362,2318
2011128,2011-05-15,7,3,3,4,2,73342,2319
2011129,2011-05-16,4,2,0,5,9,42059,2320
2011130,2011-05-17,0,5,9,6,2,05962,2321
2011131,2011-05-18,2,3,3,8,5,23385,2322
2011132,2011-05-19,6,5,2,9,7,65297,2323
2011133,2011-05-20,4,8,7,5,5,48755,2324
2011134,2011-05-21,4,1,9,3,3,41933,2325
2011135,2011-05-22,4,3,7,2,8,43728,2326
2011136,2011-05-23,3,9,6,1,2,39612,2327
2011137,2011-05-24,2,4,3,2,9,24329,2328
2011138,2011-05-25,9,0,7,1,3,90713,2329
2011139,2011-05-26,5,3,8,6,0,53860,2330
2011140,2011-05-27,8,0,7,8,2,80782,2331
2011141,2011-05-28,6,3,9,8,0,63980,2332
2011142,2011-05-29,8,8,9,8,6,88986,2333
2011143,2011-05-30,0,5,2,8,7,05287,2334
2011144,2011-05-31,1,2,4,2,2,12422,2335
2011145,2011-06-01,1,0,7,2,1,10721,2336
2011146,2011-06-02,3,7,9,4,2,37942,2337
2011147,2011-06-03,8,8,7,2,7,88727,2338
2011148,2011-06-04,5,8,9,5,4,58954,2339
2011149,2011-06-05,8,8,4,6,8,88468,2340
2011150,2011-06-06,8,6,5,5,2,86552,2341
2011151,2011-06-07,9,8,5,6,8,98568,2342
2011152,2011-06-08,9,7,4,1,0,97410,2343
2011153,2011-06-09,6,2,9,5,4,62954,2344
2011154,2011-06-10,7,6,5,4,7,76547,2345
2011155,2011-06-11,6,5,2,2,0,65220,2346
2011156,2011-06-12,2,4,1,0,2,24102,2347
2011157,2011-06-13,4,1,9,3,9,41939,2348
2011158,2011-06-14,1,0,4,6,5,10465,2349
2011159,2011-06-15,8,9,6,9,5,89695,2350
2011160,2011-06-16,7,1,3,0,6,71306,2351
2011161,2011-06-17,8,1,5,7,9,81579,2352
2011162,2011-06-18,2,3,9,4,1,23941,2353
2011163,2011-06-19,3,7,8,6,9,37869,2354
2011164,2011-06-20,6,8,9,1,7,68917,2355
2011165,2011-06-21,5,7,8,5,1,57851,2356
2011166,2011-06-22,8,2,6,8,6,82686,2357
2011167,2011-06-23,4,6,2,0,1,46201,2358
2011168,2011-06-24,2,9,7,0,8,29708,2359
2011169,2011-06-25,5,2,0,7,7,52077,2360
2011170,2011-06-26,3,5,3,5,2,35352,2361
2011171,2011-06-27,9,9,1,6,3,99163,2362
2011172,2011-06-28,2,6,6,7,4,26674,2363
2011173,2011-06-29,9,1,7,2,8,91728,2364
2011174,2011-06-30,3,1,0,9,5,31095,2365
2011175,2011-07-01,9,0,9,7,9,90979,2366
2011176,2011-07-02,5,7,2,1,8,57218,2367
2011177,2011-07-03,8,4,3,2,4,84324,2368
2011178,2011-07-04,1,9,0,1,4,19014,2369
2011179,2011-07-05,1,2,3,3,0,12330,2370
2011180,2011-07-06,5,5,3,8,8,55388,2371
2011181,2011-07-07,5,9,9,9,6,59996,2372
2011182,2011-07-08,2,6,2,0,6,26206,2373
2011183,2011-07-09,7,9,3,1,4,79314,2374
2011184,2011-07-10,0,3,9,8,3,03983,2375
2011185,2011-07-11,4,5,7,8,6,45786,2376
2011186,2011-07-12,7,7,5,9,0,77590,2377
2011187,2011-07-13,8,1,2,6,4,81264,2378
2011188,2011-07-14,7,6,8,0,7,76807,2379
2011189,2011-07-15,0,0,3,8,0,00380,2380
2011190,2011-07-16,1,2,5,7,3,12573,2381
2011191,2011-07-17,4,1,9,7,3,41973,2382
2011192,2011-07-18,8,1,2,2,7,81227,2383
2011193,2011-07-19,7,0,0,5,8,70058,2384
2011194,2011-07-20,8,8,9,8,8,88988,2385
2011195,2011-07-21,8,6,1,0,7,86107,2386
2011196,2011-07-22,7,0,8,1,2,70812,2387
2011197,2011-07-23,3,1,8,4,7,31847,2388
2011198,2011-07-24,6,6,8,4,2,66842,2389
2011199,2011-07-25,0,0,4,9,3,00493,2390
2011200,2011-07-26,7,6,9,6,9,76969,2391
2011201,2011-07-27,6,7,9,5,2,67952,2392
2011202,2011-07-28,6,3,3,9,2,63392,2393
2011203,2011-07-29,5,8,3,8,8,58388,2394
2011204,2011-07-30,5,8,7,8,7,58787,2395
2011205,2011-07-31,6,7,5,9,8,67598,2396
2011206,2011-08-01,8,5,2,9,0,85290,2397
2011207,2011-08-02,6,4,8,1,8,64818,2398
2011208,2011-08-03,6,1,5,6,6,61566,2399
2011209,2011-08-04,2,8,1,3,4,28134,2400
2011210,2011-08-05,9,7,6,6,9,97669,2401
2011211,2011-08-06,3,2,6,6,5,32665,2402
2011212,2011-08-07,3,3,1,6,1,33161,2403
2011213,2011-08-08,8,0,6,5,6,80656,2404
2011214,2011-08-09,2,5,4,1,3,25413,2405
2011215,2011-08-10,7,9,7,6,4,79764,2406
2011216,2011-08-11,5,0,6,7,3,50673,2407
2011217,2011-08-12,6,0,7,2,1,60721,2408
2011218,2011-08-13,9,0,5,6,9,90569,2409
2011219,2011-08-14,5,4,7,4,2,54742,2410
2011220,2011-08-15,6,0,4,6,4,60464,2411
2011221,2011-08-16,3,6,9,4,0,36940,2412
2011222,2011-08-17,4,3,5,9,0,43590,2413
2011223,2011-08-18,6,7,7,2,7,67727,2414
2011224,2011-08-19,4,7,8,9,4,47894,2415
2011225,2011-08-20,8,8,6,9,0,88690,2416
2011226,2011-08-21,6,3,2,6,6,63266,2417
2011227,2011-08-22,8,2,1,0,8,82108,2418
2011228,2011-08-23,3,2,4,9,7,32497,2419
2011229,2011-08-24,1,0,5,2,3,10523,2420
2011230,2011-08-25,8,7,4,4,8,87448,2421
2011231,2011-08-26,8,5,3,9,2,85392,2422
2011232,2011-08-27,9,2,3,1,2,92312,2423
2011233,2011-08-28,5,6,1,9,2,56192,2424
2011234,2011-08-29,0,9,3,2,0,09320,2425
2011235,2011-08-30,3,0,4,0,7,30407,2426
2011236,2011-08-31,7,3,7,2,7,73727,2427
2011237,2011-09-01,3,7,2,4,5,37245,2428
2011238,2011-09-02,0,1,3,7,2,01372,2429
2011239,2011-09-03,8,8,2,6,6,88266,2430
2011240,2011-09-04,0,8,6,3,0,08630,2431
2011241,2011-09-05,6,4,8,3,7,64837,2432
2011242,2011-09-06,9,6,7,7,4,96774,2433
2011243,2011-09-07,7,2,1,5,9,72159,2434
2011244,2011-09-08,9,6,2,3,5,96235,2435
2011245,2011-09-09,3,1,0,5,0,31050,2436
2011246,2011-09-10,0,1,4,6,9,01469,2437
2011247,2011-09-11,4,3,0,1,7,43017,2438
2011248,2011-09-12,4,4,2,9,1,44291,2439
2011249,2011-09-13,7,5,6,5,8,75658,2440
2011250,2011-09-14,3,4,3,7,6,34376,2441
2011251,2011-09-15,4,3,1,7,4,43174,2442
2011252,2011-09-16,4,3,2,4,0,43240,2443
2011253,2011-09-17,6,1,0,1,8,61018,2444
2011254,2011-09-18,8,5,3,0,1,85301,2445
2011255,2011-09-19,5,4,6,1,7,54617,2446
2011256,2011-09-20,9,8,5,3,9,98539,2447
2011257,2011-09-21,1,6,1,6,8,16168,2448
2011258,2011-09-22,3,7,0,8,0,37080,2449
2011259,2011-09-23,8,6,7,6,0,86760,2450
2011260,2011-09-24,6,5,3,9,0,65390,2451
2011261,2011-09-25,5,8,7,7,8,58778,2452
2011262,2011-09-26,9,2,5,1,9,92519,2453
2011263,2011-09-27,5,0,3,2,9,50329,2454
2011264,2011-09-28,3,7,9,6,9,37969,2455
2011265,2011-09-29,4,9,8,5,5,49855,2456
2011266,2011-09-30,4,9,8,8,4,49884,2457
2011267,2011-10-01,7,8,6,3,7,78637,2458
2011268,2011-10-02,3,7,8,1,6,37816,2459
2011269,2011-10-03,8,7,6,8,8,87688,2460
2011270,2011-10-04,1,5,5,3,7,15537,2461
2011271,2011-10-05,0,1,4,8,9,01489,2462
2011272,2011-10-06,9,4,6,6,3,94663,2463
2011273,2011-10-07,8,3,2,1,7,83217,2464
2011274,2011-10-08,3,5,9,5,2,35952,2465
2011275,2011-10-09,0,5,9,9,7,05997,2466
2011276,2011-10-10,8,8,0,6,8,88068,2467
2011277,2011-10-11,3,2,4,3,8,32438,2468
2011278,2011-10-12,9,5,1,8,9,95189,2469
2011279,2011-10-13,3,8,2,1,2,38212,2470
2011280,2011-10-14,8,7,5,0,0,87500,2471
2011281,2011-10-15,2,1,4,8,7,21487,2472
2011282,2011-10-16,8,9,3,8,6,89386,2473
2011283,2011-10-17,9,0,5,7,4,90574,2474
2011284,2011-10-18,2,0,5,6,5,20565,2475
2011285,2011-10-19,2,6,4,7,2,26472,2476
2011286,2011-10-20,2,3,1,4,6,23146,2477
2011287,2011-10-21,6,7,2,0,0,67200,2478
2011288,2011-10-22,6,2,9,4,9,62949,2479
2011289,2011-10-23,5,0,4,4,6,50446,2480
2011290,2011-10-24,6,0,4,4,5,60445,2481
2011291,2011-10-25,0,9,3,4,7,09347,2482
2011292,2011-10-26,3,9,3,1,1,39311,2483
2011293,2011-10-27,2,5,6,4,2,25642,2484
2011294,2011-10-28,9,5,9,3,8,95938,2485
2011295,2011-10-29,3,2,9,9,5,32995,2486
2011296,2011-10-30,8,3,3,5,7,83357,2487
2011297,2011-10-31,4,5,8,3,7,45837,2488
2011298,2011-11-01,0,9,9,8,4,09984,2489
2011299,2011-11-02,0,0,6,8,1,00681,2490
2011300,2011-11-03,8,2,2,2,8,82228,2491
2011301,2011-11-04,6,4,1,7,7,64177,2492
2011302,2011-11-05,4,9,6,6,9,49669,2493
2011303,2011-11-06,1,0,7,5,4,10754,2494
2011304,2011-11-07,3,2,2,9,6,32296,2495
2011305,2011-11-08,1,1,6,3,1,11631,2496
2011306,2011-11-09,6,2,6,6,2,62662,2497
2011307,2011-11-10,9,9,0,7,3,99073,2498
2011308,2011-11-11,6,6,9,7,8,66978,2499
2011309,2011-11-12,7,7,3,9,2,77392,2500
2011310,2011-11-13,8,2,5,1,8,82518,2501
2011311,2011-11-14,0,9,4,3,8,09438,2502
2011312,2011-11-15,3,6,5,9,6,36596,2503
2011313,2011-11-16,4,6,6,4,4,46644,2504
2011314,2011-11-17,7,8,3,4,5,78345,2505
2011315,2011-11-18,3,7,4,9,9,37499,2506
2011316,2011-11-19,5,3,8,9,4,53894,2507
2011317,2011-11-20,4,9,2,2,6,49226,2508
2011318,2011-11-21,4,1,3,3,6,41336,2509
2011319,2011-11-22,3,5,6,1,9,35619,2510
2011320,2011-11-23,8,7,0,3,9,87039,2511
2011321,2011-11-24,3,6,5,5,4,36554,2512
2011322,2011-11-25,3,6,8,9,2,36892,2513
2011323,2011-11-26,4,7,2,9,9,47299,2514
2011324,2011-11-27,1,5,6,1,9,15619,2515
2011325,2011-11-28,0,3,9,0,5,03905,2516
2011326,2011-11-29,0,9,2,0,2,09202,2517
2011327,2011-11-30,4,6,5,6,0,46560,2518
2011328,2011-12-01,8,1,1,1,5,81115,2519
2011329,2011-12-02,6,4,8,4,0,64840,2520
2011330,2011-12-03,8,8,8,8,4,88884,2521
2011331,2011-12-04,9,4,3,5,8,94358,2522
2011332,2011-12-05,8,9,7,2,7,89727,2523
2011333,2011-12-06,3,5,2,0,5,35205,2524
2011334,2011-12-07,8,0,3,5,5,80355,2525
2011335,2011-12-08,4,3,6,2,6,43626,2526
2011336,2011-12-09,7,4,7,1,6,74716,2527
2011337,2011-12-10,3,8,7,6,8,38768,2528
2011338,2011-12-11,8,8,8,3,1,88831,2529
2011339,2011-12-12,5,1,4,1,6,51416,2530
2011340,2011-12-13,9,7,3,7,8,97378,2531
2011341,2011-12-14,8,7,4,5,2,87452,2532
2011342,2011-12-15,2,0,4,2,5,20425,2533
2011343,2011-12-16,9,6,1,6,0,96160,2534
2011344,2011-12-17,3,6,0,1,9,36019,2535
2011345,2011-12-18,2,9,6,4,5,29645,2536
2011346,2011-12-19,4,9,4,9,3,49493,2537
2011347,2011-12-20,2,9,0,7,1,29071,2538
2011348,2011-12-21,2,2,7,2,3,22723,2539
2011349,2011-12-22,0,0,0,7,6,00076,2540
2011350,2011-12-23,9,2,7,6,0,92760,2541
2011351,2011-12-24,3,0,0,1,8,30018,2542
2011352,2011-12-25,1,4,2,6,5,14265,2543
2011353,2011-12-26,0,6,8,1,6,06816,2544
2011354,2011-12-27,3,0,1,2,5,30125,2545
2011355,2011-12-28,5,1,8,0,3,51803,2546
2011356,2011-12-29,4,7,0,4,7,47047,2547
2011357,2011-12-30,2,3,9,4,3,23943,2548
2011358,2011-12-31,7,2,5,9,4,72594,2549
2012001,2012-01-01,0,0,3,6,0,00360,2550
2012002,2012-01-02,4,0,9,9,7,40997,2551
2012003,2012-01-03,1,8,1,9,4,18194,2552
2012004,2012-01-04,9,8,9,4,4,98944,2553
2012005,2012-01-05,6,0,9,9,7,60997,2554
2012006,2012-01-06,3,6,4,2,6,36426,2555
2012007,2012-01-07,6,8,2,4,0,68240,2556
2012008,2012-01-08,8,2,4,6,1,82461,2557
2012009,2012-01-09,3,1,6,2,4,31624,2558
2012010,2012-01-10,0,3,9,7,8,03978,2559
2012011,2012-01-11,9,1,4,6,7,91467,2560
2012012,2012-01-12,4,1,3,4,4,41344,2561
2012013,2012-01-13,3,4,9,5,8,34958,2562
2012014,2012-01-14,0,8,5,5,2,08552,2563
2012015,2012-01-15,2,3,4,4,4,23444,2564
2012016,2012-01-16,7,6,5,4,0,76540,2565
2012017,2012-01-17,5,1,5,3,0,51530,2566
2012018,2012-01-18,4,6,5,4,3,46543,2567
2012019,2012-01-19,8,5,5,7,3,85573,2568
2012020,2012-01-20,0,1,9,0,6,01906,2569
2012021,2012-01-21,1,3,8,9,7,13897,2570
2012022,2012-01-29,6,4,4,4,0,64440,2571
2012023,2012-01-30,7,4,1,0,6,74106,2572
2012024,2012-01-31,3,3,4,8,6,33486,2573
2012025,2012-02-01,9,9,7,1,4,99714,2574
2012026,2012-02-02,8,3,3,9,0,83390,2575
2012027,2012-02-03,0,0,6,5,0,00650,2576
2012028,2012-02-04,6,8,9,4,9,68949,2577
2012029,2012-02-05,7,7,9,1,1,77911,2578
2012030,2012-02-06,6,6,5,0,1,66501,2579
2012031,2012-02-07,9,8,8,1,1,98811,2580
2012032,2012-02-08,5,0,3,9,9,50399,2581
2012033,2012-02-09,1,2,7,6,4,12764,2582
2012034,2012-02-10,7,4,1,6,2,74162,2583
2012035,2012-02-11,2,7,4,6,1,27461,2584
2012036,2012-02-12,0,3,4,0,2,03402,2585
2012037,2012-02-13,4,4,3,1,3,44313,2586
2012038,2012-02-14,5,2,8,5,4,52854,2587
2012039,2012-02-15,8,5,5,2,7,85527,2588
2012040,2012-02-16,8,1,8,5,5,81855,2589
2012041,2012-02-17,3,4,1,6,8,34168,2590
2012042,2012-02-18,8,4,1,2,2,84122,2591
2012043,2012-02-19,3,5,2,1,8,35218,2592
2012044,2012-02-20,6,8,3,1,6,68316,2593
2012045,2012-02-21,4,2,1,2,9,42129,2594
2012046,2012-02-22,3,7,3,3,2,37332,2595
2012047,2012-02-23,4,9,6,2,1,49621,2596
2012048,2012-02-24,8,3,3,1,4,83314,2597
2012049,2012-02-25,0,4,4,9,3,04493,2598
2012050,2012-02-26,7,7,8,3,9,77839,2599
2012051,2012-02-27,4,6,7,1,1,46711,2600
2012052,2012-02-28,8,4,1,4,4,84144,2601
2012053,2012-02-29,5,3,5,9,4,53594,2602
2012054,2012-03-01,0,5,7,2,5,05725,2603
2012055,2012-03-02,0,6,6,5,4,06654,2604
2012056,2012-03-03,1,4,3,8,5,14385,2605
2012057,2012-03-04,6,9,1,5,2,69152,2606
2012058,2012-03-05,2,5,9,4,2,25942,2607
2012059,2012-03-06,3,4,6,6,9,34669,2608
2012060,2012-03-07,4,2,4,0,5,42405,2609
2012061,2012-03-08,7,1,3,6,3,71363,2610
2012062,2012-03-09,3,5,0,3,1,35031,2611
2012063,2012-03-10,7,7,3,0,6,77306,2612
2012064,2012-03-11,8,3,1,2,2,83122,2613
2012065,2012-03-12,3,6,3,8,6,36386,2614
2012066,2012-03-13,0,8,4,0,4,08404,2615
2012067,2012-03-14,4,2,2,5,4,42254,2616
2012068,2012-03-15,9,2,5,6,7,92567,2617
2012069,2012-03-16,7,2,1,0,6,72106,2618
2012070,2012-03-17,3,0,0,3,2,30032,2619
2012071,2012-03-18,6,1,3,6,9,61369,2620
2012072,2012-03-19,9,9,8,7,7,99877,2621
2012073,2012-03-20,4,6,4,2,2,46422,2622
2012074,2012-03-21,2,7,6,9,0,27690,2623
2012075,2012-03-22,9,8,9,6,4,98964,2624
2012076,2012-03-23,0,7,8,7,8,07878,2625
2012077,2012-03-24,4,1,2,3,4,41234,2626
2012078,2012-03-25,6,6,0,5,6,66056,2627
2012079,2012-03-26,0,1,0,4,4,01044,2628
2012080,2012-03-27,7,7,2,4,3,77243,2629
2012081,2012-03-28,3,9,9,4,9,39949,2630
2012082,2012-03-29,9,9,0,3,6,99036,2631
2012083,2012-03-30,6,8,8,0,3,68803,2632
2012084,2012-03-31,2,3,8,9,1,23891,2633
2012085,2012-04-01,4,7,8,4,7,47847,2634
2012086,2012-04-02,7,1,6,1,5,71615,2635
2012087,2012-04-03,6,8,4,2,9,68429,2636
2012088,2012-04-04,5,3,5,3,9,53539,2637
2012089,2012-04-05,2,2,1,6,6,22166,2638
2012090,2012-04-06,6,8,2,6,3,68263,2639
2012091,2012-04-07,8,3,5,7,6,83576,2640
2012092,2012-04-08,7,3,9,2,6,73926,2641
2012093,2012-04-09,6,7,1,2,8,67128,2642
2012094,2012-04-10,6,0,8,0,7,60807,2643
2012095,2012-04-11,9,5,6,4,6,95646,2644
2012096,2012-04-12,7,4,9,8,3,74983,2645
2012097,2012-04-13,6,8,2,8,8,68288,2646
2012098,2012-04-14,6,1,1,4,4,61144,2647
2012099,2012-04-15,1,0,5,4,1,10541,2648
2012100,2012-04-16,4,8,9,6,1,48961,2649
2012101,2012-04-17,3,7,7,7,0,37770,2650
2012102,2012-04-18,9,5,5,2,9,95529,2651
2012103,2012-04-19,2,7,3,4,6,27346,2652
2012104,2012-04-20,3,8,8,1,7,38817,2653
2012105,2012-04-21,5,4,2,1,9,54219,2654
2012106,2012-04-22,6,8,2,4,3,68243,2655
2012107,2012-04-23,2,6,9,1,1,26911,2656
2012108,2012-04-24,3,9,9,8,0,39980,2657
2012109,2012-04-25,2,4,1,3,9,24139,2658
2012110,2012-04-26,7,0,4,4,2,70442,2659
2012111,2012-04-27,4,6,1,6,1,46161,2660
2012112,2012-04-28,7,5,0,7,4,75074,2661
2012113,2012-04-29,4,3,2,8,6,43286,2662
2012114,2012-04-30,0,7,9,2,1,07921,2663
2012115,2012-05-01,0,2,9,0,7,02907,2664
2012116,2012-05-02,4,7,1,8,4,47184,2665
2012117,2012-05-03,0,4,2,4,4,04244,2666
2012118,2012-05-04,8,0,4,3,2,80432,2667
2012119,2012-05-05,8,3,6,7,2,83672,2668
2012120,2012-05-06,4,6,9,0,5,46905,2669
2012121,2012-05-07,6,7,0,9,8,67098,2670
2012122,2012-05-08,4,7,4,2,1,47421,2671
2012123,2012-05-09,6,2,2,6,3,62263,2672
2012124,2012-05-10,9,0,1,0,3,90103,2673
2012125,2012-05-11,6,7,8,3,2,67832,2674
2012126,2012-05-12,2,8,1,0,1,28101,2675
2012127,2012-05-13,2,0,5,3,9,20539,2676
2012128,2012-05-14,1,7,8,0,5,17805,2677
2012129,2012-05-15,9,2,1,9,0,92190,2678
2012130,2012-05-16,2,1,1,0,0,21100,2679
2012131,2012-05-17,5,8,6,6,3,58663,2680
2012132,2012-05-18,6,2,6,9,4,62694,2681
2012133,2012-05-19,6,3,8,8,1,63881,2682
2012134,2012-05-20,0,4,9,7,6,04976,2683
2012135,2012-05-21,5,6,9,5,0,56950,2684
2012136,2012-05-22,7,2,0,9,1,72091,2685
2012137,2012-05-23,8,8,2,7,9,88279,2686
2012138,2012-05-24,3,8,4,5,0,38450,2687
2012139,2012-05-25,7,1,9,5,4,71954,2688
2012140,2012-05-26,0,4,4,9,1,04491,2689
2012141,2012-05-27,2,5,0,1,5,25015,2690
2012142,2012-05-28,9,6,7,5,4,96754,2691
2012143,2012-05-29,9,9,0,6,9,99069,2692
2012144,2012-05-30,2,7,8,0,5,27805,2693
2012145,2012-05-31,8,5,6,3,3,85633,2694
2012146,2012-06-01,7,2,8,6,4,72864,2695
2012147,2012-06-02,5,6,8,0,1,56801,2696
2012148,2012-06-03,5,2,4,2,4,52424,2697
2012149,2012-06-04,9,4,0,4,5,94045,2698
2012150,2012-06-05,5,9,8,5,2,59852,2699
2012151,2012-06-06,6,1,3,7,2,61372,2700
2012152,2012-06-07,7,3,9,0,9,73909,2701
2012153,2012-06-08,3,8,3,9,7,38397,2702
2012154,2012-06-09,2,0,6,4,3,20643,2703
2012155,2012-06-10,8,9,5,4,0,89540,2704
2012156,2012-06-11,4,4,0,2,9,44029,2705
2012157,2012-06-12,5,9,9,5,3,59953,2706
2012158,2012-06-13,7,7,2,4,1,77241,2707
2012159,2012-06-14,9,5,7,2,3,95723,2708
2012160,2012-06-15,9,7,0,0,3,97003,2709
2012161,2012-06-16,5,3,2,2,7,53227,2710
2012162,2012-06-17,2,4,3,5,2,24352,2711
2012163,2012-06-18,6,9,3,7,6,69376,2712
2012164,2012-06-19,7,1,8,7,1,71871,2713
2012165,2012-06-20,0,4,6,9,0,04690,2714
2012166,2012-06-21,8,6,2,8,9,86289,2715
2012167,2012-06-22,2,8,9,1,3,28913,2716
2012168,2012-06-23,6,5,1,9,9,65199,2717
2012169,2012-06-24,7,2,0,7,3,72073,2718
2012170,2012-06-25,7,8,8,7,2,78872,2719
2012171,2012-06-26,7,3,5,0,0,73500,2720
2012172,2012-06-27,4,3,7,8,7,43787,2721
2012173,2012-06-28,5,9,7,5,6,59756,2722
2012174,2012-06-29,2,1,8,0,3,21803,2723
2012175,2012-06-30,0,5,8,2,3,05823,2724
2012176,2012-07-01,4,0,0,0,5,40005,2725
2012177,2012-07-02,0,1,8,9,3,01893,2726
2012178,2012-07-03,3,5,7,5,8,35758,2727
2012179,2012-07-04,1,4,5,1,1,14511,2728
2012180,2012-07-05,9,9,0,1,7,99017,2729
2012181,2012-07-06,6,9,3,1,5,69315,2730
2012182,2012-07-07,4,5,6,7,5,45675,2731
2012183,2012-07-08,7,9,5,0,9,79509,2732
2012184,2012-07-09,1,6,9,3,7,16937,2733
2012185,2012-07-10,4,6,0,8,3,46083,2734
2012186,2012-07-11,6,7,3,6,6,67366,2735
2012187,2012-07-12,9,6,2,2,1,96221,2736
2012188,2012-07-13,6,3,8,7,5,63875,2737
2012189,2012-07-14,4,1,8,9,5,41895,2738
2012190,2012-07-15,3,1,3,3,4,31334,2739
2012191,2012-07-16,5,8,4,3,1,58431,2740
2012192,2012-07-17,5,7,6,9,9,57699,2741
2012193,2012-07-18,2,6,9,0,8,26908,2742
2012194,2012-07-19,1,5,9,0,6,15906,2743
2012195,2012-07-20,2,1,3,8,1,21381,2744
2012196,2012-07-21,9,9,3,3,7,99337,2745
2012197,2012-07-22,5,4,6,6,6,54666,2746
2012198,2012-07-23,1,1,2,9,1,11291,2747
2012199,2012-07-24,8,4,9,6,6,84966,2748
2012200,2012-07-25,2,8,2,9,6,28296,2749
2012201,2012-07-26,7,9,0,9,2,79092,2750
2012202,2012-07-27,1,0,2,5,3,10253,2751
2012203,2012-07-28,1,7,6,3,3,17633,2752
2012204,2012-07-29,3,6,1,5,3,36153,2753
2012205,2012-07-30,9,7,8,6,3,97863,2754
2012206,2012-07-31,6,0,8,7,0,60870,2755
2012207,2012-08-01,7,9,0,4,0,79040,2756
2012208,2012-08-02,7,5,7,1,3,75713,2757
2012209,2012-08-03,2,2,7,1,7,22717,2758
2012210,2012-08-04,5,7,4,1,2,57412,2759
2012211,2012-08-05,4,2,7,2,6,42726,2760
2012212,2012-08-06,1,4,4,0,5,14405,2761
2012213,2012-08-07,6,8,1,5,1,68151,2762
2012214,2012-08-08,3,2,1,3,9,32139,2763
2012215,2012-08-09,0,3,8,5,7,03857,2764
2012216,2012-08-10,7,7,5,0,7,77507,2765
2012217,2012-08-11,8,7,1,5,9,87159,2766
2012218,2012-08-12,1,7,0,3,0,17030,2767
2012219,2012-08-13,9,3,5,3,7,93537,2768
2012220,2012-08-14,0,9,9,8,3,09983,2769
2012221,2012-08-15,3,3,5,4,2,33542,2770
2012222,2012-08-16,2,4,0,2,1,24021,2771
2012223,2012-08-17,3,6,0,9,7,36097,2772
2012224,2012-08-18,5,4,0,2,0,54020,2773
2012225,2012-08-19,4,5,3,3,0,45330,2774
2012226,2012-08-20,0,1,0,4,7,01047,2775
2012227,2012-08-21,7,2,1,5,1,72151,2776
2012228,2012-08-22,0,8,1,1,6,08116,2777
2012229,2012-08-23,4,6,1,6,3,46163,2778
2012230,2012-08-24,6,4,4,6,9,64469,2779
2012231,2012-08-25,7,6,3,0,1,76301,2780
2012232,2012-08-26,1,4,7,1,2,14712,2781
2012233,2012-08-27,2,5,0,6,0,25060,2782
2012234,2012-08-28,6,1,1,2,3,61123,2783
2012235,2012-08-29,4,6,0,9,2,46092,2784
2012236,2012-08-30,9,2,9,3,4,92934,2785
2012237,2012-08-31,0,4,9,2,3,04923,2786
2012238,2012-09-01,0,9,7,8,9,09789,2787
2012239,2012-09-02,0,7,1,7,5,07175,2788
2012240,2012-09-03,0,6,3,9,1,06391,2789
2012241,2012-09-04,5,0,2,5,6,50256,2790
2012242,2012-09-05,9,6,8,3,1,96831,2791
2012243,2012-09-06,1,4,5,1,8,14518,2792
2012244,2012-09-07,4,5,3,5,3,45353,2793
2012245,2012-09-08,2,3,2,9,7,23297,2794
2012246,2012-09-09,5,7,1,5,6,57156,2795
2012247,2012-09-10,1,1,4,0,3,11403,2796
2012248,2012-09-11,9,4,0,7,2,94072,2797
2012249,2012-09-12,5,7,5,9,9,57599,2798
2012250,2012-09-13,9,9,9,5,2,99952,2799
2012251,2012-09-14,1,0,8,5,5,10855,2800
2012252,2012-09-15,8,9,2,8,2,89282,2801
2012253,2012-09-16,8,9,3,3,7,89337,2802
2012254,2012-09-17,6,7,9,1,0,67910,2803
2012255,2012-09-18,4,0,4,4,0,40440,2804
2012256,2012-09-19,0,9,2,4,9,09249,2805
2012257,2012-09-20,3,5,5,5,5,35555,2806
2012258,2012-09-21,7,9,4,4,1,79441,2807
2012259,2012-09-22,0,8,1,8,5,08185,2808
2012260,2012-09-23,4,5,7,0,1,45701,2809
2012261,2012-09-24,6,8,6,7,5,68675,2810
2012262,2012-09-25,5,0,6,7,2,50672,2811
2012263,2012-09-26,4,3,6,3,2,43632,2812
2012264,2012-09-27,0,9,2,0,9,09209,2813
2012265,2012-09-28,8,6,5,4,8,86548,2814
2012266,2012-09-29,1,0,0,7,4,10074,2815
2012267,2012-09-30,4,4,6,7,6,44676,2816
2012268,2012-10-01,6,3,0,6,9,63069,2817
2012269,2012-10-02,1,5,3,1,0,15310,2818
2012270,2012-10-03,5,2,1,3,8,52138,2819
2012271,2012-10-04,6,5,6,9,6,65696,2820
2012272,2012-10-05,9,7,3,1,6,97316,2821
2012273,2012-10-06,7,0,6,1,0,70610,2822
2012274,2012-10-07,5,6,7,1,9,56719,2823
2012275,2012-10-08,3,6,1,0,0,36100,2824
2012276,2012-10-09,1,7,9,2,3,17923,2825
2012277,2012-10-10,9,1,1,3,3,91133,2826
2012278,2012-10-11,6,6,3,4,6,66346,2827
2012279,2012-10-12,9,5,4,7,6,95476,2828
2012280,2012-10-13,0,6,3,1,6,06316,2829
2012281,2012-10-14,0,9,6,0,7,09607,2830
2012282,2012-10-15,0,1,0,4,1,01041,2831
2012283,2012-10-16,1,5,4,6,8,15468,2832
2012284,2012-10-17,5,6,0,5,4,56054,2833
2012285,2012-10-18,6,0,5,2,2,60522,2834
2012286,2012-10-19,0,4,4,3,4,04434,2835
2012287,2012-10-20,2,3,1,3,3,23133,2836
2012288,2012-10-21,5,7,6,3,7,57637,2837
2012289,2012-10-22,8,8,4,7,1,88471,2838
2012290,2012-10-23,9,7,4,9,8,97498,2839
2012291,2012-10-24,0,2,1,7,9,02179,2840
2012292,2012-10-25,2,0,3,3,4,20334,2841
2012293,2012-10-26,0,8,6,0,5,08605,2842
2012294,2012-10-27,1,3,7,8,0,13780,2843
2012295,2012-10-28,2,9,5,9,0,29590,2844
2012296,2012-10-29,4,8,9,1,8,48918,2845
2012297,2012-10-30,8,1,4,3,9,81439,2846
2012298,2012-10-31,8,3,3,0,1,83301,2847
2012299,2012-11-01,0,8,7,8,0,08780,2848
2012300,2012-11-02,9,5,4,7,2,95472,2849
2012301,2012-11-03,5,7,9,7,0,57970,2850
2012302,2012-11-04,3,4,3,3,2,34332,2851
2012303,2012-11-05,5,8,5,5,0,58550,2852
2012304,2012-11-06,4,1,9,7,7,41977,2853
2012305,2012-11-07,7,2,1,2,2,72122,2854
2012306,2012-11-08,3,3,7,6,0,33760,2855
2012307,2012-11-09,6,8,7,5,1,68751,2856
2012308,2012-11-10,2,9,9,6,0,29960,2857
2012309,2012-11-11,2,8,7,1,0,28710,2858
2012310,2012-11-12,6,4,4,9,0,64490,2859
2012311,2012-11-13,6,4,4,9,8,64498,2860
2012312,2012-11-14,0,5,6,4,0,05640,2861
2012313,2012-11-15,1,3,8,0,4,13804,2862
2012314,2012-11-16,6,2,4,6,5,62465,2863
2012315,2012-11-17,0,0,7,9,1,00791,2864
2012316,2012-11-18,7,0,8,3,3,70833,2865
2012317,2012-11-19,1,7,7,3,9,17739,2866
2012318,2012-11-20,8,3,6,2,6,83626,2867
2012319,2012-11-21,0,5,1,5,2,05152,2868
2012320,2012-11-22,0,0,9,2,2,00922,2869
2012321,2012-11-23,1,3,3,2,9,13329,2870
2012322,2012-11-24,1,7,6,1,5,17615,2871
2012323,2012-11-25,8,9,9,6,7,89967,2872
2012324,2012-11-26,8,8,8,5,5,88855,2873
2012325,2012-11-27,1,0,4,9,6,10496,2874
2012326,2012-11-28,8,9,6,8,2,89682,2875
2012327,2012-11-29,4,4,6,3,2,44632,2876
2012328,2012-11-30,8,1,4,1,9,81419,2877
2012329,2012-12-01,6,1,1,8,0,61180,2878
2012330,2012-12-02,2,1,9,8,7,21987,2879
2012331,2012-12-03,0,8,9,2,8,08928,2880
2012332,2012-12-04,8,2,2,0,6,82206,2881
2012333,2012-12-05,0,2,5,7,4,02574,2882
2012334,2012-12-06,5,2,4,2,1,52421,2883
2012335,2012-12-07,8,9,3,6,7,89367,2884
2012336,2012-12-08,5,5,7,7,1,55771,2885
2012337,2012-12-09,4,6,2,1,5,46215,2886
2012338,2012-12-10,3,3,1,5,8,33158,2887
2012339,2012-12-11,2,7,4,3,5,27435,2888
2012340,2012-12-12,6,5,4,0,0,65400,2889
2012341,2012-12-13,4,7,2,5,4,47254,2890
2012342,2012-12-14,4,9,2,7,4,49274,2891
2012343,2012-12-15,7,2,2,2,1,72221,2892
2012344,2012-12-16,4,8,8,3,5,48835,2893
2012345,2012-12-17,3,9,0,5,3,39053,2894
2012346,2012-12-18,4,3,7,5,2,43752,2895
2012347,2012-12-19,4,1,9,6,1,41961,2896
2012348,2012-12-20,8,2,1,2,1,82121,2897
2012349,2012-12-21,0,4,1,6,6,04166,2898
2012350,2012-12-22,8,9,6,1,2,89612,2899
2012351,2012-12-23,9,9,2,9,9,99299,2900
2012352,2012-12-24,9,4,4,2,2,94422,2901
2012353,2012-12-25,4,6,9,9,4,46994,2902
2012354,2012-12-26,1,8,3,1,2,18312,2903
2012355,2012-12-27,3,6,9,3,8,36938,2904
2012356,2012-12-28,4,6,2,0,3,46203,2905
2012357,2012-12-29,1,1,1,8,6,11186,2906
2012358,2012-12-30,0,1,2,5,6,01256,2907
2012359,2012-12-31,1,4,6,7,4,14674,2908
2013001,2013-01-01,5,2,4,9,6,52496,2909
2013002,2013-01-02,5,9,9,7,5,59975,2910
2013003,2013-01-03,7,2,4,2,0,72420,2911
2013004,2013-01-04,1,8,4,7,0,18470,2912
2013005,2013-01-05,4,6,8,1,3,46813,2913
2013006,2013-01-06,8,5,3,4,6,85346,2914
2013007,2013-01-07,6,2,6,8,8,62688,2915
2013008,2013-01-08,5,9,9,0,4,59904,2916
2013009,2013-01-09,5,7,4,7,0,57470,2917
2013010,2013-01-10,6,8,8,3,6,68836,2918
2013011,2013-01-11,6,1,8,2,4,61824,2919
2013012,2013-01-12,7,6,0,8,5,76085,2920
2013013,2013-01-13,2,9,2,4,9,29249,2921
2013014,2013-01-14,2,6,6,5,7,26657,2922
2013015,2013-01-15,6,4,7,9,0,64790,2923
2013016,2013-01-16,7,0,8,5,6,70856,2924
2013017,2013-01-17,3,5,9,2,3,35923,2925
2013018,2013-01-18,8,2,4,5,3,82453,2926
2013019,2013-01-19,5,6,7,7,9,56779,2927
2013020,2013-01-20,9,6,3,2,8,96328,2928
2013021,2013-01-21,7,1,9,4,8,71948,2929
2013022,2013-01-22,7,4,4,7,1,74471,2930
2013023,2013-01-23,6,7,2,0,4,67204,2931
2013024,2013-01-24,8,5,9,4,9,85949,2932
2013025,2013-01-25,3,2,2,6,6,32266,2933
2013026,2013-01-26,8,9,5,4,5,89545,2934
2013027,2013-01-27,4,9,0,7,0,49070,2935
2013028,2013-01-28,0,7,2,9,1,07291,2936
2013029,2013-01-29,7,2,2,5,8,72258,2937
2013030,2013-01-30,3,5,4,6,7,35467,2938
2013031,2013-01-31,5,9,3,3,4,59334,2939
2013032,2013-02-01,8,9,8,7,6,89876,2940
2013033,2013-02-02,3,2,5,3,8,32538,2941
2013034,2013-02-03,6,9,0,1,0,69010,2942
2013035,2013-02-04,4,4,6,4,5,44645,2943
2013036,2013-02-05,9,2,1,4,1,92141,2944
2013037,2013-02-06,3,6,5,6,8,36568,2945
2013038,2013-02-07,8,0,6,7,7,80677,2946
2013039,2013-02-08,9,1,1,5,0,91150,2947
2013040,2013-02-16,8,9,8,5,5,89855,2948
2013041,2013-02-17,9,8,6,4,2,98642,2949
2013042,2013-02-18,0,9,1,1,8,09118,2950
2013043,2013-02-19,5,3,0,7,0,53070,2951
2013044,2013-02-20,7,3,1,3,1,73131,2952
2013045,2013-02-21,2,9,9,0,2,29902,2953
2013046,2013-02-22,4,4,6,5,3,44653,2954
2013047,2013-02-23,0,7,2,0,5,07205,2955
2013048,2013-02-24,2,6,3,4,4,26344,2956
2013049,2013-02-25,7,2,8,1,4,72814,2957
2013050,2013-02-26,2,2,1,8,1,22181,2958
2013051,2013-02-27,6,5,2,7,2,65272,2959
2013052,2013-02-28,6,4,2,1,6,64216,2960
2013053,2013-03-01,2,1,2,0,0,21200,2961
2013054,2013-03-02,7,3,2,6,3,73263,2962
2013055,2013-03-03,0,5,3,0,4,05304,2963
2013056,2013-03-04,4,8,1,7,6,48176,2964
2013057,2013-03-05,6,3,9,9,7,63997,2965
2013058,2013-03-06,2,4,8,3,3,24833,2966
2013059,2013-03-07,9,5,4,3,3,95433,2967
2013060,2013-03-08,5,3,0,7,0,53070,2968
2013061,2013-03-09,1,0,6,7,5,10675,2969
2013062,2013-03-10,1,4,3,5,4,14354,2970
2013063,2013-03-11,8,8,2,3,4,88234,2971
2013064,2013-03-12,4,6,5,4,4,46544,2972
2013065,2013-03-13,2,2,2,7,8,22278,2973
2013066,2013-03-14,1,5,8,1,8,15818,2974
2013067,2013-03-15,0,4,4,6,4,04464,2975
2013068,2013-03-16,2,4,4,8,3,24483,2976
2013069,2013-03-17,1,1,9,2,1,11921,2977
2013070,2013-03-18,1,4,9,1,1,14911,2978
2013071,2013-03-19,0,4,0,2,0,04020,2979
2013072,2013-03-20,3,3,0,7,4,33074,2980
2013073,2013-03-21,0,4,3,5,7,04357,2981
2013074,2013-03-22,8,5,8,2,6,85826,2982
2013075,2013-03-23,9,5,4,1,7,95417,2983
2013076,2013-03-24,5,4,5,5,4,54554,2984
2013077,2013-03-25,9,1,1,0,8,91108,2985
2013078,2013-03-26,6,6,6,2,3,66623,2986
2013079,2013-03-27,1,5,4,9,0,15490,2987
2013080,2013-03-28,2,3,7,3,9,23739,2988
2013081,2013-03-29,8,4,2,4,8,84248,2989
2013082,2013-03-30,5,4,6,9,6,54696,2990
2013083,2013-03-31,7,5,2,0,7,75207,2991
2013084,2013-04-01,1,2,5,9,2,12592,2992
2013085,2013-04-02,5,2,7,0,8,52708,2993
2013086,2013-04-03,6,7,9,4,7,67947,2994
2013087,2013-04-04,0,0,7,6,2,00762,2995
2013088,2013-04-05,8,0,6,0,9,80609,2996
2013089,2013-04-06,0,3,0,7,0,03070,2997
2013090,2013-04-07,1,4,3,6,1,14361,2998
2013091,2013-04-08,0,2,2,9,1,02291,2999
2013092,2013-04-09,6,9,1,2,2,69122,3000
2013093,2013-04-10,4,7,3,6,7,47367,3001
2013094,2013-04-11,5,0,2,2,0,50220,3002
2013095,2013-04-12,5,0,2,0,0,50200,3003
2013096,2013-04-13,3,4,2,2,8,34228,3004
2013097,2013-04-14,4,9,3,1,8,49318,3005
2013098,2013-04-15,2,4,9,0,9,24909,3006
2013099,2013-04-16,0,7,8,8,6,07886,3007
2013100,2013-04-17,7,6,4,0,1,76401,3008
2013101,2013-04-18,2,3,8,4,9,23849,3009
2013102,2013-04-19,8,6,2,5,2,86252,3010
2013103,2013-04-20,9,7,9,1,6,97916,3011
2013104,2013-04-21,8,4,5,8,7,84587,3012
2013105,2013-04-22,8,2,0,5,2,82052,3013
2013106,2013-04-23,5,1,1,1,6,51116,3014
2013107,2013-04-24,7,6,0,3,6,76036,3015
2013108,2013-04-25,3,2,0,6,5,32065,3016
2013109,2013-04-26,0,6,2,7,8,06278,3017
2013110,2013-04-27,1,6,4,6,9,16469,3018
2013111,2013-04-28,1,8,1,4,8,18148,3019
2013112,2013-04-29,6,0,6,2,1,60621,3020
2013113,2013-04-30,5,9,3,8,3,59383,3021
2013114,2013-05-01,2,4,6,4,8,24648,3022
2013115,2013-05-02,9,8,8,0,9,98809,3023
2013116,2013-05-03,0,4,7,5,7,04757,3024
2013117,2013-05-04,8,2,9,4,3,82943,3025
2013118,2013-05-05,4,0,5,2,1,40521,3026
2013119,2013-05-06,0,9,9,2,2,09922,3027
2013120,2013-05-07,2,9,0,9,3,29093,3028
2013121,2013-05-08,5,6,5,9,3,56593,3029
2013122,2013-05-09,8,7,7,7,2,87772,3030
2013123,2013-05-10,0,5,7,8,5,05785,3031
2013124,2013-05-11,3,6,3,1,3,36313,3032
2013125,2013-05-12,4,4,3,1,9,44319,3033
2013126,2013-05-13,6,3,0,1,0,63010,3034
2013127,2013-05-14,5,3,9,7,3,53973,3035
2013128,2013-05-15,0,8,2,2,3,08223,3036
2013129,2013-05-16,0,8,6,8,0,08680,3037
2013130,2013-05-17,0,4,3,5,8,04358,3038
2013131,2013-05-18,3,9,2,9,4,39294,3039
2013132,2013-05-19,1,0,4,0,0,10400,3040
2013133,2013-05-20,0,2,2,1,7,02217,3041
2013134,2013-05-21,2,6,0,2,1,26021,3042
2013135,2013-05-22,3,4,9,1,6,34916,3043
2013136,2013-05-23,5,6,8,0,5,56805,3044
2013137,2013-05-24,1,0,2,8,2,10282,3045
2013138,2013-05-25,0,4,0,8,5,04085,3046
2013139,2013-05-26,0,3,2,1,2,03212,3047
2013140,2013-05-27,8,5,7,0,3,85703,3048
2013141,2013-05-28,4,6,2,1,3,46213,3049
2013142,2013-05-29,9,1,4,5,1,91451,3050
2013143,2013-05-30,8,6,2,8,8,86288,3051
2013144,2013-05-31,1,5,2,4,7,15247,3052
2013145,2013-06-01,2,8,0,3,6,28036,3053
2013146,2013-06-02,7,2,1,0,8,72108,3054
2013147,2013-06-03,6,2,2,3,8,62238,3055
2013148,2013-06-04,8,0,3,7,7,80377,3056
2013149,2013-06-05,9,3,6,7,4,93674,3057
2013150,2013-06-06,0,3,6,8,8,03688,3058
2013151,2013-06-07,8,7,6,0,3,87603,3059
2013152,2013-06-08,4,3,8,2,4,43824,3060
2013153,2013-06-09,2,7,0,0,9,27009,3061
2013154,2013-06-10,9,5,4,3,9,95439,3062
2013155,2013-06-11,0,9,6,4,5,09645,3063
2013156,2013-06-12,1,2,8,9,3,12893,3064
2013157,2013-06-13,5,8,8,9,9,58899,3065
2013158,2013-06-14,4,7,0,0,0,47000,3066
2013159,2013-06-15,5,5,4,0,6,55406,3067
2013160,2013-06-16,0,3,6,5,7,03657,3068
2013161,2013-06-17,1,3,3,5,9,13359,3069
2013162,2013-06-18,1,9,9,5,9,19959,3070
2013163,2013-06-19,1,4,2,6,7,14267,3071
2013164,2013-06-20,9,5,1,4,8,95148,3072
2013165,2013-06-21,5,8,1,9,1,58191,3073
2013166,2013-06-22,4,4,4,1,1,44411,3074
2013167,2013-06-23,3,4,1,8,1,34181,3075
2013168,2013-06-24,8,4,4,8,9,84489,3076
2013169,2013-06-25,2,7,3,2,0,27320,3077
2013170,2013-06-26,4,7,8,2,0,47820,3078
2013171,2013-06-27,0,2,7,3,0,02730,3079
2013172,2013-06-28,2,1,9,9,6,21996,3080
2013173,2013-06-29,3,8,4,0,7,38407,3081
2013174,2013-06-30,2,6,1,0,4,26104,3082
2013175,2013-07-01,6,5,2,2,9,65229,3083
2013176,2013-07-02,6,4,1,0,4,64104,3084
2013177,2013-07-03,3,9,6,9,2,39692,3085
2013178,2013-07-04,6,2,4,8,0,62480,3086
2013179,2013-07-05,5,1,1,3,0,51130,3087
2013180,2013-07-06,6,6,9,9,3,66993,3088
2013181,2013-07-07,1,5,3,6,2,15362,3089
2013182,2013-07-08,6,5,8,9,5,65895,3090
2013183,2013-07-09,4,5,2,0,8,45208,3091
2013184,2013-07-10,8,2,9,0,5,82905,3092
2013185,2013-07-11,2,8,6,3,7,28637,3093
2013186,2013-07-12,5,9,2,5,5,59255,3094
2013187,2013-07-13,2,6,6,6,4,26664,3095
2013188,2013-07-14,6,5,4,4,3,65443,3096
2013189,2013-07-15,2,9,5,7,6,29576,3097
2013190,2013-07-16,1,5,7,0,5,15705,3098
2013191,2013-07-17,4,7,3,4,4,47344,3099
2013192,2013-07-18,5,5,6,6,5,55665,3100
2013193,2013-07-19,7,7,5,4,5,77545,3101
2013194,2013-07-20,5,0,8,2,3,50823,3102
2013195,2013-07-21,5,0,0,9,8,50098,3103
2013196,2013-07-22,6,6,6,8,9,66689,3104
2013197,2013-07-23,2,8,0,4,1,28041,3105
2013198,2013-07-24,5,5,3,6,7,55367,3106
2013199,2013-07-25,6,6,1,2,7,66127,3107
2013200,2013-07-26,4,6,8,8,8,46888,3108
2013201,2013-07-27,2,2,8,4,7,22847,3109
2013202,2013-07-28,1,3,7,0,8,13708,3110
2013203,2013-07-29,0,3,1,8,3,03183,3111
2013204,2013-07-30,4,9,9,4,0,49940,3112
2013205,2013-07-31,8,4,3,0,3,84303,3113
2013206,2013-08-01,1,7,3,8,5,17385,3114
2013207,2013-08-02,9,5,9,8,0,95980,3115
2013208,2013-08-03,4,2,1,9,9,42199,3116
2013209,2013-08-04,5,6,2,5,1,56251,3117
2013210,2013-08-05,5,3,9,0,4,53904,3118
2013211,2013-08-06,7,3,4,0,0,73400,3119
2013212,2013-08-07,1,4,3,4,1,14341,3120
2013213,2013-08-08,3,3,8,8,0,33880,3121
2013214,2013-08-09,7,7,9,8,8,77988,3122
2013215,2013-08-10,5,4,1,3,5,54135,3123
2013216,2013-08-11,0,0,5,6,2,00562,3124
2013217,2013-08-12,8,9,8,5,8,89858,3125
2013218,2013-08-13,1,4,7,8,2,14782,3126
2013219,2013-08-14,5,2,7,9,3,52793,3127
2013220,2013-08-15,3,0,0,3,1,30031,3128
2013221,2013-08-16,6,0,9,5,6,60956,3129
2013222,2013-08-17,6,0,5,6,2,60562,3130
2013223,2013-08-18,5,7,1,0,2,57102,3131
2013224,2013-08-19,0,0,0,0,9,00009,3132
2013225,2013-08-20,9,5,2,2,1,95221,3133
2013226,2013-08-21,0,8,3,8,2,08382,3134
2013227,2013-08-22,5,5,9,0,3,55903,3135
2013228,2013-08-23,7,5,6,6,8,75668,3136
2013229,2013-08-24,2,9,0,6,7,29067,3137
2013230,2013-08-25,4,5,2,6,2,45262,3138
2013231,2013-08-26,0,5,9,3,5,05935,3139
2013232,2013-08-27,6,4,7,9,5,64795,3140
2013233,2013-08-28,4,2,2,0,3,42203,3141
2013234,2013-08-29,5,6,5,1,1,56511,3142
2013235,2013-08-30,9,0,9,8,4,90984,3143
2013236,2013-08-31,5,5,7,8,0,55780,3144
2013237,2013-09-01,6,8,2,6,3,68263,3145
2013238,2013-09-02,6,9,5,7,8,69578,3146
2013239,2013-09-03,6,9,2,6,0,69260,3147
2013240,2013-09-04,7,5,1,0,8,75108,3148
2013241,2013-09-05,8,6,6,8,6,86686,3149
2013242,2013-09-06,5,1,1,2,4,51124,3150
2013243,2013-09-07,4,8,1,8,9,48189,3151
2013244,2013-09-08,6,4,2,4,7,64247,3152
2013245,2013-09-09,3,0,4,3,7,30437,3153
2013246,2013-09-10,2,7,4,5,5,27455,3154
2013247,2013-09-11,6,7,3,0,8,67308,3155
2013248,2013-09-12,4,7,7,7,3,47773,3156
2013249,2013-09-13,6,9,0,5,5,69055,3157
2013250,2013-09-14,7,1,4,2,3,71423,3158
2013251,2013-09-15,6,5,9,1,3,65913,3159
2013252,2013-09-16,9,7,8,2,4,97824,3160
2013253,2013-09-17,6,8,7,5,6,68756,3161
2013254,2013-09-18,8,3,8,9,8,83898,3162
2013255,2013-09-19,0,1,5,5,1,01551,3163
2013256,2013-09-20,2,8,6,7,0,28670,3164
2013257,2013-09-21,6,2,7,6,2,62762,3165
2013258,2013-09-22,9,3,0,7,3,93073,3166
2013259,2013-09-23,0,4,4,2,0,04420,3167
2013260,2013-09-24,8,5,4,2,4,85424,3168
2013261,2013-09-25,5,6,3,4,8,56348,3169
2013262,2013-09-26,4,3,3,2,0,43320,3170
2013263,2013-09-27,5,2,1,9,4,52194,3171
2013264,2013-09-28,0,3,5,3,6,03536,3172
2013265,2013-09-29,8,2,1,3,4,82134,3173
2013266,2013-09-30,9,2,6,2,9,92629,3174
2013267,2013-10-01,9,1,5,0,3,91503,3175
2013268,2013-10-02,8,3,1,2,1,83121,3176
2013269,2013-10-03,3,0,5,7,8,30578,3177
2013270,2013-10-04,2,5,3,9,2,25392,3178
2013271,2013-10-05,7,9,1,6,9,79169,3179
2013272,2013-10-06,6,9,0,8,6,69086,3180
2013273,2013-10-07,4,1,8,6,5,41865,3181
2013274,2013-10-08,6,9,5,8,0,69580,3182
2013275,2013-10-09,1,6,5,1,0,16510,3183
2013276,2013-10-10,8,4,5,5,5,84555,3184
2013277,2013-10-11,4,5,3,8,7,45387,3185
2013278,2013-10-12,3,9,3,8,3,39383,3186
2013279,2013-10-13,9,0,0,6,3,90063,3187
2013280,2013-10-14,5,7,5,0,8,57508,3188
2013281,2013-10-15,9,9,7,5,9,99759,3189
2013282,2013-10-16,9,0,1,1,2,90112,3190
2013283,2013-10-17,3,1,4,3,1,31431,3191
2013284,2013-10-18,8,5,4,8,8,85488,3192
2013285,2013-10-19,5,7,1,5,6,57156,3193
2013286,2013-10-20,2,4,7,5,4,24754,3194
2013287,2013-10-21,9,0,9,7,3,90973,3195
2013288,2013-10-22,9,2,6,8,8,92688,3196
2013289,2013-10-23,6,0,7,7,4,60774,3197
2013290,2013-10-24,6,6,3,0,0,66300,3198
2013291,2013-10-25,5,5,6,6,4,55664,3199
2013292,2013-10-26,9,4,9,4,2,94942,3200
2013293,2013-10-27,4,2,1,8,6,42186,3201
2013294,2013-10-28,7,3,2,6,1,73261,3202
2013295,2013-10-29,8,2,0,5,3,82053,3203
2013296,2013-10-30,5,5,7,1,2,55712,3204
2013297,2013-10-31,3,8,9,9,5,38995,3205
2013298,2013-11-01,3,3,7,5,3,33753,3206
2013299,2013-11-02,0,8,7,6,6,08766,3207
2013300,2013-11-03,1,9,2,4,1,19241,3208
2013301,2013-11-04,3,7,6,4,1,37641,3209
2013302,2013-11-05,3,1,6,0,1,31601,3210
2013303,2013-11-06,8,2,0,0,2,82002,3211
2013304,2013-11-07,0,1,4,8,4,01484,3212
2013305,2013-11-08,2,3,8,1,7,23817,3213
2013306,2013-11-09,1,2,0,6,5,12065,3214
2013307,2013-11-10,5,9,8,8,1,59881,3215
2013308,2013-11-11,2,5,7,3,1,25731,3216
2013309,2013-11-12,3,0,8,9,4,30894,3217
2013310,2013-11-13,8,7,3,7,3,87373,3218
2013311,2013-11-14,6,9,4,2,0,69420,3219
2013312,2013-11-15,4,6,9,6,1,46961,3220
2013313,2013-11-16,7,1,3,4,8,71348,3221
2013314,2013-11-17,7,0,0,7,7,70077,3222
2013315,2013-11-18,4,9,7,9,9,49799,3223
2013316,2013-11-19,8,3,2,4,0,83240,3224
2013317,2013-11-20,4,5,5,2,1,45521,3225
2013318,2013-11-21,7,8,0,0,5,78005,3226
2013319,2013-11-22,9,1,8,3,0,91830,3227
2013320,2013-11-23,3,8,8,7,4,38874,3228
2013321,2013-11-24,8,0,0,9,0,80090,3229
2013322,2013-11-25,1,5,7,9,7,15797,3230
2013323,2013-11-26,5,2,5,7,2,52572,3231
2013324,2013-11-27,1,6,9,6,6,16966,3232
2013325,2013-11-28,7,7,5,9,3,77593,3233
2013326,2013-11-29,3,3,1,0,9,33109,3234
2013327,2013-11-30,7,7,5,1,5,77515,3235
2013328,2013-12-01,9,0,1,9,2,90192,3236
2013329,2013-12-02,3,5,8,1,9,35819,3237
2013330,2013-12-03,8,9,3,5,5,89355,3238
2013331,2013-12-04,1,8,9,4,4,18944,3239
2013332,2013-12-05,7,2,6,6,7,72667,3240
2013333,2013-12-06,6,6,5,1,9,66519,3241
2013334,2013-12-07,4,3,9,4,5,43945,3242
2013335,2013-12-08,8,5,2,2,8,85228,3243
2013336,2013-12-09,1,6,6,8,1,16681,3244
2013337,2013-12-10,3,2,6,5,2,32652,3245
2013338,2013-12-11,5,4,9,2,6,54926,3246
2013339,2013-12-12,9,5,8,3,9,95839,3247
2013340,2013-12-13,4,1,4,0,5,41405,3248
2013341,2013-12-14,1,5,6,4,1,15641,3249
2013342,2013-12-15,2,5,4,0,4,25404,3250
2013343,2013-12-16,6,6,1,5,9,66159,3251
2013344,2013-12-17,1,1,0,0,6,11006,3252
2013345,2013-12-18,0,6,7,8,8,06788,3253
2013346,2013-12-19,7,6,7,4,6,76746,3254
2013347,2013-12-20,7,9,7,1,0,79710,3255
2013348,2013-12-21,5,6,6,6,1,56661,3256
2013349,2013-12-22,8,3,3,7,6,83376,3257
2013350,2013-12-23,0,5,2,1,1,05211,3258
2013351,2013-12-24,2,1,1,7,8,21178,3259
2013352,2013-12-25,4,5,4,2,8,45428,3260
2013353,2013-12-26,5,8,9,4,4,58944,3261
2013354,2013-12-27,9,9,7,9,7,99797,3262
2013355,2013-12-28,0,3,0,9,1,03091,3263
2013356,2013-12-29,8,0,0,5,7,80057,3264
2013357,2013-12-30,1,5,4,7,4,15474,3265
2013358,2013-12-31,9,8,8,0,2,98802,3266
2014001,2014-01-01,9,6,3,4,9,96349,3267
2014002,2014-01-02,3,7,5,9,1,37591,3268
2014003,2014-01-03,6,1,2,9,9,61299,3269
2014004,2014-01-04,9,2,9,0,9,92909,3270
2014005,2014-01-05,1,2,1,5,4,12154,3271
2014006,2014-01-06,3,4,4,5,9,34459,3272
2014007,2014-01-07,4,2,4,8,0,42480,3273
2014008,2014-01-08,1,3,4,7,5,13475,3274
2014009,2014-01-09,6,1,8,5,6,61856,3275
2014010,2014-01-10,4,1,6,4,2,41642,3276
2014011,2014-01-11,5,3,7,3,3,53733,3277
2014012,2014-01-12,9,0,2,3,9,90239,3278
2014013,2014-01-13,6,0,0,8,7,60087,3279
2014014,2014-01-14,5,3,5,0,9,53509,3280
2014015,2014-01-15,1,7,5,0,8,17508,3281
2014016,2014-01-16,9,8,2,4,3,98243,3282
2014017,2014-01-17,0,7,1,5,4,07154,3283
2014018,2014-01-18,0,2,1,6,8,02168,3284
2014019,2014-01-19,4,3,0,7,3,43073,3285
2014020,2014-01-20,1,8,2,0,2,18202,3286
2014021,2014-01-21,3,5,4,6,0,35460,3287
2014022,2014-01-22,6,0,3,4,4,60344,3288
2014023,2014-01-23,6,4,9,8,1,64981,3289
2014024,2014-01-24,2,2,4,8,3,22483,3290
2014025,2014-01-25,2,0,7,4,7,20747,3291
2014026,2014-01-26,1,0,7,4,7,10747,3292
2014027,2014-01-27,7,2,7,1,8,72718,3293
2014028,2014-01-28,4,4,0,1,2,44012,3294
2014029,2014-01-29,6,0,5,7,8,60578,3295
2014030,2014-02-07,4,0,5,8,4,40584,3296
2014031,2014-02-08,8,9,1,8,4,89184,3297
2014032,2014-02-09,2,6,6,6,9,26669,3298
2014033,2014-02-10,9,4,9,1,9,94919,3299
2014034,2014-02-11,5,1,8,6,6,51866,3300
2014035,2014-02-12,4,6,7,0,4,46704,3301
2014036,2014-02-13,1,0,4,5,0,10450,3302
2014037,2014-02-14,1,8,5,7,1,18571,3303
2014038,2014-02-15,2,9,1,5,9,29159,3304
2014039,2014-02-16,9,2,2,2,8,92228,3305
2014040,2014-02-17,9,0,1,8,9,90189,3306
2014041,2014-02-18,7,2,5,4,7,72547,3307
2014042,2014-02-19,3,6,3,8,3,36383,3308
2014043,2014-02-20,5,0,1,0,4,50104,3309
2014044,2014-02-21,3,5,4,2,8,35428,3310
2014045,2014-02-22,7,4,7,2,9,74729,3311
2014046,2014-02-23,5,8,4,2,1,58421,3312
2014047,2014-02-24,8,9,8,6,9,89869,3313
2014048,2014-02-25,8,6,1,1,5,86115,3314
2014049,2014-02-26,9,0,8,9,4,90894,3315
2014050,2014-02-27,4,2,4,3,9,42439,3316
2014051,2014-02-28,5,3,6,4,2,53642,3317
2014052,2014-03-01,0,3,2,5,7,03257,3318
2014053,2014-03-02,8,1,2,3,6,81236,3319
2014054,2014-03-03,7,2,5,8,2,72582,3320
2014055,2014-03-04,8,0,7,3,7,80737,3321
2014056,2014-03-05,6,7,8,2,9,67829,3322
2014057,2014-03-06,5,0,1,5,9,50159,3323
2014058,2014-03-07,3,2,2,6,9,32269,3324
2014059,2014-03-08,4,2,9,4,0,42940,3325
2014060,2014-03-09,9,3,2,3,8,93238,3326
2014061,2014-03-10,2,2,5,0,5,22505,3327
2014062,2014-03-11,3,8,2,3,2,38232,3328
2014063,2014-03-12,4,7,8,2,8,47828,3329
2014064,2014-03-13,2,1,8,1,4,21814,3330
2014065,2014-03-14,2,9,0,3,1,29031,3331
2014066,2014-03-15,0,0,3,3,4,00334,3332
2014067,2014-03-16,3,1,8,0,3,31803,3333
2014068,2014-03-17,1,0,2,3,8,10238,3334
2014069,2014-03-18,0,6,4,4,0,06440,3335
2014070,2014-03-19,1,1,9,2,1,11921,3336
2014071,2014-03-20,2,9,2,4,0,29240,3337
2014072,2014-03-21,4,8,8,7,4,48874,3338
2014073,2014-03-22,0,4,2,6,8,04268,3339
2014074,2014-03-23,5,0,0,0,1,50001,3340
2014075,2014-03-24,4,1,4,7,5,41475,3341
2014076,2014-03-25,3,8,2,7,0,38270,3342
2014077,2014-03-26,7,4,7,6,5,74765,3343
2014078,2014-03-27,4,6,7,6,1,46761,3344
2014079,2014-03-28,7,9,4,1,9,79419,3345
2014080,2014-03-29,5,8,7,4,6,58746,3346
2014081,2014-03-30,2,0,6,3,9,20639,3347
2014082,2014-03-31,3,2,4,1,8,32418,3348
2014083,2014-04-01,0,9,3,2,1,09321,3349
2014084,2014-04-02,9,8,7,0,3,98703,3350
2014085,2014-04-03,2,4,3,1,5,24315,3351
2014086,2014-04-04,7,9,5,2,5,79525,3352
2014087,2014-04-05,8,4,4,1,9,84419,3353
2014088,2014-04-06,5,7,1,9,4,57194,3354
2014089,2014-04-07,6,6,0,9,3,66093,3355
2014090,2014-04-08,8,3,8,9,6,83896,3356
2014091,2014-04-09,4,9,6,7,9,49679,3357
2014092,2014-04-10,5,0,8,3,8,50838,3358
2014093,2014-04-11,1,9,6,1,0,19610,3359
2014094,2014-04-12,1,8,9,1,9,18919,3360
2014095,2014-04-13,7,7,5,7,3,77573,3361
2014096,2014-04-14,2,1,6,4,3,21643,3362
2014097,2014-04-15,7,7,4,7,5,77475,3363
2014098,2014-04-16,1,3,9,4,8,13948,3364
2014099,2014-04-17,4,6,4,4,5,46445,3365
2014100,2014-04-18,2,6,9,5,2,26952,3366
2014101,2014-04-19,1,0,9,9,4,10994,3367
2014102,2014-04-20,7,5,0,9,4,75094,3368
2014103,2014-04-21,8,3,2,4,2,83242,3369
2014104,2014-04-22,5,7,6,2,0,57620,3370
2014105,2014-04-23,4,9,0,3,1,49031,3371
2014106,2014-04-24,0,8,2,1,0,08210,3372
2014107,2014-04-25,6,3,9,2,9,63929,3373
2014108,2014-04-26,1,6,8,5,1,16851,3374
2014109,2014-04-27,6,5,2,9,0,65290,3375
2014110,2014-04-28,4,7,5,5,0,47550,3376
2014111,2014-04-29,9,0,5,4,3,90543,3377
2014112,2014-04-30,0,1,3,9,1,01391,3378
2014113,2014-05-01,7,5,8,4,0,75840,3379
2014114,2014-05-02,2,1,4,3,3,21433,3380
2014115,2014-05-03,1,6,5,7,4,16574,3381
2014116,2014-05-04,9,0,6,3,1,90631,3382
2014117,2014-05-05,8,9,5,1,8,89518,3383
2014118,2014-05-06,1,9,4,3,8,19438,3384
2014119,2014-05-07,9,0,4,9,5,90495,3385
2014120,2014-05-08,2,4,4,4,6,24446,3386
2014121,2014-05-09,5,8,0,7,1,58071,3387
2014122,2014-05-10,2,0,3,9,6,20396,3388
2014123,2014-05-11,8,3,1,7,2,83172,3389
2014124,2014-05-12,3,9,5,8,2,39582,3390
2014125,2014-05-13,1,4,7,4,0,14740,3391
2014126,2014-05-14,8,4,8,4,2,84842,3392
2014127,2014-05-15,2,2,7,8,8,22788,3393
2014128,2014-05-16,2,1,5,1,3,21513,3394
2014129,2014-05-17,0,8,8,4,8,08848,3395
2014130,2014-05-18,0,1,4,2,4,01424,3396
2014131,2014-05-19,5,9,4,1,7,59417,3397
2014132,2014-05-20,3,5,1,6,5,35165,3398
2014133,2014-05-21,0,0,6,2,9,00629,3399
2014134,2014-05-22,6,3,3,1,7,63317,3400
2014135,2014-05-23,1,4,4,6,5,14465,3401
2014136,2014-05-24,2,6,8,3,4,26834,3402
2014137,2014-05-25,5,5,8,2,6,55826,3403
2014138,2014-05-26,3,8,7,5,1,38751,3404
2014139,2014-05-27,1,3,8,8,4,13884,3405
2014140,2014-05-28,7,6,6,3,2,76632,3406
2014141,2014-05-29,8,1,0,2,1,81021,3407
2014142,2014-05-30,6,5,6,4,0,65640,3408
2014143,2014-05-31,6,7,5,8,6,67586,3409
2014144,2014-06-01,8,6,5,7,1,86571,3410
2014145,2014-06-02,4,1,5,3,8,41538,3411
2014146,2014-06-03,8,1,8,8,1,81881,3412
2014147,2014-06-04,1,4,2,8,4,14284,3413
2014148,2014-06-05,2,9,5,0,8,29508,3414
2014149,2014-06-06,6,8,9,7,1,68971,3415
2014150,2014-06-07,0,2,8,0,2,02802,3416
2014151,2014-06-08,9,8,7,2,1,98721,3417
2014152,2014-06-09,0,2,8,0,6,02806,3418
2014153,2014-06-10,3,0,8,9,0,30890,3419
2014154,2014-06-11,2,6,8,9,2,26892,3420
2014155,2014-06-12,2,1,3,4,1,21341,3421
2014156,2014-06-13,1,5,9,8,5,15985,3422
2014157,2014-06-14,0,7,9,9,0,07990,3423
2014158,2014-06-15,3,7,0,9,2,37092,3424
2014159,2014-06-16,0,9,0,6,0,09060,3425
2014160,2014-06-17,9,2,8,5,2,92852,3426
2014161,2014-06-18,5,5,0,9,4,55094,3427
2014162,2014-06-19,7,2,9,1,9,72919,3428
2014163,2014-06-20,3,0,2,8,3,30283,3429
2014164,2014-06-21,9,9,3,4,9,99349,3430
2014165,2014-06-22,1,5,2,9,0,15290,3431
2014166,2014-06-23,0,9,9,3,3,09933,3432
2014167,2014-06-24,7,6,5,0,7,76507,3433
2014168,2014-06-25,1,9,8,6,3,19863,3434
2014169,2014-06-26,1,0,4,6,2,10462,3435
2014170,2014-06-27,2,5,7,4,7,25747,3436
2014171,2014-06-28,6,3,0,9,1,63091,3437
2014172,2014-06-29,9,5,9,8,1,95981,3438
2014173,2014-06-30,8,8,8,8,7,88887,3439
2014174,2014-07-01,4,0,9,7,5,40975,3440
2014175,2014-07-02,6,9,1,0,9,69109,3441
2014176,2014-07-03,0,3,4,6,4,03464,3442
2014177,2014-07-04,5,8,0,4,3,58043,3443
2014178,2014-07-05,9,0,9,1,1,90911,3444
2014179,2014-07-06,2,6,4,9,9,26499,3445
2014180,2014-07-07,7,5,9,1,4,75914,3446
2014181,2014-07-08,7,2,7,5,9,72759,3447
2014182,2014-07-09,7,5,3,8,0,75380,3448
2014183,2014-07-10,7,7,4,9,6,77496,3449
2014184,2014-07-11,5,2,3,3,5,52335,3450
2014185,2014-07-12,4,5,2,5,1,45251,3451
2014186,2014-07-13,6,0,5,7,2,60572,3452
2014187,2014-07-14,3,2,6,5,8,32658,3453
2014188,2014-07-15,3,0,2,2,1,30221,3454
2014189,2014-07-16,5,5,0,3,7,55037,3455
2014190,2014-07-17,5,3,7,6,6,53766,3456
2014191,2014-07-18,7,5,7,0,5,75705,3457
2014192,2014-07-19,5,3,9,1,5,53915,3458
2014193,2014-07-20,5,1,3,6,6,51366,3459
2014194,2014-07-21,0,4,6,4,8,04648,3460
2014195,2014-07-22,8,4,0,6,8,84068,3461
2014196,2014-07-23,4,6,0,1,8,46018,3462
2014197,2014-07-24,9,7,4,2,8,97428,3463
2014198,2014-07-25,8,9,3,8,8,89388,3464
2014199,2014-07-26,2,5,1,3,7,25137,3465
2014200,2014-07-27,0,2,5,7,4,02574,3466
2014201,2014-07-28,8,3,4,7,3,83473,3467
2014202,2014-07-29,4,7,5,5,3,47553,3468
2014203,2014-07-30,4,1,1,8,3,41183,3469
2014204,2014-07-31,5,6,4,7,4,56474,3470
2014205,2014-08-01,9,0,7,7,3,90773,3471
2014206,2014-08-02,9,0,6,4,8,90648,3472
2014207,2014-08-03,1,4,7,3,2,14732,3473
2014208,2014-08-04,7,7,8,8,9,77889,3474
2014209,2014-08-05,7,1,2,2,0,71220,3475
2014210,2014-08-06,4,0,5,8,5,40585,3476
2014211,2014-08-07,2,0,5,7,4,20574,3477
2014212,2014-08-08,0,5,6,1,0,05610,3478
2014213,2014-08-09,7,7,5,9,5,77595,3479
2014214,2014-08-10,2,1,4,3,0,21430,3480
2014215,2014-08-11,6,0,9,8,1,60981,3481
2014216,2014-08-12,0,3,3,3,4,03334,3482
2014217,2014-08-13,1,3,7,7,1,13771,3483
2014218,2014-08-14,8,0,8,8,3,80883,3484
2014219,2014-08-15,2,9,5,1,1,29511,3485
2014220,2014-08-16,4,4,9,1,9,44919,3486
2014221,2014-08-17,2,7,2,3,7,27237,3487
2014222,2014-08-18,5,0,4,5,2,50452,3488
2014223,2014-08-19,8,0,4,5,5,80455,3489
2014224,2014-08-20,6,9,6,7,3,69673,3490
2014225,2014-08-21,7,9,2,1,7,79217,3491
2014226,2014-08-22,1,9,3,6,8,19368,3492
2014227,2014-08-23,3,2,6,7,4,32674,3493
2014228,2014-08-24,2,4,3,4,6,24346,3494
2014229,2014-08-25,4,7,4,5,8,47458,3495
2014230,2014-08-26,0,8,3,0,5,08305,3496
2014231,2014-08-27,4,6,3,2,6,46326,3497
2014232,2014-08-28,6,1,4,6,0,61460,3498
2014233,2014-08-29,9,2,1,6,9,92169,3499
2014234,2014-08-30,0,7,1,3,7,07137,3500
2014235,2014-08-31,7,4,8,0,2,74802,3501
2014236,2014-09-01,8,4,1,4,6,84146,3502
2014237,2014-09-02,6,8,5,8,6,68586,3503
2014238,2014-09-03,4,1,9,7,7,41977,3504
2014239,2014-09-04,7,2,4,7,7,72477,3505
2014240,2014-09-05,8,6,4,5,7,86457,3506
2014241,2014-09-06,8,5,8,5,9,85859,3507
2014242,2014-09-07,2,4,5,4,0,24540,3508
2014243,2014-09-08,7,9,9,0,3,79903,3509
2014244,2014-09-09,3,0,2,1,8,30218,3510
2014245,2014-09-10,6,1,9,2,3,61923,3511
2014246,2014-09-11,2,2,2,3,3,22233,3512
2014247,2014-09-12,2,2,9,1,2,22912,3513
2014248,2014-09-13,4,4,1,2,6,44126,3514
2014249,2014-09-14,8,1,0,8,3,81083,3515
2014250,2014-09-15,1,7,7,3,9,17739,3516
2014251,2014-09-16,4,2,1,4,2,42142,3517
2014252,2014-09-17,5,5,7,8,2,55782,3518
2014253,2014-09-18,4,4,1,3,0,44130,3519
2014254,2014-09-19,9,2,4,7,1,92471,3520
2014255,2014-09-20,6,9,1,4,3,69143,3521
2014256,2014-09-21,7,7,1,4,0,77140,3522
2014257,2014-09-22,6,6,6,0,4,66604,3523
2014258,2014-09-23,4,5,2,3,3,45233,3524
2014259,2014-09-24,1,1,0,4,4,11044,3525
2014260,2014-09-25,3,6,6,7,7,36677,3526
2014261,2014-09-26,4,1,2,6,2,41262,3527
2014262,2014-09-27,2,1,9,2,0,21920,3528
2014263,2014-09-28,8,5,7,5,2,85752,3529
2014264,2014-09-29,1,0,7,5,5,10755,3530
2014265,2014-09-30,4,5,9,2,5,45925,3531
2014266,2014-10-01,5,0,6,9,5,50695,3532
2014267,2014-10-02,1,4,9,3,5,14935,3533
2014268,2014-10-03,7,4,0,6,7,74067,3534
2014269,2014-10-04,0,3,2,5,6,03256,3535
2014270,2014-10-05,6,5,8,5,5,65855,3536
2014271,2014-10-06,7,7,0,5,7,77057,3537
2014272,2014-10-07,4,1,7,3,3,41733,3538
2014273,2014-10-08,5,8,5,3,2,58532,3539
2014274,2014-10-09,4,7,5,3,2,47532,3540
2014275,2014-10-10,2,8,6,1,3,28613,3541
2014276,2014-10-11,4,9,7,2,7,49727,3542
2014277,2014-10-12,5,1,3,3,1,51331,3543
2014278,2014-10-13,7,3,9,4,7,73947,3544
2014279,2014-10-14,5,9,2,9,9,59299,3545
2014280,2014-10-15,1,3,1,7,4,13174,3546
2014281,2014-10-16,7,9,4,4,6,79446,3547
2014282,2014-10-17,5,9,0,7,4,59074,3548
2014283,2014-10-18,3,4,3,9,2,34392,3549
2014284,2014-10-19,0,1,8,6,5,01865,3550
2014285,2014-10-20,8,2,6,4,4,82644,3551
2014286,2014-10-21,9,8,8,0,0,98800,3552
2014287,2014-10-22,2,7,5,9,5,27595,3553
2014288,2014-10-23,2,4,5,2,9,24529,3554
2014289,2014-10-24,0,4,8,4,5,04845,3555
2014290,2014-10-25,4,3,3,2,7,43327,3556
2014291,2014-10-26,4,8,8,0,7,48807,3557
2014292,2014-10-27,8,4,1,8,2,84182,3558
2014293,2014-10-28,3,5,9,9,5,35995,3559
2014294,2014-10-29,8,1,5,6,2,81562,3560
2014295,2014-10-30,7,9,4,6,9,79469,3561
2014296,2014-10-31,3,9,9,7,9,39979,3562
2014297,2014-11-01,8,8,8,1,1,88811,3563
2014298,2014-11-02,2,8,0,5,2,28052,3564
2014299,2014-11-03,5,3,2,5,3,53253,3565
2014300,2014-11-04,2,9,0,1,7,29017,3566
2014301,2014-11-05,5,2,4,2,2,52422,3567
2014302,2014-11-06,8,6,2,5,3,86253,3568
2014303,2014-11-07,0,7,8,1,5,07815,3569
2014304,2014-11-08,7,5,0,2,5,75025,3570
2014305,2014-11-09,0,0,4,8,7,00487,3571
2014306,2014-11-10,1,3,1,0,6,13106,3572
2014307,2014-11-11,2,9,6,3,9,29639,3573
2014308,2014-11-12,1,8,0,9,1,18091,3574
2014309,2014-11-13,3,8,2,8,8,38288,3575
2014310,2014-11-14,4,8,9,1,8,48918,3576
2014311,2014-11-15,2,9,6,8,1,29681,3577
2014312,2014-11-16,3,7,7,5,5,37755,3578
2014313,2014-11-17,4,0,2,0,3,40203,3579
2014314,2014-11-18,7,9,5,3,3,79533,3580
2014315,2014-11-19,1,5,3,4,2,15342,3581
2014316,2014-11-20,3,7,1,5,9,37159,3582
2014317,2014-11-21,0,5,9,1,1,05911,3583
2014318,2014-11-22,5,9,4,5,1,59451,3584
2014319,2014-11-23,6,9,6,5,7,69657,3585
2014320,2014-11-24,2,3,6,0,7,23607,3586
2014321,2014-11-25,6,5,2,9,7,65297,3587
2014322,2014-11-26,9,6,9,8,3,96983,3588
2014323,2014-11-27,8,2,6,1,2,82612,3589
2014324,2014-11-28,5,8,9,1,8,58918,3590
2014325,2014-11-29,0,3,7,6,6,03766,3591
2014326,2014-11-30,8,8,1,5,3,88153,3592
2014327,2014-12-01,3,5,4,4,3,35443,3593
2014328,2014-12-02,5,4,3,2,0,54320,3594
2014329,2014-12-03,3,5,9,7,6,35976,3595
2014330,2014-12-04,7,8,0,0,6,78006,3596
2014331,2014-12-05,7,1,3,5,0,71350,3597
2014332,2014-12-06,6,6,6,9,2,66692,3598
2014333,2014-12-07,6,9,5,6,4,69564,3599
2014334,2014-12-08,3,9,4,4,0,39440,3600
2014335,2014-12-09,9,0,1,2,8,90128,3601
2014336,2014-12-10,7,5,3,5,6,75356,3602
2014337,2014-12-11,6,6,2,2,2,66222,3603
2014338,2014-12-12,3,9,8,5,0,39850,3604
2014339,2014-12-13,5,8,9,8,9,58989,3605
2014340,2014-12-14,1,2,9,2,3,12923,3606
2014341,2014-12-15,7,1,1,7,3,71173,3607
2014342,2014-12-16,9,7,6,8,9,97689,3608
2014343,2014-12-17,6,8,7,8,6,68786,3609
2014344,2014-12-18,0,9,7,4,2,09742,3610
2014345,2014-12-19,5,1,2,4,9,51249,3611
2014346,2014-12-20,2,0,4,4,4,20444,3612
2014347,2014-12-21,9,8,2,3,1,98231,3613
2014348,2014-12-22,1,6,8,4,8,16848,3614
2014349,2014-12-23,6,6,1,6,2,66162,3615
2014350,2014-12-24,2,6,6,5,7,26657,3616
2014351,2014-12-25,6,8,8,4,7,68847,3617
2014352,2014-12-26,0,6,0,0,8,06008,3618
2014353,2014-12-27,3,5,5,6,5,35565,3619
2014354,2014-12-28,0,6,9,5,8,06958,3620
2014355,2014-12-29,9,5,0,0,0,95000,3621
2014356,2014-12-30,7,8,6,8,9,78689,3622
2014357,2014-12-31,3,6,2,8,5,36285,3623
2015001,2015-01-01,3,9,7,4,0,39740,3624
2015002,2015-01-02,7,4,9,8,4,74984,3625
2015003,2015-01-03,5,2,4,7,2,52472,3626
2015004,2015-01-04,1,4,2,8,2,14282,3627
2015005,2015-01-05,6,9,3,9,6,69396,3628
2015006,2015-01-06,9,4,7,8,6,94786,3629
2015007,2015-01-07,0,3,9,3,3,03933,3630
2015008,2015-01-08,6,1,3,8,2,61382,3631
2015009,2015-01-09,5,7,4,9,1,57491,3632
2015010,2015-01-10,8,6,2,2,6,86226,3633
2015011,2015-01-11,3,1,8,2,6,31826,3634
2015012,2015-01-12,8,6,4,9,6,86496,3635
2015013,2015-01-13,4,1,2,0,7,41207,3636
2015014,2015-01-14,4,0,3,7,2,40372,3637
2015015,2015-01-15,8,4,5,4,1,84541,3638
2015016,2015-01-16,2,9,0,8,4,29084,3639
2015017,2015-01-17,8,8,0,0,5,88005,3640
2015018,2015-01-18,8,3,1,1,6,83116,3641
2015019,2015-01-19,9,1,4,8,6,91486,3642
2015020,2015-01-20,2,1,6,6,2,21662,3643
2015021,2015-01-21,3,3,9,5,2,33952,3644
2015022,2015-01-22,7,5,8,9,4,75894,3645
2015023,2015-01-23,4,9,6,8,4,49684,3646
2015024,2015-01-24,6,0,6,1,0,60610,3647
2015025,2015-01-25,3,8,1,1,9,38119,3648
2015026,2015-01-26,8,3,3,2,7,83327,3649
2015027,2015-01-27,2,8,1,1,8,28118,3650
2015028,2015-01-28,3,5,7,4,4,35744,3651
2015029,2015-01-29,9,2,7,5,9,92759,3652
2015030,2015-01-30,8,2,0,6,4,82064,3653
2015031,2015-01-31,5,2,4,3,0,52430,3654
2015032,2015-02-01,4,1,3,4,3,41343,3655
2015033,2015-02-02,9,8,6,3,7,98637,3656
2015034,2015-02-03,0,4,9,3,5,04935,3657
2015035,2015-02-04,6,7,4,5,3,67453,3658
2015036,2015-02-05,8,7,1,1,5,87115,3659
2015037,2015-02-06,1,5,1,9,6,15196,3660
2015038,2015-02-07,9,2,2,3,1,92231,3661
2015039,2015-02-08,5,4,8,5,8,54858,3662
2015040,2015-02-09,4,6,6,9,7,46697,3663
2015041,2015-02-10,5,3,8,4,2,53842,3664
2015042,2015-02-11,2,3,2,7,1,23271,3665
2015043,2015-02-12,7,5,1,3,5,75135,3666
2015044,2015-02-13,7,2,5,4,5,72545,3667
2015045,2015-02-14,5,7,7,0,9,57709,3668
2015046,2015-02-15,3,0,5,3,3,30533,3669
2015047,2015-02-16,8,0,0,4,5,80045,3670
2015048,2015-02-17,0,8,5,2,9,08529,3671
2015049,2015-02-25,2,5,1,4,6,25146,3672
2015050,2015-02-26,0,3,9,1,9,03919,3673
2015051,2015-02-27,9,5,1,7,9,95179,3674
2015052,2015-02-28,5,9,8,1,1,59811,3675
2015053,2015-03-01,7,4,7,1,9,74719,3676
2015054,2015-03-02,0,6,3,3,3,06333,3677
2015055,2015-03-03,9,6,9,9,6,96996,3678
2015056,2015-03-04,8,1,3,0,7,81307,3679
2015057,2015-03-05,7,7,9,6,0,77960,3680
2015058,2015-03-06,8,8,9,2,9,88929,3681
2015059,2015-03-07,0,2,4,5,5,02455,3682
2015060,2015-03-08,4,4,7,2,7,44727,3683
2015061,2015-03-09,9,1,8,1,6,91816,3684
2015062,2015-03-10,0,6,8,5,7,06857,3685
2015063,2015-03-11,1,3,8,5,3,13853,3686
2015064,2015-03-12,5,2,7,5,8,52758,3687
2015065,2015-03-13,6,9,6,2,6,69626,3688
2015066,2015-03-14,2,0,8,2,7,20827,3689
2015067,2015-03-15,7,1,8,5,7,71857,3690
2015068,2015-03-16,5,5,9,7,1,55971,3691
2015069,2015-03-17,9,8,6,1,8,98618,3692
2015070,2015-03-18,4,1,8,7,6,41876,3693
2015071,2015-03-19,7,5,9,0,9,75909,3694
2015072,2015-03-20,7,9,3,4,6,79346,3695
2015073,2015-03-21,9,4,2,1,0,94210,3696
2015074,2015-03-22,4,4,1,6,2,44162,3697
2015075,2015-03-23,4,2,3,0,1,42301,3698
2015076,2015-03-24,9,3,7,6,1,93761,3699
2015077,2015-03-25,9,6,5,9,6,96596,3700
2015078,2015-03-26,1,1,4,8,3,11483,3701
2015079,2015-03-27,5,2,8,0,6,52806,3702
2015080,2015-03-28,3,2,0,1,4,32014,3703
2015081,2015-03-29,6,0,3,1,8,60318,3704
2015082,2015-03-30,2,5,5,1,5,25515,3705
2015083,2015-03-31,0,1,3,1,7,01317,3706
2015084,2015-04-01,9,4,1,5,5,94155,3707
2015085,2015-04-02,4,1,6,5,2,41652,3708
2015086,2015-04-03,9,3,0,0,9,93009,3709
2015087,2015-04-04,0,1,3,4,4,01344,3710
2015088,2015-04-05,1,0,8,1,0,10810,3711
2015089,2015-04-06,6,5,4,8,9,65489,3712
2015090,2015-04-07,6,8,4,8,3,68483,3713
2015091,2015-04-08,7,9,5,1,5,79515,3714
2015092,2015-04-09,7,0,3,1,0,70310,3715
2015093,2015-04-10,6,0,2,4,5,60245,3716
2015094,2015-04-11,5,4,6,2,9,54629,3717
2015095,2015-04-12,2,3,7,8,8,23788,3718
2015096,2015-04-13,2,1,8,2,9,21829,3719
2015097,2015-04-14,6,8,8,3,1,68831,3720
2015098,2015-04-15,4,1,3,1,2,41312,3721
2015099,2015-04-16,7,7,1,5,8,77158,3722
2015100,2015-04-17,5,3,6,6,8,53668,3723
2015101,2015-04-18,6,3,3,2,8,63328,3724
2015102,2015-04-19,3,9,5,3,0,39530,3725
2015103,2015-04-20,4,9,9,0,1,49901,3726
2015104,2015-04-21,9,8,6,5,6,98656,3727
2015105,2015-04-22,7,0,0,4,1,70041,3728
2015106,2015-04-23,6,8,8,9,8,68898,3729
2015107,2015-04-24,7,1,0,6,1,71061,3730
2015108,2015-04-25,8,6,5,3,8,86538,3731
2015109,2015-04-26,6,4,9,7,9,64979,3732
2015110,2015-04-27,8,2,4,5,4,82454,3733
2015111,2015-04-28,9,7,2,1,4,97214,3734
2015112,2015-04-29,9,7,1,8,8,97188,3735
2015113,2015-04-30,7,7,7,2,4,77724,3736
2015114,2015-05-01,3,1,0,7,0,31070,3737
2015115,2015-05-02,6,2,3,0,2,62302,3738
2015116,2015-05-03,7,6,8,7,4,76874,3739
2015117,2015-05-04,7,6,0,9,8,76098,3740
2015118,2015-05-05,2,7,3,5,5,27355,3741
2015119,2015-05-06,6,1,4,4,0,61440,3742
2015120,2015-05-07,8,7,4,9,3,87493,3743
2015121,2015-05-08,6,4,0,3,7,64037,3744
2015122,2015-05-09,6,7,5,4,8,67548,3745
2015123,2015-05-10,5,9,0,4,2,59042,3746
2015124,2015-05-11,5,1,3,3,3,51333,3747
2015125,2015-05-12,5,4,4,0,0,54400,3748
2015126,2015-05-13,2,1,1,2,5,21125,3749
2015127,2015-05-14,0,8,1,8,1,08181,3750
2015128,2015-05-15,8,9,2,3,3,89233,3751
2015129,2015-05-16,2,3,2,7,1,23271,3752
2015130,2015-05-17,5,1,2,2,8,51228,3753
2015131,2015-05-18,7,7,4,7,2,77472,3754
2015132,2015-05-19,3,9,3,9,6,39396,3755
2015133,2015-05-20,9,5,6,2,6,95626,3756
2015134,2015-05-21,1,5,6,9,1,15691,3757
2015135,2015-05-22,0,2,7,5,6,02756,3758
2015136,2015-05-23,8,8,4,3,8,88438,3759
2015137,2015-05-24,2,2,9,8,4,22984,3760
2015138,2015-05-25,4,7,3,2,0,47320,3761
2015139,2015-05-26,8,1,1,1,2,81112,3762
2015140,2015-05-27,6,7,7,9,3,67793,3763
2015141,2015-05-28,9,2,9,2,7,92927,3764
2015142,2015-05-29,2,9,6,6,3,29663,3765
2015143,2015-05-30,2,4,0,4,0,24040,3766
2015144,2015-05-31,0,5,4,5,8,05458,3767
2015145,2015-06-01,6,2,7,0,1,62701,3768
2015146,2015-06-02,3,1,8,8,4,31884,3769
2015147,2015-06-03,0,7,5,0,6,07506,3770
2015148,2015-06-04,1,6,1,5,6,16156,3771
2015149,2015-06-05,0,8,4,4,0,08440,3772
2015150,2015-06-06,7,7,5,8,2,77582,3773
2015151,2015-06-07,4,5,5,1,8,45518,3774
2015152,2015-06-08,6,8,1,7,6,68176,3775
2015153,2015-06-09,0,8,8,0,3,08803,3776
2015154,2015-06-10,2,2,4,4,5,22445,3777
2015155,2015-06-11,4,0,5,3,9,40539,3778
2015156,2015-06-12,9,7,3,7,1,97371,3779
2015157,2015-06-13,0,8,4,3,2,08432,3780
2015158,2015-06-14,7,6,3,9,2,76392,3781
2015159,2015-06-15,7,2,2,0,2,72202,3782
2015160,2015-06-16,1,7,3,1,0,17310,3783
2015161,2015-06-17,6,6,2,7,8,66278,3784
2015162,2015-06-18,0,7,6,8,5,07685,3785
2015163,2015-06-19,6,4,6,3,2,64632,3786
2015164,2015-06-20,3,9,2,9,0,39290,3787
2015165,2015-06-21,3,8,9,8,4,38984,3788
2015166,2015-06-22,5,3,3,9,7,53397,3789
2015167,2015-06-23,3,5,6,9,2,35692,3790
2015168,2015-06-24,7,4,4,0,9,74409,3791
2015169,2015-06-25,1,6,0,4,0,16040,3792
2015170,2015-06-26,9,0,0,2,5,90025,3793
2015171,2015-06-27,4,1,0,5,1,41051,3794
2015172,2015-06-28,4,0,6,0,5,40605,3795
2015173,2015-06-29,5,3,7,9,5,53795,3796
2015174,2015-06-30,9,3,4,7,5,93475,3797
2015175,2015-07-01,6,1,6,1,1,61611,3798
2015176,2015-07-02,7,6,2,0,7,76207,3799
2015177,2015-07-03,0,7,0,1,1,07011,3800
2015178,2015-07-04,7,2,0,1,5,72015,3801
2015179,2015-07-05,5,3,5,9,6,53596,3802
2015180,2015-07-06,0,2,0,2,0,02020,3803
2015181,2015-07-07,8,6,8,0,1,86801,3804
2015182,2015-07-08,7,8,4,5,1,78451,3805
2015183,2015-07-09,6,5,3,6,4,65364,3806
2015184,2015-07-10,2,9,1,1,3,29113,3807
2015185,2015-07-11,7,9,8,5,9,79859,3808
2015186,2015-07-12,7,8,5,2,9,78529,3809
2015187,2015-07-13,0,5,8,7,9,05879,3810
2015188,2015-07-14,3,1,9,4,2,31942,3811
2015189,2015-07-15,7,6,2,9,9,76299,3812
2015190,2015-07-16,6,8,8,9,6,68896,3813
2015191,2015-07-17,5,1,4,3,3,51433,3814
2015192,2015-07-18,6,6,6,8,1,66681,3815
2015193,2015-07-19,7,0,2,0,1,70201,3816
2015194,2015-07-20,2,7,7,4,8,27748,3817
2015195,2015-07-21,9,4,6,6,1,94661,3818
2015196,2015-07-22,8,6,2,5,2,86252,3819
2015197,2015-07-23,4,0,2,1,2,40212,3820
2015198,2015-07-24,3,1,3,3,6,31336,3821
2015199,2015-07-25,8,6,7,9,7,86797,3822
2015200,2015-07-26,9,3,4,8,0,93480,3823
2015201,2015-07-27,0,6,3,8,2,06382,3824
2015202,2015-07-28,3,9,5,0,2,39502,3825
2015203,2015-07-29,6,4,7,2,8,64728,3826
2015204,2015-07-30,0,6,8,4,4,06844,3827
2015205,2015-07-31,2,1,2,2,8,21228,3828
2015206,2015-08-01,8,8,1,8,4,88184,3829
2015207,2015-08-02,3,3,8,5,7,33857,3830
2015208,2015-08-03,3,5,3,4,3,35343,3831
2015209,2015-08-04,7,2,7,9,5,72795,3832
2015210,2015-08-05,7,2,8,9,9,72899,3833
2015211,2015-08-06,9,5,1,4,2,95142,3834
2015212,2015-08-07,6,1,4,3,1,61431,3835
2015213,2015-08-08,0,5,5,5,5,05555,3836
2015214,2015-08-09,1,9,0,9,0,19090,3837
2015215,2015-08-10,1,5,4,7,9,15479,3838
2015216,2015-08-11,2,5,4,5,8,25458,3839
2015217,2015-08-12,2,4,2,6,8,24268,3840
2015218,2015-08-13,2,3,2,5,4,23254,3841
2015219,2015-08-14,1,9,2,8,6,19286,3842
2015220,2015-08-15,3,2,8,7,5,32875,3843
2015221,2015-08-16,7,8,1,6,3,78163,3844
2015222,2015-08-17,4,3,8,6,4,43864,3845
2015223,2015-08-18,3,8,7,2,6,38726,3846
2015224,2015-08-19,6,4,1,4,6,64146,3847
2015225,2015-08-20,8,5,9,4,4,85944,3848
2015226,2015-08-21,4,4,0,2,6,44026,3849
2015227,2015-08-22,4,4,2,8,7,44287,3850
2015228,2015-08-23,3,1,2,1,8,31218,3851
2015229,2015-08-24,9,9,1,4,0,99140,3852
2015230,2015-08-25,7,2,7,5,3,72753,3853
2015231,2015-08-26,5,0,9,9,8,50998,3854
2015232,2015-08-27,5,3,2,0,2,53202,3855
2015233,2015-08-28,9,8,3,6,5,98365,3856
2015234,2015-08-29,4,3,6,0,4,43604,3857
2015235,2015-08-30,4,6,5,4,3,46543,3858
2015236,2015-08-31,9,1,0,7,8,91078,3859
2015237,2015-09-01,3,0,4,2,7,30427,3860
2015238,2015-09-02,1,2,7,5,5,12755,3861
2015239,2015-09-03,9,3,1,9,8,93198,3862
2015240,2015-09-04,6,8,9,1,8,68918,3863
2015241,2015-09-05,6,5,1,2,7,65127,3864
2015242,2015-09-06,6,7,8,0,0,67800,3865
2015243,2015-09-07,0,0,8,8,6,00886,3866
2015244,2015-09-08,3,5,0,8,2,35082,3867
2015245,2015-09-09,9,8,7,4,7,98747,3868
2015246,2015-09-10,7,7,8,9,5,77895,3869
2015247,2015-09-11,0,6,5,8,6,06586,3870
2015248,2015-09-12,2,5,1,3,9,25139,3871
2015249,2015-09-13,4,6,1,2,3,46123,3872
2015250,2015-09-14,7,1,3,2,8,71328,3873
2015251,2015-09-15,4,9,4,3,4,49434,3874
2015252,2015-09-16,4,5,1,1,9,45119,3875
2015253,2015-09-17,2,9,2,4,8,29248,3876
2015254,2015-09-18,3,4,3,6,3,34363,3877
2015255,2015-09-19,4,3,0,3,3,43033,3878
2015256,2015-09-20,1,5,6,6,0,15660,3879
2015257,2015-09-21,0,2,3,0,2,02302,3880
2015258,2015-09-22,3,7,4,6,5,37465,3881
2015259,2015-09-23,9,5,2,9,7,95297,3882
2015260,2015-09-24,2,5,8,2,8,25828,3883
2015261,2015-09-25,8,3,3,8,9,83389,3884
2015262,2015-09-26,2,5,2,6,1,25261,3885
2015263,2015-09-27,2,1,6,4,4,21644,3886
2015264,2015-09-28,1,7,3,8,0,17380,3887
2015265,2015-09-29,9,2,5,4,8,92548,3888
2015266,2015-09-30,0,8,4,5,7,08457,3889
2015267,2015-10-01,6,5,2,5,2,65252,3890
2015268,2015-10-02,8,0,8,0,7,80807,3891
2015269,2015-10-03,2,5,8,3,6,25836,3892
2015270,2015-10-04,1,1,5,6,4,11564,3893
2015271,2015-10-05,9,7,9,2,8,97928,3894
2015272,2015-10-06,4,1,9,5,9,41959,3895
2015273,2015-10-07,2,5,4,7,7,25477,3896
2015274,2015-10-08,3,0,6,6,0,30660,3897
2015275,2015-10-09,9,3,4,8,4,93484,3898
2015276,2015-10-10,8,9,1,6,2,89162,3899
2015277,2015-10-11,4,8,3,8,2,48382,3900
2015278,2015-10-12,0,1,1,7,2,01172,3901
2015279,2015-10-13,2,1,7,7,2,21772,3902
2015280,2015-10-14,9,8,8,7,5,98875,3903
2015281,2015-10-15,0,9,0,4,3,09043,3904
2015282,2015-10-16,4,9,2,0,9,49209,3905
2015283,2015-10-17,2,3,4,9,5,23495,3906
2015284,2015-10-18,6,3,2,0,2,63202,3907
2015285,2015-10-19,4,2,1,9,5,42195,3908
2015286,2015-10-20,0,7,4,9,1,07491,3909
2015287,2015-10-21,0,5,0,8,0,05080,3910
2015288,2015-10-22,8,4,2,4,3,84243,3911
2015289,2015-10-23,5,2,9,0,0,52900,3912
2015290,2015-10-24,0,6,4,9,3,06493,3913
2015291,2015-10-25,1,2,0,1,5,12015,3914
2015292,2015-10-26,2,9,6,8,4,29684,3915
2015293,2015-10-27,4,3,2,1,4,43214,3916
2015294,2015-10-28,0,4,1,2,6,04126,3917
2015295,2015-10-29,3,0,5,4,3,30543,3918
2015296,2015-10-30,9,0,5,4,1,90541,3919
2015297,2015-10-31,4,4,0,5,8,44058,3920
2015298,2015-11-01,5,9,4,4,2,59442,3921
2015299,2015-11-02,6,2,7,5,2,62752,3922
2015300,2015-11-03,8,4,5,8,3,84583,3923
2015301,2015-11-04,4,4,9,2,2,44922,3924
2015302,2015-11-05,6,4,2,8,4,64284,3925
2015303,2015-11-06,4,4,1,0,5,44105,3926
2015304,2015-11-07,2,7,1,2,7,27127,3927
2015305,2015-11-08,5,4,9,2,8,54928,3928
2015306,2015-11-09,2,1,7,3,3,21733,3929
2015307,2015-11-10,0,6,9,2,8,06928,3930
2015308,2015-11-11,3,7,9,5,0,37950,3931
2015309,2015-11-12,0,0,3,7,1,00371,3932
2015310,2015-11-13,2,5,7,8,0,25780,3933
2015311,2015-11-14,2,3,3,2,0,23320,3934
2015312,2015-11-15,4,3,5,5,6,43556,3935
2015313,2015-11-16,5,5,5,0,2,55502,3936
2015314,2015-11-17,0,6,5,3,0,06530,3937
2015315,2015-11-18,7,5,0,4,2,75042,3938
2015316,2015-11-19,0,2,1,7,8,02178,3939
2015317,2015-11-20,8,1,2,1,9,81219,3940
2015318,2015-11-21,3,4,9,1,5,34915,3941
2015319,2015-11-22,6,1,9,9,8,61998,3942
2015320,2015-11-23,8,8,4,3,4,88434,3943
2015321,2015-11-24,8,3,6,3,5,83635,3944
2015322,2015-11-25,6,4,4,9,4,64494,3945
2015323,2015-11-26,1,6,9,7,8,16978,3946
2015324,2015-11-27,7,9,3,6,6,79366,3947
2015325,2015-11-28,9,2,9,6,5,92965,3948
2015326,2015-11-29,8,7,5,6,2,87562,3949
2015327,2015-11-30,4,2,9,8,3,42983,3950
2015328,2015-12-01,4,9,7,0,3,49703,3951
2015329,2015-12-02,6,7,5,5,2,67552,3952
2015330,2015-12-03,0,5,6,5,4,05654,3953
2015331,2015-12-04,7,8,0,2,4,78024,3954
2015332,2015-12-05,6,9,0,4,8,69048,3955
2015333,2015-12-06,3,8,8,8,0,38880,3956
2015334,2015-12-07,0,5,2,3,3,05233,3957
2015335,2015-12-08,5,6,2,4,1,56241,3958
2015336,2015-12-09,6,5,8,1,2,65812,3959
2015337,2015-12-10,9,1,3,9,4,91394,3960
2015338,2015-12-11,9,0,9,2,2,90922,3961
2015339,2015-12-12,9,9,7,3,7,99737,3962
2015340,2015-12-13,8,2,8,1,9,82819,3963
2015341,2015-12-14,6,6,4,1,9,66419,3964
2015342,2015-12-15,5,9,6,3,8,59638,3965
2015343,2015-12-16,5,8,0,7,2,58072,3966
2015344,2015-12-17,2,5,3,7,6,25376,3967
2015345,2015-12-18,2,9,3,4,7,29347,3968
2015346,2015-12-19,7,0,1,9,5,70195,3969
2015347,2015-12-20,1,4,5,7,6,14576,3970
2015348,2015-12-21,8,7,8,7,5,87875,3971
2015349,2015-12-22,7,5,0,2,2,75022,3972
2015350,2015-12-23,8,1,3,5,7,81357,3973
2015351,2015-12-24,9,7,4,5,1,97451,3974
2015352,2015-12-25,9,1,8,1,9,91819,3975
2015353,2015-12-26,3,4,9,7,6,34976,3976
2015354,2015-12-27,3,9,1,4,7,39147,3977
2015355,2015-12-28,8,7,1,3,7,87137,3978
2015356,2015-12-29,3,9,7,6,5,39765,3979
2015357,2015-12-30,4,3,2,2,3,43223,3980
2015358,2015-12-31,0,0,9,8,3,00983,3981
2016001,2016-01-01,8,2,8,1,3,82813,3982
2016002,2016-01-02,5,6,7,0,6,56706,3983
2016003,2016-01-03,5,7,3,9,2,57392,3984
2016004,2016-01-04,5,4,3,2,1,54321,3985
2016005,2016-01-05,4,3,9,8,4,43984,3986
2016006,2016-01-06,1,0,1,1,8,10118,3987
2016007,2016-01-07,1,7,4,1,0,17410,3988
2016008,2016-01-08,9,6,7,9,3,96793,3989
2016009,2016-01-09,6,4,8,4,7,64847,3990
2016010,2016-01-10,8,2,3,7,9,82379,3991
2016011,2016-01-11,4,6,1,7,4,46174,3992
2016012,2016-01-12,5,3,0,5,9,53059,3993
2016013,2016-01-13,0,1,9,8,7,01987,3994
2016014,2016-01-14,9,2,5,8,2,92582,3995
2016015,2016-01-15,6,8,6,2,6,68626,3996
2016016,2016-01-16,8,4,1,3,4,84134,3997
2016017,2016-01-17,8,6,1,6,9,86169,3998
2016018,2016-01-18,6,4,6,5,6,64656,3999
2016019,2016-01-19,8,8,3,6,6,88366,4000
2016020,2016-01-20,6,9,3,6,5,69365,4001
2016021,2016-01-21,4,0,2,4,6,40246,4002
2016022,2016-01-22,7,4,4,8,2,74482,4003
2016023,2016-01-23,0,4,1,5,6,04156,4004
2016024,2016-01-24,0,9,1,7,7,09177,4005
2016025,2016-01-25,5,0,0,5,4,50054,4006
2016026,2016-01-26,4,0,3,3,4,40334,4007
2016027,2016-01-27,7,2,9,7,5,72975,4008
2016028,2016-01-28,2,6,2,8,7,26287,4009
2016029,2016-01-29,2,2,5,2,0,22520,4010
2016030,2016-01-30,9,8,8,5,1,98851,4011
2016031,2016-01-31,4,5,7,9,3,45793,4012
2016032,2016-02-01,5,5,5,7,1,55571,4013
2016033,2016-02-02,0,0,2,5,6,00256,4014
2016034,2016-02-03,1,0,2,2,2,10222,4015
2016035,2016-02-04,0,5,1,7,8,05178,4016
2016036,2016-02-05,2,5,8,2,6,25826,4017
2016037,2016-02-06,6,2,4,1,6,62416,4018
2016038,2016-02-14,8,2,3,8,9,82389,4019
2016039,2016-02-15,5,0,3,2,1,50321,4020
2016040,2016-02-16,0,4,7,2,8,04728,4021
2016041,2016-02-17,7,2,0,5,5,72055,4022
2016042,2016-02-18,7,2,9,7,7,72977,4023
2016043,2016-02-19,9,4,4,6,6,94466,4024
2016044,2016-02-20,0,1,2,8,6,01286,4025
2016045,2016-02-21,6,1,2,6,0,61260,4026
2016046,2016-02-22,1,2,6,2,1,12621,4027
2016047,2016-02-23,1,3,2,9,3,13293,4028
2016048,2016-02-24,3,3,7,2,7,33727,4029
2016049,2016-02-25,6,1,8,8,4,61884,4030
2016050,2016-02-26,1,4,0,7,8,14078,4031
2016051,2016-02-27,1,0,2,1,3,10213,4032
2016052,2016-02-28,7,9,2,6,7,79267,4033
2016053,2016-02-29,4,4,7,0,8,44708,4034
2016054,2016-03-01,7,3,6,7,8,73678,4035
2016055,2016-03-02,3,2,3,5,8,32358,4036
2016056,2016-03-03,6,6,5,4,1,66541,4037
2016057,2016-03-04,7,6,4,7,7,76477,4038
2016058,2016-03-05,1,1,9,3,3,11933,4039
2016059,2016-03-06,0,7,8,1,8,07818,4040
2016060,2016-03-07,6,8,6,8,0,68680,4041
2016061,2016-03-08,6,7,5,7,2,67572,4042
2016062,2016-03-09,4,7,7,2,5,47725,4043
2016063,2016-03-10,4,9,1,4,6,49146,4044
2016064,2016-03-11,4,5,5,0,6,45506,4045
2016065,2016-03-12,0,1,6,9,5,01695,4046
2016066,2016-03-13,4,5,5,6,1,45561,4047
2016067,2016-03-14,4,4,5,5,0,44550,4048
2016068,2016-03-15,0,1,3,5,6,01356,4049
2016069,2016-03-16,9,9,5,3,6,99536,4050
2016070,2016-03-17,7,8,9,3,1,78931,4051
2016071,2016-03-18,5,3,0,8,0,53080,4052
2016072,2016-03-19,2,9,9,8,8,29988,4053
2016073,2016-03-20,9,7,2,1,3,97213,4054
2016074,2016-03-21,9,5,1,7,3,95173,4055
2016075,2016-03-22,6,3,7,2,1,63721,4056
2016076,2016-03-23,6,0,6,0,6,60606,4057
2016077,2016-03-24,7,8,2,5,9,78259,4058
2016078,2016-03-25,4,6,7,9,3,46793,4059
2016079,2016-03-26,3,9,0,0,8,39008,4060
2016080,2016-03-27,6,7,0,2,0,67020,4061
2016081,2016-03-28,1,5,0,9,8,15098,4062
2016082,2016-03-29,7,4,8,2,2,74822,4063
2016083,2016-03-30,2,3,4,1,3,23413,4064
2016084,2016-03-31,0,2,3,6,7,02367,4065
2016085,2016-04-01,9,9,7,6,3,99763,4066
2016086,2016-04-02,0,6,5,9,9,06599,4067
2016087,2016-04-03,9,1,7,2,7,91727,4068
2016088,2016-04-04,5,4,7,4,8,54748,4069
2016089,2016-04-05,9,8,3,3,7,98337,4070
2016090,2016-04-06,8,6,7,7,2,86772,4071
2016091,2016-04-07,1,3,3,2,3,13323,4072
2016092,2016-04-08,2,7,3,1,3,27313,4073
2016093,2016-04-09,9,8,2,8,6,98286,4074
2016094,2016-04-10,9,6,0,7,1,96071,4075
2016095,2016-04-11,8,6,9,7,8,86978,4076
2016096,2016-04-12,4,1,0,9,2,41092,4077
2016097,2016-04-13,1,1,1,6,5,11165,4078
2016098,2016-04-14,9,8,2,9,7,98297,4079
2016099,2016-04-15,3,3,2,9,7,33297,4080
2016100,2016-04-16,0,3,7,4,7,03747,4081
2016101,2016-04-17,6,0,3,4,7,60347,4082
2016102,2016-04-18,8,8,5,2,1,88521,4083
2016103,2016-04-19,7,6,2,9,7,76297,4084
2016104,2016-04-20,2,1,9,5,8,21958,4085
2016105,2016-04-21,6,1,1,3,9,61139,4086
2016106,2016-04-22,0,3,7,5,4,03754,4087
2016107,2016-04-23,2,4,0,7,6,24076,4088
2016108,2016-04-24,2,3,6,8,9,23689,4089
2016109,2016-04-25,0,7,1,6,3,07163,4090
2016110,2016-04-26,7,7,2,5,6,77256,4091
2016111,2016-04-27,4,7,6,5,2,47652,4092
2016112,2016-04-28,6,1,1,1,0,61110,4093
2016113,2016-04-29,2,9,7,8,6,29786,4094
2016114,2016-04-30,2,1,8,2,8,21828,4095
2016115,2016-05-01,0,0,2,1,8,00218,4096
2016116,2016-05-02,4,8,8,3,1,48831,4097
2016117,2016-05-03,9,4,5,5,0,94550,4098
2016118,2016-05-04,3,6,9,8,7,36987,4099
2016119,2016-05-05,1,3,9,1,3,13913,4100
2016120,2016-05-06,8,7,7,3,5,87735,4101
2016121,2016-05-07,5,6,4,5,0,56450,4102
2016122,2016-05-08,4,3,6,2,0,43620,4103
2016123,2016-05-09,1,4,7,0,1,14701,4104
2016124,2016-05-10,8,5,6,7,2,85672,4105
2016125,2016-05-11,2,0,1,7,3,20173,4106
2016126,2016-05-12,0,6,3,9,2,06392,4107
2016127,2016-05-13,9,9,7,0,5,99705,4108
2016128,2016-05-14,7,4,4,6,1,74461,4109
2016129,2016-05-15,4,0,5,4,2,40542,4110
2016130,2016-05-16,2,4,7,6,1,24761,4111
2016131,2016-05-17,6,6,5,1,9,66519,4112
2016132,2016-05-18,4,9,1,0,2,49102,4113
2016133,2016-05-19,7,1,1,1,1,71111,4114
2016134,2016-05-20,9,2,3,0,8,92308,4115
2016135,2016-05-21,1,4,4,2,8,14428,4116
2016136,2016-05-22,6,6,5,3,0,66530,4117
2016137,2016-05-23,9,6,6,7,8,96678,4118
2016138,2016-05-24,1,3,3,1,2,13312,4119
2016139,2016-05-25,1,8,8,7,6,18876,4120
2016140,2016-05-26,6,5,6,6,3,65663,4121
2016141,2016-05-27,7,2,0,7,7,72077,4122
2016142,2016-05-28,3,4,7,7,9,34779,4123
2016143,2016-05-29,1,1,2,7,8,11278,4124
2016144,2016-05-30,5,6,8,2,4,56824,4125
2016145,2016-05-31,0,1,4,4,1,01441,4126
2016146,2016-06-01,1,4,5,8,1,14581,4127
2016147,2016-06-02,9,7,6,4,3,97643,4128
2016148,2016-06-03,7,8,7,6,5,78765,4129
2016149,2016-06-04,7,5,7,9,4,75794,4130
2016150,2016-06-05,1,1,4,8,9,11489,4131
2016151,2016-06-06,6,1,6,0,7,61607,4132
2016152,2016-06-07,1,2,5,1,4,12514,4133
2016153,2016-06-08,6,2,2,3,8,62238,4134
2016154,2016-06-09,7,1,2,7,4,71274,4135
2016155,2016-06-10,9,9,9,6,3,99963,4136
2016156,2016-06-11,3,1,6,3,5,31635,4137
2016157,2016-06-12,6,0,3,1,2,60312,4138
2016158,2016-06-13,6,1,7,8,5,61785,4139
2016159,2016-06-14,8,3,5,6,2,83562,4140
2016160,2016-06-15,6,5,7,3,2,65732,4141
2016161,2016-06-16,8,4,5,3,0,84530,4142
2016162,2016-06-17,7,0,8,8,4,70884,4143
2016163,2016-06-18,9,7,0,7,1,97071,4144
2016164,2016-06-19,7,2,3,2,3,72323,4145
2016165,2016-06-20,5,7,1,3,7,57137,4146
2016166,2016-06-21,4,1,2,4,1,41241,4147
2016167,2016-06-22,9,6,9,0,9,96909,4148
2016168,2016-06-23,9,0,0,4,5,90045,4149
2016169,2016-06-24,1,9,6,0,3,19603,4150
2016170,2016-06-25,4,0,9,7,7,40977,4151
2016171,2016-06-26,0,5,8,1,7,05817,4152
2016172,2016-06-27,7,6,0,8,9,76089,4153
2016173,2016-06-28,2,6,2,3,4,26234,4154
2016174,2016-06-29,1,1,1,5,3,11153,4155
2016175,2016-06-30,6,3,0,8,1,63081,4156
2016176,2016-07-01,7,6,5,7,3,76573,4157
2016177,2016-07-02,5,8,5,1,7,58517,4158
2016178,2016-07-03,9,0,0,2,7,90027,4159
2016179,2016-07-04,4,5,6,8,7,45687,4160
2016180,2016-07-05,6,3,2,6,6,63266,4161
2016181,2016-07-06,4,3,7,1,3,43713,4162
2016182,2016-07-07,2,0,0,3,3,20033,4163
2016183,2016-07-08,5,7,3,4,2,57342,4164
2016184,2016-07-09,3,5,9,9,8,35998,4165
2016185,2016-07-10,5,4,2,3,7,54237,4166
2016186,2016-07-11,8,1,1,7,6,81176,4167
2016187,2016-07-12,3,0,7,4,0,30740,4168
2016188,2016-07-13,8,4,2,8,8,84288,4169
2016189,2016-07-14,1,3,1,6,6,13166,4170
2016190,2016-07-15,0,2,6,9,0,02690,4171
2016191,2016-07-16,2,0,8,4,7,20847,4172
2016192,2016-07-17,3,2,5,1,4,32514,4173
2016193,2016-07-18,7,8,3,7,0,78370,4174
2016194,2016-07-19,5,5,7,2,5,55725,4175
2016195,2016-07-20,0,2,4,2,6,02426,4176
2016196,2016-07-21,3,3,9,8,6,33986,4177
2016197,2016-07-22,3,0,0,6,9,30069,4178
2016198,2016-07-23,2,8,9,4,4,28944,4179
2016199,2016-07-24,5,1,0,3,1,51031,4180
2016200,2016-07-25,5,8,3,5,9,58359,4181
2016201,2016-07-26,3,7,4,6,2,37462,4182
2016202,2016-07-27,5,8,4,6,6,58466,4183
2016203,2016-07-28,0,4,4,8,1,04481,4184
2016204,2016-07-29,2,4,4,2,4,24424,4185
2016205,2016-07-30,4,3,5,4,8,43548,4186
2016206,2016-07-31,7,8,8,2,0,78820,4187
2016207,2016-08-01,7,7,5,9,0,77590,4188
2016208,2016-08-02,2,8,4,1,4,28414,4189
2016209,2016-08-03,2,9,9,5,9,29959,4190
2016210,2016-08-04,3,0,5,3,1,30531,4191
2016211,2016-08-05,4,6,3,1,6,46316,4192
2016212,2016-08-06,6,9,3,8,3,69383,4193
2016213,2016-08-07,6,5,8,6,5,65865,4194
2016214,2016-08-08,7,0,9,5,3,70953,4195
2016215,2016-08-09,7,8,7,2,9,78729,4196
2016216,2016-08-10,3,9,8,0,3,39803,4197
2016217,2016-08-11,4,4,9,9,3,44993,4198
2016218,2016-08-12,9,0,0,5,0,90050,4199
2016219,2016-08-13,0,4,7,1,2,04712,4200
2016220,2016-08-14,0,7,3,7,4,07374,4201
2016221,2016-08-15,6,1,2,3,5,61235,4202
2016222,2016-08-16,4,2,5,8,7,42587,4203
2016223,2016-08-17,0,6,3,4,9,06349,4204
2016224,2016-08-18,6,5,6,9,2,65692,4205
2016225,2016-08-19,6,3,6,0,2,63602,4206
2016226,2016-08-20,0,1,6,8,9,01689,4207
2016227,2016-08-21,3,9,7,2,1,39721,4208
2016228,2016-08-22,8,6,5,2,6,86526,4209
2016229,2016-08-23,0,4,2,7,7,04277,4210
2016230,2016-08-24,5,6,6,5,1,56651,4211
2016231,2016-08-25,2,8,5,5,2,28552,4212
2016232,2016-08-26,9,1,6,5,6,91656,4213
2016233,2016-08-27,5,6,8,9,0,56890,4214
2016234,2016-08-28,9,7,6,1,3,97613,4215
2016235,2016-08-29,4,5,0,4,8,45048,4216
2016236,2016-08-30,2,6,3,0,5,26305,4217
2016237,2016-08-31,2,8,4,7,3,28473,4218
2016238,2016-09-01,5,4,3,9,0,54390,4219
2016239,2016-09-02,5,8,5,9,9,58599,4220
2016240,2016-09-03,6,3,9,4,2,63942,4221
2016241,2016-09-04,3,2,0,4,0,32040,4222
2016242,2016-09-05,7,5,2,6,1,75261,4223
2016243,2016-09-06,4,1,6,0,5,41605,4224
2016244,2016-09-07,1,5,3,9,5,15395,4225
2016245,2016-09-08,3,8,9,4,8,38948,4226
2016246,2016-09-09,7,8,2,7,1,78271,4227
2016247,2016-09-10,8,8,2,6,2,88262,4228
2016248,2016-09-11,7,2,7,1,3,72713,4229
2016249,2016-09-12,9,7,3,5,6,97356,4230
2016250,2016-09-13,1,6,2,6,9,16269,4231
2016251,2016-09-14,3,0,6,7,6,30676,4232
2016252,2016-09-15,4,5,9,1,9,45919,4233
2016253,2016-09-16,6,9,1,9,2,69192,4234
2016254,2016-09-17,6,5,2,9,4,65294,4235
2016255,2016-09-18,3,3,5,0,5,33505,4236
2016256,2016-09-19,1,3,7,0,1,13701,4237
2016257,2016-09-20,3,8,9,0,9,38909,4238
2016258,2016-09-21,9,6,1,0,6,96106,4239
2016259,2016-09-22,3,9,6,9,0,39690,4240
2016260,2016-09-23,0,3,8,3,7,03837,4241
2016261,2016-09-24,9,9,4,1,3,99413,4242
2016262,2016-09-25,3,5,8,4,6,35846,4243
2016263,2016-09-26,1,1,0,9,2,11092,4244
2016264,2016-09-27,6,7,1,1,7,67117,4245
2016265,2016-09-28,6,9,5,0,0,69500,4246
2016266,2016-09-29,6,4,0,2,5,64025,4247
2016267,2016-09-30,1,4,1,0,0,14100,4248
2016268,2016-10-01,0,7,6,2,4,07624,4249
2016269,2016-10-02,2,2,1,1,7,22117,4250
2016270,2016-10-03,0,4,2,4,9,04249,4251
2016271,2016-10-04,8,7,5,5,0,87550,4252
2016272,2016-10-05,1,9,6,9,6,19696,4253
2016273,2016-10-06,5,8,3,6,0,58360,4254
2016274,2016-10-07,9,0,5,9,7,90597,4255
2016275,2016-10-08,8,2,0,4,7,82047,4256
2016276,2016-10-09,9,6,4,5,4,96454,4257
2016277,2016-10-10,5,8,4,7,1,58471,4258
2016278,2016-10-11,2,3,2,8,4,23284,4259
2016279,2016-10-12,5,0,6,2,5,50625,4260
2016280,2016-10-13,8,0,2,0,0,80200,4261
2016281,2016-10-14,1,3,6,9,7,13697,4262
2016282,2016-10-15,8,2,8,2,4,82824,4263
2016283,2016-10-16,0,0,4,7,1,00471,4264
2016284,2016-10-17,4,6,7,0,2,46702,4265
2016285,2016-10-18,7,2,8,3,9,72839,4266
2016286,2016-10-19,6,2,3,3,2,62332,4267
2016287,2016-10-20,8,9,0,1,7,89017,4268
2016288,2016-10-21,4,3,0,3,5,43035,4269
2016289,2016-10-22,7,3,6,1,2,73612,4270
2016290,2016-10-23,6,3,1,0,6,63106,4271
2016291,2016-10-24,1,9,6,4,9,19649,4272
2016292,2016-10-25,2,4,0,0,2,24002,4273
2016293,2016-10-26,8,0,4,7,0,80470,4274
2016294,2016-10-27,6,1,2,4,4,61244,4275
2016295,2016-10-28,3,9,2,1,6,39216,4276
2016296,2016-10-29,4,7,9,5,5,47955,4277
2016297,2016-10-30,8,5,3,5,6,85356,4278
2016298,2016-10-31,7,3,3,2,6,73326,4279
2016299,2016-11-01,5,1,7,3,0,51730,4280
2016300,2016-11-02,1,8,9,7,2,18972,4281
2016301,2016-11-03,8,8,8,6,5,88865,4282
2016302,2016-11-04,5,1,8,3,9,51839,4283
2016303,2016-11-05,7,5,1,0,2,75102,4284
2016304,2016-11-06,4,7,0,9,3,47093,4285
2016305,2016-11-07,3,6,8,0,0,36800,4286
2016306,2016-11-08,7,4,0,9,1,74091,4287
2016307,2016-11-09,5,8,6,0,2,58602,4288
2016308,2016-11-10,1,2,6,8,9,12689,4289
2016309,2016-11-11,2,2,5,1,4,22514,4290
2016310,2016-11-12,7,9,4,6,6,79466,4291
2016311,2016-11-13,8,4,1,4,9,84149,4292
2016312,2016-11-14,6,6,4,6,2,66462,4293
2016313,2016-11-15,3,1,4,6,0,31460,4294
2016314,2016-11-16,2,3,5,2,0,23520,4295
2016315,2016-11-17,4,9,7,2,3,49723,4296
2016316,2016-11-18,2,1,4,7,9,21479,4297
2016317,2016-11-19,8,8,6,9,4,88694,4298
2016318,2016-11-20,1,4,2,0,2,14202,4299
2016319,2016-11-21,4,1,9,8,2,41982,4300
2016320,2016-11-22,3,4,9,3,2,34932,4301
2016321,2016-11-23,6,0,6,3,9,60639,4302
2016322,2016-11-24,2,7,1,0,3,27103,4303
2016323,2016-11-25,8,4,0,2,4,84024,4304
2016324,2016-11-26,1,7,3,7,4,17374,4305
2016325,2016-11-27,6,6,8,9,0,66890,4306
2016326,2016-11-28,3,6,3,1,8,36318,4307
2016327,2016-11-29,6,5,6,8,5,65685,4308
2016328,2016-11-30,8,6,5,9,5,86595,4309
2016329,2016-12-01,9,5,1,0,3,95103,4310
2016330,2016-12-02,5,6,4,9,2,56492,4311
2016331,2016-12-03,6,7,3,1,1,67311,4312
2016332,2016-12-04,4,4,5,1,5,44515,4313
2016333,2016-12-05,9,7,5,0,1,97501,4314
2016334,2016-12-06,3,5,5,5,3,35553,4315
2016335,2016-12-07,5,3,8,4,3,53843,4316
2016336,2016-12-08,1,5,0,7,2,15072,4317
2016337,2016-12-09,5,2,8,8,3,52883,4318
2016338,2016-12-10,4,0,1,2,1,40121,4319
2016339,2016-12-11,5,4,8,3,3,54833,4320
2016340,2016-12-12,6,4,8,2,0,64820,4321
2016341,2016-12-13,0,3,9,7,0,03970,4322
2016342,2016-12-14,6,3,3,2,1,63321,4323
2016343,2016-12-15,8,0,7,4,0,80740,4324
2016344,2016-12-16,1,0,3,1,7,10317,4325
2016345,2016-12-17,5,6,2,7,6,56276,4326
2016346,2016-12-18,1,0,0,3,9,10039,4327
2016347,2016-12-19,5,8,9,0,9,58909,4328
2016348,2016-12-20,7,5,7,2,7,75727,4329
2016349,2016-12-21,1,5,4,4,4,15444,4330
2016350,2016-12-22,5,1,9,4,7,51947,4331
2016351,2016-12-23,4,7,5,2,8,47528,4332
2016352,2016-12-24,4,2,4,1,2,42412,4333
2016353,2016-12-25,4,5,3,1,3,45313,4334
2016354,2016-12-26,5,3,3,6,8,53368,4335
2016355,2016-12-27,7,1,9,6,4,71964,4336
2016356,2016-12-28,1,8,0,8,0,18080,4337
2016357,2016-12-29,2,2,2,1,7,22217,4338
2016358,2016-12-30,1,4,3,9,6,14396,4339
2016359,2016-12-31,8,9,6,5,7,89657,4340
2017001,2017-01-01,0,9,2,3,1,09231,4341
2017002,2017-01-02,7,5,8,5,5,75855,4342
2017003,2017-01-03,3,7,4,0,4,37404,4343
2017004,2017-01-04,6,1,6,6,0,61660,4344
2017005,2017-01-05,3,4,2,3,0,34230,4345
2017006,2017-01-06,4,2,6,7,0,42670,4346
2017007,2017-01-07,6,9,2,8,7,69287,4347
2017008,2017-01-08,5,9,7,0,3,59703,4348
2017009,2017-01-09,3,1,7,8,4,31784,4349
2017010,2017-01-10,2,6,1,5,8,26158,4350
2017011,2017-01-11,4,8,6,8,7,48687,4351
2017012,2017-01-12,0,5,9,9,5,05995,4352
2017013,2017-01-13,0,3,9,6,4,03964,4353
2017014,2017-01-14,4,2,8,3,6,42836,4354
2017015,2017-01-15,6,8,6,0,1,68601,4355
2017016,2017-01-16,7,9,6,3,5,79635,4356
2017017,2017-01-17,8,9,7,6,2,89762,4357
2017018,2017-01-18,3,9,7,9,5,39795,4358
2017019,2017-01-19,8,4,4,9,9,84499,4359
2017020,2017-01-20,5,2,6,1,9,52619,4360
2017021,2017-01-21,8,7,4,9,1,87491,4361
2017022,2017-01-22,6,7,7,5,5,67755,4362
2017023,2017-01-23,2,3,7,5,2,23752,4363
2017024,2017-01-24,0,4,3,9,0,04390,4364
2017025,2017-01-25,2,7,7,9,1,27791,4365
2017026,2017-01-26,0,8,1,4,5,08145,4366
2017027,2017-02-03,3,2,5,3,2,32532,4367
2017028,2017-02-04,9,5,5,0,4,95504,4368
2017029,2017-02-05,8,0,4,7,8,80478,4369
2017030,2017-02-06,8,9,6,3,1,89631,4370
2017031,2017-02-07,5,0,2,0,5,50205,4371
2017032,2017-02-08,7,3,8,7,4,73874,4372
2017033,2017-02-09,7,8,5,6,6,78566,4373
2017034,2017-02-10,8,9,5,7,6,89576,4374
2017035,2017-02-11,8,9,0,7,7,89077,4375
2017036,2017-02-12,4,7,2,8,0,47280,4376
2017037,2017-02-13,3,8,0,8,0,38080,4377
2017038,2017-02-14,8,2,3,5,2,82352,4378
2017039,2017-02-15,5,9,8,8,1,59881,4379
2017040,2017-02-16,3,9,5,0,7,39507,4380
2017041,2017-02-17,9,8,2,8,2,98282,4381
2017042,2017-02-18,1,4,9,9,2,14992,4382
2017043,2017-02-19,5,0,8,3,4,50834,4383
2017044,2017-02-20,1,3,8,5,0,13850,4384
2017045,2017-02-21,7,3,5,1,7,73517,4385
2017046,2017-02-22,8,8,7,6,6,88766,4386
2017047,2017-02-23,2,8,3,6,0,28360,4387
2017048,2017-02-24,1,6,4,2,2,16422,4388
2017049,2017-02-25,6,6,5,3,8,66538,4389
2017050,2017-02-26,3,0,7,8,0,30780,4390
2017051,2017-02-27,4,4,4,8,8,44488,4391
2017052,2017-02-28,1,5,9,5,0,15950,4392
2017053,2017-03-01,9,2,1,8,3,92183,4393
2017054,2017-03-02,7,0,2,4,4,70244,4394
2017055,2017-03-03,3,6,6,5,0,36650,4395
2017056,2017-03-04,2,3,2,7,2,23272,4396
2017057,2017-03-05,9,2,1,6,8,92168,4397
2017058,2017-03-06,7,3,0,0,1,73001,4398
2017059,2017-03-07,6,6,2,9,9,66299,4399
2017060,2017-03-08,5,4,6,7,6,54676,4400
2017061,2017-03-09,1,9,8,8,5,19885,4401
2017062,2017-03-10,8,8,7,5,7,88757,4402
2017063,2017-03-11,7,6,8,9,5,76895,4403
2017064,2017-03-12,1,6,5,9,4,16594,4404
2017065,2017-03-13,5,5,2,3,6,55236,4405
2017066,2017-03-14,8,4,8,8,5,84885,4406
2017067,2017-03-15,3,8,2,8,1,38281,4407
2017068,2017-03-16,2,1,7,9,4,21794,4408
2017069,2017-03-17,9,4,6,6,6,94666,4409
2017070,2017-03-18,3,3,3,6,1,33361,4410
2017071,2017-03-19,8,4,2,5,3,84253,4411
2017072,2017-03-20,9,4,8,3,2,94832,4412
2017073,2017-03-21,0,3,1,2,7,03127,4413
2017074,2017-03-22,6,5,6,9,3,65693,4414
2017075,2017-03-23,9,0,0,0,5,90005,4415
2017076,2017-03-24,3,8,9,6,0,38960,4416
2017077,2017-03-25,6,3,4,3,4,63434,4417
2017078,2017-03-26,6,3,3,6,3,63363,4418
2017079,2017-03-27,4,8,5,7,0,48570,4419
2017080,2017-03-28,1,8,8,4,2,18842,4420
2017081,2017-03-29,2,1,0,9,0,21090,4421
2017082,2017-03-30,5,5,3,2,0,55320,4422
2017083,2017-03-31,5,6,4,7,9,56479,4423
2017084,2017-04-01,8,3,6,9,7,83697,4424
2017085,2017-04-02,7,2,2,1,7,72217,4425
2017086,2017-04-03,9,4,4,1,9,94419,4426
2017087,2017-04-04,2,3,7,0,6,23706,4427
2017088,2017-04-05,5,6,1,3,8,56138,4428
2017089,2017-04-06,3,8,9,1,8,38918,4429
2017090,2017-04-07,2,8,3,8,3,28383,4430
2017091,2017-04-08,6,7,6,5,7,67657,4431
2017092,2017-04-09,7,5,9,8,9,75989,4432
2017093,2017-04-10,5,8,0,0,2,58002,4433
2017094,2017-04-11,0,9,8,4,8,09848,4434
2017095,2017-04-12,3,2,3,1,5,32315,4435
2017096,2017-04-13,8,0,9,2,5,80925,4436
2017097,2017-04-14,8,0,6,7,0,80670,4437
2017098,2017-04-15,2,2,8,3,0,22830,4438
2017099,2017-04-16,9,9,6,1,6,99616,4439
2017100,2017-04-17,8,1,3,1,6,81316,4440
2017101,2017-04-18,3,9,0,5,2,39052,4441
2017102,2017-04-19,0,5,9,3,1,05931,4442
2017103,2017-04-20,0,4,4,5,1,04451,4443
2017104,2017-04-21,7,8,2,0,0,78200,4444
2017105,2017-04-22,8,4,6,6,9,84669,4445
2017106,2017-04-23,4,0,2,5,7,40257,4446
2017107,2017-04-24,9,5,1,3,9,95139,4447
2017108,2017-04-25,7,2,7,1,5,72715,4448
2017109,2017-04-26,0,3,0,4,1,03041,4449
2017110,2017-04-27,8,1,5,6,0,81560,4450
2017111,2017-04-28,6,5,8,0,1,65801,4451
2017112,2017-04-29,6,8,6,3,7,68637,4452
2017113,2017-04-30,1,5,7,6,7,15767,4453
2017114,2017-05-01,6,8,1,3,7,68137,4454
2017115,2017-05-02,5,6,7,9,9,56799,4455
2017116,2017-05-03,2,1,3,1,1,21311,4456
2017117,2017-05-04,2,9,9,8,5,29985,4457
2017118,2017-05-05,4,9,9,8,8,49988,4458
2017119,2017-05-06,5,2,2,8,0,52280,4459
2017120,2017-05-07,4,5,8,8,3,45883,4460
2017121,2017-05-08,0,5,4,2,2,05422,4461
2017122,2017-05-09,4,8,6,9,2,48692,4462
2017123,2017-05-10,4,9,2,0,5,49205,4463
2017124,2017-05-11,0,8,1,8,7,08187,4464
2017125,2017-05-12,2,5,5,2,0,25520,4465
2017126,2017-05-13,2,5,8,9,2,25892,4466
2017127,2017-05-14,7,3,9,4,9,73949,4467
2017128,2017-05-15,4,5,2,2,4,45224,4468
2017129,2017-05-16,3,6,5,4,1,36541,4469
2017130,2017-05-17,5,8,9,2,0,58920,4470
2017131,2017-05-18,9,1,9,7,5,91975,4471
2017132,2017-05-19,3,0,5,8,8,30588,4472
2017133,2017-05-20,1,6,6,5,7,16657,4473
2017134,2017-05-21,6,9,7,4,1,69741,4474
2017135,2017-05-22,5,2,5,3,3,52533,4475
2017136,2017-05-23,5,1,0,2,2,51022,4476
2017137,2017-05-24,1,2,2,9,0,12290,4477
2017138,2017-05-25,0,2,0,6,2,02062,4478
2017139,2017-05-26,3,6,0,0,2,36002,4479
2017140,2017-05-27,2,0,4,5,4,20454,4480
2017141,2017-05-28,6,0,4,8,8,60488,4481
2017142,2017-05-29,0,1,3,3,5,01335,4482
2017143,2017-05-30,1,7,7,5,6,17756,4483
2017144,2017-05-31,2,3,9,9,9,23999,4484
2017145,2017-06-01,5,9,1,0,7,59107,4485
2017146,2017-06-02,9,4,2,5,8,94258,4486
2017147,2017-06-03,3,3,1,9,8,33198,4487
2017148,2017-06-04,1,5,2,6,3,15263,4488
2017149,2017-06-05,9,8,7,7,3,98773,4489
2017150,2017-06-06,5,2,9,3,0,52930,4490
2017151,2017-06-07,0,7,8,1,7,07817,4491
2017152,2017-06-08,8,0,2,5,1,80251,4492
2017153,2017-06-09,8,8,5,9,3,88593,4493
2017154,2017-06-10,2,1,5,9,2,21592,4494
2017155,2017-06-11,0,0,4,7,1,00471,4495
2017156,2017-06-12,0,0,7,2,4,00724,4496
2017157,2017-06-13,8,1,8,5,4,81854,4497
2017158,2017-06-14,0,8,3,2,3,08323,4498
2017159,2017-06-15,1,2,3,8,6,12386,4499
2017160,2017-06-16,9,4,6,4,1,94641,4500
2017161,2017-06-17,8,3,0,2,8,83028,4501
2017162,2017-06-18,8,1,4,6,0,81460,4502
2017163,2017-06-19,7,5,9,3,2,75932,4503
2017164,2017-06-20,4,4,7,2,9,44729,4504
2017165,2017-06-21,3,3,0,4,6,33046,4505
2017166,2017-06-22,6,4,4,9,5,64495,4506
2017167,2017-06-23,7,9,5,1,1,79511,4507
2017168,2017-06-24,1,7,5,6,1,17561,4508
2017169,2017-06-25,6,4,4,5,9,64459,4509
2017170,2017-06-26,5,4,4,1,8,54418,4510
2017171,2017-06-27,1,9,0,1,6,19016,4511
2017172,2017-06-28,4,9,6,3,0,49630,4512
2017173,2017-06-29,7,1,2,6,6,71266,4513
2017174,2017-06-30,9,6,0,3,4,96034,4514
2017175,2017-07-01,3,7,6,8,5,37685,4515
2017176,2017-07-02,6,0,2,1,8,60218,4516
2017177,2017-07-03,6,7,0,1,0,67010,4517
2017178,2017-07-04,3,0,3,6,2,30362,4518
2017179,2017-07-05,0,6,6,5,7,06657,4519
2017180,2017-07-06,5,8,6,0,7,58607,4520
2017181,2017-07-07,4,8,4,1,9,48419,4521
2017182,2017-07-08,9,7,5,1,5,97515,4522
2017183,2017-07-09,4,0,9,5,0,40950,4523
2017184,2017-07-10,1,2,9,6,7,12967,4524
2017185,2017-07-11,3,7,0,1,6,37016,4525
2017186,2017-07-12,9,6,7,8,8,96788,4526
2017187,2017-07-13,8,3,1,1,0,83110,4527
2017188,2017-07-14,2,0,9,5,8,20958,4528
2017189,2017-07-15,9,6,0,8,6,96086,4529
2017190,2017-07-16,4,4,6,7,0,44670,4530
2017191,2017-07-17,9,7,8,7,2,97872,4531
2017192,2017-07-18,2,7,9,7,5,27975,4532
2017193,2017-07-19,8,8,0,4,2,88042,4533
2017194,2017-07-20,6,2,5,0,8,62508,4534
2017195,2017-07-21,3,1,9,8,9,31989,4535
2017196,2017-07-22,4,3,6,1,5,43615,4536
2017197,2017-07-23,5,9,4,1,7,59417,4537
2017198,2017-07-24,7,5,4,6,0,75460,4538
2017199,2017-07-25,3,3,0,9,1,33091,4539
2017200,2017-07-26,9,3,5,1,5,93515,4540
2017201,2017-07-27,4,4,5,1,4,44514,4541
2017202,2017-07-28,4,6,1,1,1,46111,4542
2017203,2017-07-29,2,4,3,6,6,24366,4543
2017204,2017-07-30,2,3,2,3,2,23232,4544
2017205,2017-07-31,6,4,9,4,3,64943,4545
2017206,2017-08-01,3,7,5,4,6,37546,4546
2017207,2017-08-02,6,9,7,1,0,69710,4547
2017208,2017-08-03,1,0,8,8,5,10885,4548
2017209,2017-08-04,3,9,1,2,7,39127,4549
2017210,2017-08-05,9,1,1,1,6,91116,4550
2017211,2017-08-06,1,1,6,7,1,11671,4551
2017212,2017-08-07,0,0,2,3,6,00236,4552
2017213,2017-08-08,7,2,7,0,4,72704,4553
2017214,2017-08-09,4,2,3,4,2,42342,4554
2017215,2017-08-10,2,1,2,9,5,21295,4555
2017216,2017-08-11,8,7,1,9,9,87199,4556
2017217,2017-08-12,7,9,6,3,2,79632,4557
2017218,2017-08-13,5,7,3,6,1,57361,4558
2017219,2017-08-14,4,9,3,0,7,49307,4559
2017220,2017-08-15,6,4,3,6,3,64363,4560
2017221,2017-08-16,4,4,7,9,4,44794,4561
2017222,2017-08-17,7,0,7,4,1,70741,4562
2017223,2017-08-18,4,9,6,0,1,49601,4563
2017224,2017-08-19,6,3,4,7,7,63477,4564
2017225,2017-08-20,4,8,8,3,8,48838,4565
2017226,2017-08-21,3,3,5,5,3,33553,4566
2017227,2017-08-22,2,4,7,4,4,24744,4567
2017228,2017-08-23,3,8,9,9,0,38990,4568
2017229,2017-08-24,4,8,7,6,2,48762,4569
2017230,2017-08-25,6,7,4,3,2,67432,4570
2017231,2017-08-26,4,2,0,9,7,42097,4571
2017232,2017-08-27,8,4,4,5,4,84454,4572
2017233,2017-08-28,1,8,7,4,4,18744,4573
2017234,2017-08-29,4,6,6,3,4,46634,4574
2017235,2017-08-30,1,5,6,0,4,15604,4575
2017236,2017-08-31,5,1,5,5,6,51556,4576
2017237,2017-09-01,2,1,0,4,5,21045,4577
2017238,2017-09-02,9,2,1,0,2,92102,4578
2017239,2017-09-03,6,0,5,8,0,60580,4579
2017240,2017-09-04,5,1,7,0,3,51703,4580
2017241,2017-09-05,9,3,9,5,6,93956,4581
2017242,2017-09-06,8,9,3,5,0,89350,4582
2017243,2017-09-07,3,3,5,8,9,33589,4583
2017244,2017-09-08,8,3,2,4,3,83243,4584
2017245,2017-09-09,6,2,3,0,8,62308,4585
2017246,2017-09-10,1,1,1,1,8,11118,4586
2017247,2017-09-11,9,4,5,3,2,94532,4587
2017248,2017-09-12,8,4,9,7,7,84977,4588
2017249,2017-09-13,3,6,1,8,5,36185,4589
2017250,2017-09-14,8,5,6,0,8,85608,4590
2017251,2017-09-15,1,5,1,1,3,15113,4591
2017252,2017-09-16,1,7,8,8,9,17889,4592
2017253,2017-09-17,7,7,8,9,9,77899,4593
2017254,2017-09-18,9,1,5,9,9,91599,4594
2017255,2017-09-19,9,4,8,4,4,94844,4595
2017256,2017-09-20,1,3,2,0,7,13207,4596
2017257,2017-09-21,2,2,3,1,4,22314,4597
2017258,2017-09-22,8,7,1,5,9,87159,4598
2017259,2017-09-23,4,8,7,3,5,48735,4599
2017260,2017-09-24,9,2,9,8,4,92984,4600
2017261,2017-09-25,6,3,5,2,2,63522,4601
2017262,2017-09-26,3,9,1,7,8,39178,4602
2017263,2017-09-27,3,3,5,4,6,33546,4603
2017264,2017-09-28,6,8,0,5,0,68050,4604
2017265,2017-09-29,3,0,9,1,2,30912,4605
2017266,2017-09-30,1,5,1,5,5,15155,4606
2017267,2017-10-01,7,1,4,7,0,71470,4607
2017268,2017-10-02,3,1,7,1,2,31712,4608
2017269,2017-10-03,0,4,5,4,8,04548,4609
2017270,2017-10-04,1,4,1,1,9,14119,4610
2017271,2017-10-05,5,5,0,3,1,55031,4611
2017272,2017-10-06,9,2,1,3,9,92139,4612
2017273,2017-10-07,3,8,0,3,3,38033,4613
2017274,2017-10-08,9,4,6,3,1,94631,4614
2017275,2017-10-09,9,6,5,8,3,96583,4615
2017276,2017-10-10,0,9,3,8,1,09381,4616
2017277,2017-10-11,0,7,6,0,3,07603,4617
2017278,2017-10-12,0,5,7,9,2,05792,4618
2017279,2017-10-13,2,6,2,5,1,26251,4619
2017280,2017-10-14,7,9,7,3,1,79731,4620
2017281,2017-10-15,8,0,8,2,0,80820,4621
2017282,2017-10-16,3,0,2,2,2,30222,4622
2017283,2017-10-17,1,5,4,0,7,15407,4623
2017284,2017-10-18,6,1,8,5,9,61859,4624
2017285,2017-10-19,9,7,7,3,2,97732,4625
2017286,2017-10-20,4,8,1,6,5,48165,4626
2017287,2017-10-21,0,9,4,4,1,09441,4627
2017288,2017-10-22,7,5,6,9,4,75694,4628
2017289,2017-10-23,7,4,4,8,1,74481,4629
2017290,2017-10-24,4,2,3,6,3,42363,4630
2017291,2017-10-25,6,9,4,7,5,69475,4631
2017292,2017-10-26,9,4,6,0,4,94604,4632
2017293,2017-10-27,7,8,7,1,0,78710,4633
2017294,2017-10-28,4,1,8,7,3,41873,4634
2017295,2017-10-29,5,5,4,3,4,55434,4635
2017296,2017-10-30,3,1,8,9,9,31899,4636
2017297,2017-10-31,8,1,0,2,2,81022,4637
2017298,2017-11-01,0,9,9,6,9,09969,4638
2017299,2017-11-02,6,8,5,4,6,68546,4639
2017300,2017-11-03,7,5,4,1,3,75413,4640
2017301,2017-11-04,6,1,6,2,5,61625,4641
2017302,2017-11-05,9,0,2,2,7,90227,4642
2017303,2017-11-06,4,5,8,8,8,45888,4643
2017304,2017-11-07,4,4,4,1,3,44413,4644
2017305,2017-11-08,0,0,5,0,6,00506,4645
2017306,2017-11-09,1,2,5,8,7,12587,4646
2017307,2017-11-10,6,2,3,7,6,62376,4647
2017308,2017-11-11,8,9,1,9,9,89199,4648
2017309,2017-11-12,2,6,2,1,9,26219,4649
2017310,2017-11-13,7,6,1,8,4,76184,4650
2017311,2017-11-14,9,0,0,6,9,90069,4651
2017312,2017-11-15,5,9,8,8,1,59881,4652
2017313,2017-11-16,3,0,6,4,9,30649,4653
2017314,2017-11-17,5,8,0,9,4,58094,4654
2017315,2017-11-18,2,4,3,0,5,24305,4655
2017316,2017-11-19,2,0,2,5,3,20253,4656
2017317,2017-11-20,1,0,3,9,7,10397,4657
2017318,2017-11-21,8,8,3,6,9,88369,4658
2017319,2017-11-22,9,3,9,5,4,93954,4659
2017320,2017-11-23,0,3,6,3,7,03637,4660
2017321,2017-11-24,4,3,5,0,2,43502,4661
2017322,2017-11-25,1,7,3,8,3,17383,4662
2017323,2017-11-26,5,7,2,3,6,57236,4663
2017324,2017-11-27,8,2,8,5,8,82858,4664
2017325,2017-11-28,5,0,9,0,8,50908,4665
2017326,2017-11-29,7,2,3,1,4,72314,4666
2017327,2017-11-30,1,4,5,4,3,14543,4667
2017328,2017-12-01,6,2,1,2,1,62121,4668
2017329,2017-12-02,5,3,5,7,6,53576,4669
2017330,2017-12-03,3,8,5,7,8,38578,4670
2017331,2017-12-04,0,9,8,5,9,09859,4671
2017332,2017-12-05,3,2,1,5,8,32158,4672
2017333,2017-12-06,4,2,7,4,9,42749,4673
2017334,2017-12-07,1,8,1,6,1,18161,4674
2017335,2017-12-08,6,6,1,2,8,66128,4675
2017336,2017-12-09,3,4,0,9,8,34098,4676
2017337,2017-12-10,9,1,0,5,6,91056,4677
2017338,2017-12-11,2,7,9,5,4,27954,4678
2017339,2017-12-12,1,3,1,9,2,13192,4679
2017340,2017-12-13,1,1,2,4,0,11240,4680
2017341,2017-12-14,7,2,2,4,3,72243,4681
2017342,2017-12-15,3,8,6,2,4,38624,4682
2017343,2017-12-16,7,5,2,0,9,75209,4683
2017344,2017-12-17,3,6,5,3,0,36530,4684
2017345,2017-12-18,3,4,4,2,8,34428,4685
2017346,2017-12-19,1,0,3,9,0,10390,4686
2017347,2017-12-20,0,3,7,1,0,03710,4687
2017348,2017-12-21,0,8,7,3,4,08734,4688
2017349,2017-12-22,1,5,6,2,8,15628,4689
2017350,2017-12-23,1,2,8,9,5,12895,4690
2017351,2017-12-24,2,6,0,2,9,26029,4691
2017352,2017-12-25,9,9,4,7,7,99477,4692
2017353,2017-12-26,3,0,4,5,6,30456,4693
2017354,2017-12-27,1,8,7,5,6,18756,4694
2017355,2017-12-28,3,8,4,9,2,38492,4695
2017356,2017-12-29,9,5,2,9,6,95296,4696
2017357,2017-12-30,8,0,9,2,9,80929,4697
2017358,2017-12-31,9,5,1,3,8,95138,4698
2018001,2018-01-01,1,7,7,3,4,17734,4699
2018002,2018-01-02,6,4,4,1,2,64412,4700
2018003,2018-01-03,1,4,5,0,7,14507,4701
2018004,2018-01-04,4,1,6,8,3,41683,4702
2018005,2018-01-05,3,9,1,2,6,39126,4703
2018006,2018-01-06,8,6,9,3,2,86932,4704
2018007,2018-01-07,0,8,0,9,7,08097,4705
2018008,2018-01-08,4,4,7,8,5,44785,4706
2018009,2018-01-09,4,9,6,6,5,49665,4707
2018010,2018-01-10,1,6,7,8,2,16782,4708
2018011,2018-01-11,9,7,2,3,1,97231,4709
2018012,2018-01-12,4,3,7,7,3,43773,4710
2018013,2018-01-13,6,0,6,6,7,60667,4711
2018014,2018-01-14,1,6,1,2,4,16124,4712
2018015,2018-01-15,7,3,9,6,5,73965,4713
2018016,2018-01-16,3,7,4,6,1,37461,4714
2018017,2018-01-17,9,9,0,4,7,99047,4715
2018018,2018-01-18,1,7,4,1,1,17411,4716
2018019,2018-01-19,7,6,0,4,6,76046,4717
2018020,2018-01-20,9,2,1,7,5,92175,4718
2018021,2018-01-21,7,2,6,2,4,72624,4719
2018022,2018-01-22,6,5,6,6,7,65667,4720
2018023,2018-01-23,9,3,6,0,0,93600,4721
2018024,2018-01-24,5,0,6,8,8,50688,4722
2018025,2018-01-25,5,4,3,6,9,54369,4723
2018026,2018-01-26,4,7,6,1,4,47614,4724
2018027,2018-01-27,4,8,9,3,7,48937,4725
2018028,2018-01-28,3,1,3,4,7,31347,4726
2018029,2018-01-29,7,9,0,8,9,79089,4727
2018030,2018-01-30,7,5,3,7,7,75377,4728
2018031,2018-01-31,5,2,5,7,4,52574,4729
2018032,2018-02-01,8,6,0,9,3,86093,4730
2018033,2018-02-02,8,7,0,8,1,87081,4731
2018034,2018-02-03,2,6,3,3,8,26338,4732
2018035,2018-02-04,7,5,2,5,3,75253,4733
2018036,2018-02-05,6,9,3,5,8,69358,4734
2018037,2018-02-06,7,6,8,3,2,76832,4735
2018038,2018-02-07,9,4,7,5,3,94753,4736
2018039,2018-02-08,1,2,5,9,0,12590,4737
2018040,2018-02-09,4,7,8,1,5,47815,4738
2018041,2018-02-10,4,1,1,5,2,41152,4739
2018042,2018-02-11,5,3,7,6,9,53769,4740
2018043,2018-02-12,0,7,9,0,4,07904,4741
2018044,2018-02-13,2,3,7,2,5,23725,4742
2018045,2018-02-14,0,0,9,1,7,00917,4743
2018046,2018-02-22,5,5,1,6,8,55168,4744
2018047,2018-02-23,0,8,8,5,5,08855,4745
2018048,2018-02-24,4,4,4,5,4,44454,4746
2018049,2018-02-25,8,1,8,2,7,81827,4747
2018050,2018-02-26,7,8,0,2,3,78023,4748
2018051,2018-02-27,4,2,4,2,8,42428,4749
2018052,2018-02-28,9,5,8,4,8,95848,4750
2018053,2018-03-01,8,2,7,4,9,82749,4751
2018054,2018-03-02,6,6,3,9,9,66399,4752
2018055,2018-03-03,0,4,3,7,8,04378,4753
2018056,2018-03-04,4,4,6,2,4,44624,4754
2018057,2018-03-05,2,5,2,3,4,25234,4755
2018058,2018-03-06,4,9,7,7,5,49775,4756
2018059,2018-03-07,7,5,5,6,8,75568,4757
2018060,2018-03-08,7,7,4,8,3,77483,4758
2018061,2018-03-09,1,3,4,8,5,13485,4759
2018062,2018-03-10,8,3,6,5,7,83657,4760
2018063,2018-03-11,8,2,0,3,9,82039,4761
2018064,2018-03-12,2,3,4,2,9,23429,4762
2018065,2018-03-13,2,3,8,9,6,23896,4763
2018066,2018-03-14,2,2,6,1,6,22616,4764
2018067,2018-03-15,1,7,1,4,0,17140,4765
2018068,2018-03-16,9,1,1,2,8,91128,4766
2018069,2018-03-17,1,4,1,1,4,14114,4767
2018070,2018-03-18,8,9,0,9,1,89091,4768
2018071,2018-03-19,5,0,3,4,0,50340,4769
2018072,2018-03-20,4,1,2,2,9,41229,4770
2018073,2018-03-21,7,4,8,1,9,74819,4771
2018074,2018-03-22,9,4,1,6,4,94164,4772
2018075,2018-03-23,3,4,2,8,8,34288,4773
2018076,2018-03-24,3,2,8,8,1,32881,4774
2018077,2018-03-25,1,3,7,9,9,13799,4775
2018078,2018-03-26,2,9,4,2,0,29420,4776
2018079,2018-03-27,7,3,8,8,0,73880,4777
2018080,2018-03-28,7,4,9,6,5,74965,4778
2018081,2018-03-29,9,4,8,4,8,94848,4779
2018082,2018-03-30,5,7,4,3,7,57437,4780
2018083,2018-03-31,7,5,2,5,7,75257,4781
2018084,2018-04-01,5,5,4,0,6,55406,4782
2018085,2018-04-02,3,3,4,2,5,33425,4783
2018086,2018-04-03,3,9,1,6,9,39169,4784
2018087,2018-04-04,8,2,7,8,6,82786,4785
2018088,2018-04-05,2,1,2,7,9,21279,4786
2018089,2018-04-06,7,7,3,6,0,77360,4787
2018090,2018-04-07,9,4,2,5,1,94251,4788
2018091,2018-04-08,0,7,1,6,6,07166,4789
2018092,2018-04-09,1,5,3,5,0,15350,4790
2018093,2018-04-10,5,5,3,0,7,55307,4791
2018094,2018-04-11,7,3,4,2,1,73421,4792
2018095,2018-04-12,8,9,4,2,9,89429,4793
2018096,2018-04-13,4,7,5,9,3,47593,4794
2018097,2018-04-14,3,0,4,2,1,30421,4795
2018098,2018-04-15,3,9,4,4,0,39440,4796
2018099,2018-04-16,3,3,2,8,5,33285,4797
2018100,2018-04-17,8,3,0,5,9,83059,4798
2018101,2018-04-18,7,9,8,3,9,79839,4799
2018102,2018-04-19,9,3,8,3,3,93833,4800
2018103,2018-04-20,7,9,6,0,7,79607,4801
2018104,2018-04-21,7,6,7,4,6,76746,4802
2018105,2018-04-22,8,4,5,8,8,84588,4803
2018106,2018-04-23,9,6,0,4,5,96045,4804
2018107,2018-04-24,9,4,7,0,7,94707,4805
2018108,2018-04-25,0,1,0,5,6,01056,4806
2018109,2018-04-26,3,3,1,2,3,33123,4807
2018110,2018-04-27,7,4,6,5,5,74655,4808
2018111,2018-04-28,8,1,7,0,7,81707,4809
2018112,2018-04-29,2,5,6,9,1,25691,4810
2018113,2018-04-30,7,9,8,3,8,79838,4811
2018114,2018-05-01,8,8,7,8,9,88789,4812
2018115,2018-05-02,1,8,0,7,9,18079,4813
2018116,2018-05-03,8,2,0,0,2,82002,4814
2018117,2018-05-04,8,3,6,8,1,83681,4815
2018118,2018-05-05,7,8,6,1,7,78617,4816
2018119,2018-05-06,5,0,5,4,0,50540,4817
2018120,2018-05-07,4,4,2,7,5,44275,4818
2018121,2018-05-08,5,1,4,9,5,51495,4819
2018122,2018-05-09,1,3,7,7,2,13772,4820
2018123,2018-05-10,8,3,0,4,3,83043,4821
2018124,2018-05-11,1,4,1,7,0,14170,4822
2018125,2018-05-12,3,2,8,5,7,32857,4823
2018126,2018-05-13,4,7,8,5,2,47852,4824
2018127,2018-05-14,2,9,7,0,5,29705,4825
2018128,2018-05-15,2,2,9,7,8,22978,4826
2018129,2018-05-16,9,8,2,4,3,98243,4827
2018130,2018-05-17,9,8,9,5,9,98959,4828
2018131,2018-05-18,5,4,8,9,1,54891,4829
2018132,2018-05-19,4,7,0,0,4,47004,4830
2018133,2018-05-20,4,1,4,8,2,41482,4831
2018134,2018-05-21,2,9,9,6,9,29969,4832
2018135,2018-05-22,0,8,6,5,5,08655,4833
2018136,2018-05-23,0,6,4,0,9,06409,4834
2018137,2018-05-24,1,7,7,0,0,17700,4835
2018138,2018-05-25,1,5,3,3,3,15333,4836
2018139,2018-05-26,8,2,8,1,3,82813,4837
2018140,2018-05-27,6,8,0,9,7,68097,4838
2018141,2018-05-28,2,7,9,4,6,27946,4839
2018142,2018-05-29,9,4,9,0,8,94908,4840
2018143,2018-05-30,3,2,2,7,8,32278,4841
2018144,2018-05-31,0,1,9,0,1,01901,4842
2018145,2018-06-01,5,2,3,1,8,52318,4843
2018146,2018-06-02,6,2,3,8,2,62382,4844
2018147,2018-06-03,0,3,8,9,6,03896,4845
2018148,2018-06-04,8,1,9,7,0,81970,4846
2018149,2018-06-05,8,7,1,1,4,87114,4847
2018150,2018-06-06,6,7,5,1,8,67518,4848
2018151,2018-06-07,6,9,4,1,0,69410,4849
2018152,2018-06-08,4,6,9,0,1,46901,4850
2018153,2018-06-09,0,8,3,5,4,08354,4851
2018154,2018-06-10,0,3,1,1,5,03115,4852
2018155,2018-06-11,1,6,0,6,5,16065,4853
2018156,2018-06-12,3,2,2,3,4,32234,4854
2018157,2018-06-13,2,0,9,9,6,20996,4855
2018158,2018-06-14,3,0,0,1,8,30018,4856
2018159,2018-06-15,2,9,4,6,1,29461,4857
2018160,2018-06-16,1,0,8,3,4,10834,4858
2018161,2018-06-17,4,7,3,7,1,47371,4859
2018162,2018-06-18,2,6,0,2,7,26027,4860
2018163,2018-06-19,5,7,0,3,5,57035,4861
2018164,2018-06-20,6,1,0,3,2,61032,4862
2018165,2018-06-21,3,0,2,5,7,30257,4863
2018166,2018-06-22,0,6,1,0,4,06104,4864
2018167,2018-06-23,1,3,2,7,4,13274,4865
2018168,2018-06-24,2,7,5,2,3,27523,4866
2018169,2018-06-25,7,1,6,9,0,71690,4867
2018170,2018-06-26,1,2,7,8,8,12788,4868
2018171,2018-06-27,2,9,7,8,9,29789,4869
2018172,2018-06-28,2,4,7,4,7,24747,4870
2018173,2018-06-29,2,4,2,8,4,24284,4871
2018174,2018-06-30,0,1,9,2,1,01921,4872
2018175,2018-07-01,6,1,2,9,3,61293,4873
2018176,2018-07-02,2,0,7,8,4,20784,4874
2018177,2018-07-03,2,2,2,5,7,22257,4875
2018178,2018-07-04,5,2,8,7,5,52875,4876
2018179,2018-07-05,7,1,3,3,1,71331,4877
2018180,2018-07-06,4,3,3,1,8,43318,4878
2018181,2018-07-07,5,7,3,8,8,57388,4879
2018182,2018-07-08,4,0,0,1,1,40011,4880
2018183,2018-07-09,8,4,4,0,5,84405,4881
2018184,2018-07-10,2,6,1,6,2,26162,4882
2018185,2018-07-11,6,9,6,8,8,69688,4883
2018186,2018-07-12,3,5,0,0,0,35000,4884
2018187,2018-07-13,5,0,7,7,0,50770,4885
2018188,2018-07-14,0,6,8,1,1,06811,4886
2018189,2018-07-15,2,6,9,1,1,26911,4887
2018190,2018-07-16,0,3,1,5,9,03159,4888
2018191,2018-07-17,3,4,0,4,5,34045,4889
2018192,2018-07-18,9,3,9,3,1,93931,4890
2018193,2018-07-19,3,8,2,3,9,38239,4891
2018194,2018-07-20,6,0,5,8,9,60589,4892
2018195,2018-07-21,4,8,4,0,8,48408,4893
2018196,2018-07-22,3,3,2,4,4,33244,4894
2018197,2018-07-23,1,3,3,8,2,13382,4895
2018198,2018-07-24,8,9,3,6,3,89363,4896
2018199,2018-07-25,4,4,2,9,0,44290,4897
2018200,2018-07-26,5,9,8,6,3,59863,4898
2018201,2018-07-27,6,2,9,6,8,62968,4899
2018202,2018-07-28,2,2,4,7,2,22472,4900
2018203,2018-07-29,2,1,6,6,9,21669,4901
2018204,2018-07-30,7,1,3,7,4,71374,4902
2018205,2018-07-31,2,9,8,2,7,29827,4903
2018206,2018-08-01,2,6,7,2,8,26728,4904
2018207,2018-08-02,0,0,6,0,9,00609,4905
2018208,2018-08-03,1,7,5,3,0,17530,4906
2018209,2018-08-04,1,0,0,7,6,10076,4907
2018210,2018-08-05,9,5,6,6,8,95668,4908
2018211,2018-08-06,8,9,3,5,9,89359,4909
2018212,2018-08-07,5,1,5,2,2,51522,4910
2018213,2018-08-08,3,5,5,2,3,35523,4911
2018214,2018-08-09,8,1,7,9,0,81790,4912
2018215,2018-08-10,9,3,9,4,3,93943,4913
2018216,2018-08-11,8,9,0,1,8,89018,4914
2018217,2018-08-12,8,5,6,0,6,85606,4915
2018218,2018-08-13,8,7,7,7,4,87774,4916
2018219,2018-08-14,8,7,1,5,2,87152,4917
2018220,2018-08-15,2,0,8,2,3,20823,4918
2018221,2018-08-16,5,9,8,5,6,59856,4919
2018222,2018-08-17,3,2,3,2,8,32328,4920
2018223,2018-08-18,1,9,7,0,1,19701,4921
2018224,2018-08-19,7,9,1,2,7,79127,4922
2018225,2018-08-20,6,4,8,8,4,64884,4923
2018226,2018-08-21,9,2,9,4,1,92941,4924
2018227,2018-08-22,0,8,8,7,3,08873,4925
2018228,2018-08-23,8,2,9,9,2,82992,4926
2018229,2018-08-24,4,4,3,7,9,44379,4927
2018230,2018-08-25,7,6,4,6,5,76465,4928
2018231,2018-08-26,5,1,6,6,3,51663,4929
2018232,2018-08-27,5,3,1,4,2,53142,4930
2018233,2018-08-28,1,1,1,1,9,11119,4931
2018234,2018-08-29,5,0,5,0,9,50509,4932
2018235,2018-08-30,5,8,4,6,8,58468,4933
2018236,2018-08-31,7,0,3,0,5,70305,4934
2018237,2018-09-01,1,5,7,0,1,15701,4935
2018238,2018-09-02,3,9,2,3,1,39231,4936
2018239,2018-09-03,8,3,7,5,2,83752,4937
2018240,2018-09-04,4,9,2,1,5,49215,4938
2018241,2018-09-05,1,7,0,0,2,17002,4939
2018242,2018-09-06,0,9,7,5,1,09751,4940
2018243,2018-09-07,7,9,0,3,0,79030,4941
2018244,2018-09-08,6,4,9,8,5,64985,4942
2018245,2018-09-09,0,5,1,0,6,05106,4943
2018246,2018-09-10,9,1,6,1,0,91610,4944
2018247,2018-09-11,3,0,3,6,5,30365,4945
2018248,2018-09-12,9,3,9,9,1,93991,4946
2018249,2018-09-13,2,8,9,8,6,28986,4947
2018250,2018-09-14,9,1,7,3,8,91738,4948
2018251,2018-09-15,0,3,0,6,1,03061,4949
2018252,2018-09-16,5,7,8,2,9,57829,4950
2018253,2018-09-17,8,5,2,8,2,85282,4951
2018254,2018-09-18,0,2,1,5,2,02152,4952
2018255,2018-09-19,7,1,0,7,5,71075,4953
2018256,2018-09-20,1,4,7,1,7,14717,4954
2018257,2018-09-21,6,0,3,5,5,60355,4955
2018258,2018-09-22,0,4,5,8,1,04581,4956
2018259,2018-09-23,1,4,9,0,8,14908,4957
2018260,2018-09-24,6,6,4,5,4,66454,4958
2018261,2018-09-25,3,5,2,3,9,35239,4959
2018262,2018-09-26,3,6,7,0,4,36704,4960
2018263,2018-09-27,4,5,2,6,0,45260,4961
2018264,2018-09-28,1,9,0,2,2,19022,4962
2018265,2018-09-29,1,8,0,3,6,18036,4963
2018266,2018-09-30,6,9,7,6,6,69766,4964
2018267,2018-10-01,1,0,5,4,9,10549,4965
2018268,2018-10-02,1,8,7,7,1,18771,4966
2018269,2018-10-03,4,2,6,7,5,42675,4967
2018270,2018-10-04,9,5,9,7,8,95978,4968
2018271,2018-10-05,7,7,5,7,1,77571,4969
2018272,2018-10-06,0,7,8,0,1,07801,4970
2018273,2018-10-07,6,2,4,1,5,62415,4971
2018274,2018-10-08,6,5,6,1,6,65616,4972
2018275,2018-10-09,3,9,3,5,6,39356,4973
2018276,2018-10-10,4,1,8,8,8,41888,4974
2018277,2018-10-11,0,2,5,2,7,02527,4975
2018278,2018-10-12,8,1,2,8,8,81288,4976
2018279,2018-10-13,6,4,5,6,5,64565,4977
2018280,2018-10-14,9,5,1,2,9,95129,4978
2018281,2018-10-15,1,0,6,0,8,10608,4979
2018282,2018-10-16,7,8,0,4,4,78044,4980
2018283,2018-10-17,8,9,9,8,6,89986,4981
2018284,2018-10-18,8,5,8,2,4,85824,4982
2018285,2018-10-19,0,8,0,2,3,08023,4983
2018286,2018-10-20,9,3,1,3,5,93135,4984
2018287,2018-10-21,0,5,1,8,3,05183,4985
2018288,2018-10-22,2,7,4,4,7,27447,4986
2018289,2018-10-23,9,1,3,0,1,91301,4987
2018290,2018-10-24,5,3,5,3,2,53532,4988
2018291,2018-10-25,6,3,9,8,6,63986,4989
2018292,2018-10-26,4,5,9,3,2,45932,4990
2018293,2018-10-27,1,5,1,2,5,15125,4991
2018294,2018-10-28,8,3,2,0,8,83208,4992
2018295,2018-10-29,1,6,8,0,7,16807,4993
2018296,2018-10-30,0,3,0,7,6,03076,4994
2018297,2018-10-31,4,6,1,7,1,46171,4995
2018298,2018-11-01,2,5,3,2,3,25323,4996
2018299,2018-11-02,4,8,9,9,7,48997,4997
2018300,2018-11-03,0,9,4,8,0,09480,4998
2018301,2018-11-04,9,0,1,7,5,90175,4999
2018302,2018-11-05,1,9,9,4,0,19940,5000
2018303,2018-11-06,6,0,8,9,5,60895,5001
2018304,2018-11-07,0,2,0,4,1,02041,5002
2018305,2018-11-08,1,9,0,6,0,19060,5003
2018306,2018-11-09,0,0,0,5,8,00058,5004
2018307,2018-11-10,6,4,8,4,4,64844,5005
2018308,2018-11-11,4,1,2,7,2,41272,5006
2018309,2018-11-12,7,4,3,0,4,74304,5007
2018310,2018-11-13,3,6,7,4,9,36749,5008
2018311,2018-11-14,8,6,4,5,0,86450,5009
2018312,2018-11-15,1,1,5,0,0,11500,5010
2018313,2018-11-16,3,8,3,2,7,38327,5011
2018314,2018-11-17,8,6,7,6,5,86765,5012
2018315,2018-11-18,7,7,3,9,9,77399,5013
2018316,2018-11-19,7,3,1,4,2,73142,5014
2018317,2018-11-20,2,9,9,8,6,29986,5015
2018318,2018-11-21,3,4,6,6,3,34663,5016
2018319,2018-11-22,4,0,8,1,5,40815,5017
2018320,2018-11-23,3,2,9,4,4,32944,5018
2018321,2018-11-24,8,2,9,1,8,82918,5019
2018322,2018-11-25,4,3,4,0,9,43409,5020
2018323,2018-11-26,2,6,5,0,9,26509,5021
2018324,2018-11-27,0,3,4,1,7,03417,5022
2018325,2018-11-28,6,4,4,0,7,64407,5023
2018326,2018-11-29,5,3,1,8,5,53185,5024
2018327,2018-11-30,0,6,8,2,1,06821,5025
2018328,2018-12-01,6,2,9,1,6,62916,5026
2018329,2018-12-02,6,0,1,9,7,60197,5027
2018330,2018-12-03,2,3,6,7,8,23678,5028
2018331,2018-12-04,4,5,8,7,7,45877,5029
2018332,2018-12-05,9,6,5,4,6,96546,5030
2018333,2018-12-06,8,3,6,2,4,83624,5031
2018334,2018-12-07,4,5,4,3,8,45438,5032
2018335,2018-12-08,3,5,9,1,1,35911,5033
2018336,2018-12-09,2,1,0,7,1,21071,5034
2018337,2018-12-10,5,5,8,5,3,55853,5035
2018338,2018-12-11,5,7,5,6,3,57563,5036
2018339,2018-12-12,8,4,1,2,3,84123,5037
2018340,2018-12-13,6,9,5,9,6,69596,5038
2018341,2018-12-14,0,3,0,6,2,03062,5039
2018342,2018-12-15,0,7,8,7,9,07879,5040
2018343,2018-12-16,9,7,4,1,5,97415,5041
2018344,2018-12-17,8,8,7,7,5,88775,5042
2018345,2018-12-18,4,7,8,3,4,47834,5043
2018346,2018-12-19,5,9,6,1,8,59618,5044
2018347,2018-12-20,4,7,1,9,5,47195,5045
2018348,2018-12-21,1,4,4,9,8,14498,5046
2018349,2018-12-22,4,9,4,5,6,49456,5047
2018350,2018-12-23,8,9,2,8,9,89289,5048
2018351,2018-12-24,3,1,8,4,7,31847,5049
2018352,2018-12-25,0,6,8,6,3,06863,5050
2018353,2018-12-26,6,9,1,2,9,69129,5051
2018354,2018-12-27,4,6,9,7,9,46979,5052
2018355,2018-12-28,3,7,8,2,7,37827,5053
2018356,2018-12-29,1,8,8,9,8,18898,5054
2018357,2018-12-30,9,2,2,3,3,92233,5055
2018358,2018-12-31,3,2,9,1,9,32919,5056
2019001,2019-01-01,3,2,2,3,3,32233,5057
2019002,2019-01-02,7,5,4,8,1,75481,5058
2019003,2019-01-03,5,4,2,9,3,54293,5059
2019004,2019-01-04,2,4,1,7,8,24178,5060
2019005,2019-01-05,0,6,2,9,7,06297,5061
2019006,2019-01-06,1,4,8,3,3,14833,5062
2019007,2019-01-07,7,5,1,1,5,75115,5063
2019008,2019-01-08,9,8,7,4,4,98744,5064
2019009,2019-01-09,6,6,8,5,6,66856,5065
2019010,2019-01-10,4,2,5,1,5,42515,5066
2019011,2019-01-11,4,9,2,1,4,49214,5067
2019012,2019-01-12,5,4,1,1,2,54112,5068
2019013,2019-01-13,2,2,3,3,5,22335,5069
2019014,2019-01-14,0,2,3,4,6,02346,5070
2019015,2019-01-15,4,2,4,7,2,42472,5071
2019016,2019-01-16,5,9,1,8,1,59181,5072
2019017,2019-01-17,1,4,7,0,1,14701,5073
2019018,2019-01-18,1,7,0,2,8,17028,5074
2019019,2019-01-19,9,9,9,2,0,99920,5075
2019020,2019-01-20,8,2,1,7,2,82172,5076
2019021,2019-01-21,6,6,2,4,5,66245,5077
2019022,2019-01-22,0,7,4,2,6,07426,5078
2019023,2019-01-23,6,6,1,5,3,66153,5079
2019024,2019-01-24,5,8,8,0,6,58806,5080
2019025,2019-01-25,1,6,2,5,9,16259,5081
2019026,2019-01-26,1,8,5,3,8,18538,5082
2019027,2019-01-27,6,1,3,5,8,61358,5083
2019028,2019-01-28,5,0,1,3,2,50132,5084
2019029,2019-01-29,2,5,3,9,7,25397,5085
2019030,2019-01-30,8,3,8,1,5,83815,5086
2019031,2019-01-31,7,1,2,2,9,71229,5087
2019032,2019-02-01,8,4,8,9,0,84890,5088
2019033,2019-02-02,3,4,2,6,0,34260,5089
2019034,2019-02-03,8,0,8,9,8,80898,5090
2019035,2019-02-11,5,7,5,6,0,57560,5091
2019036,2019-02-12,5,0,7,4,0,50740,5092
2019037,2019-02-13,6,9,9,3,6,69936,5093
2019038,2019-02-14,0,4,8,5,3,04853,5094
2019039,2019-02-15,0,6,6,0,2,06602,5095
2019040,2019-02-16,3,0,1,2,4,30124,5096
2019041,2019-02-17,1,3,0,8,8,13088,5097
2019042,2019-02-18,3,2,8,2,9,32829,5098
2019043,2019-02-19,6,0,3,1,6,60316,5099
2019044,2019-02-20,1,0,5,7,4,10574,5100
2019045,2019-02-21,3,7,7,8,3,37783,5101
2019046,2019-02-22,2,3,1,8,2,23182,5102
2019047,2019-02-23,3,6,3,7,1,36371,5103
2019048,2019-02-24,1,6,1,7,0,16170,5104
2019049,2019-02-25,6,3,2,0,0,63200,5105
2019050,2019-02-26,8,1,1,3,1,81131,5106
2019051,2019-02-27,3,3,7,6,8,33768,5107
2019052,2019-02-28,5,7,7,3,8,57738,5108
2019053,2019-03-01,3,6,4,4,2,36442,5109
2019054,2019-03-02,3,7,4,2,9,37429,5110
2019055,2019-03-03,1,8,2,0,5,18205,5111
2019056,2019-03-04,2,5,2,5,4,25254,5112
2019057,2019-03-05,8,6,8,7,9,86879,5113
2019058,2019-03-06,4,1,7,5,8,41758,5114
2019059,2019-03-07,1,0,4,1,7,10417,5115
2019060,2019-03-08,2,3,9,5,9,23959,5116
2019061,2019-03-09,2,8,8,1,2,28812,5117
2019062,2019-03-10,8,4,8,4,8,84848,5118
2019063,2019-03-11,2,1,1,8,7,21187,5119
2019064,2019-03-12,7,5,2,2,2,75222,5120
2019065,2019-03-13,4,3,2,6,2,43262,5121
2019066,2019-03-14,2,5,7,9,2,25792,5122
2019067,2019-03-15,5,7,9,0,8,57908,5123
2019068,2019-03-16,5,5,0,9,6,55096,5124
2019069,2019-03-17,7,9,3,2,3,79323,5125
2019070,2019-03-18,7,5,5,4,0,75540,5126
2019071,2019-03-19,2,0,5,2,6,20526,5127
2019072,2019-03-20,9,2,1,9,8,92198,5128
2019073,2019-03-21,7,0,9,9,4,70994,5129
2019074,2019-03-22,8,4,2,5,4,84254,5130
2019075,2019-03-23,4,2,9,6,6,42966,5131
2019076,2019-03-24,2,1,4,0,8,21408,5132
2019077,2019-03-25,5,1,4,4,6,51446,5133
2019078,2019-03-26,2,3,9,2,6,23926,5134
2019079,2019-03-27,0,8,7,2,5,08725,5135
2019080,2019-03-28,3,1,6,5,4,31654,5136
2019081,2019-03-29,9,5,4,0,1,95401,5137
2019082,2019-03-30,5,9,5,6,1,59561,5138
2019083,2019-03-31,0,5,8,3,9,05839,5139
2019084,2019-04-01,3,0,2,3,3,30233,5140
2019085,2019-04-02,6,1,2,5,8,61258,5141
2019086,2019-04-03,3,4,9,3,0,34930,5142
2019087,2019-04-04,0,5,8,0,6,05806,5143
2019088,2019-04-05,3,8,1,6,0,38160,5144
2019089,2019-04-06,3,8,2,3,9,38239,5145
2019090,2019-04-07,7,8,5,1,9,78519,5146
2019091,2019-04-08,0,3,5,4,4,03544,5147
2019092,2019-04-09,5,1,2,6,5,51265,5148
2019093,2019-04-10,5,2,5,1,7,52517,5149
2019094,2019-04-11,0,8,8,7,4,08874,5150
2019095,2019-04-12,1,1,4,5,3,11453,5151
2019096,2019-04-13,9,1,2,5,0,91250,5152
2019097,2019-04-14,0,7,1,4,5,07145,5153
2019098,2019-04-15,5,4,9,6,2,54962,5154
2019099,2019-04-16,4,6,1,8,8,46188,5155
2019100,2019-04-17,3,8,8,8,6,38886,5156
2019101,2019-04-18,5,6,1,3,4,56134,5157
2019102,2019-04-19,0,5,6,3,8,05638,5158
2019103,2019-04-20,3,4,5,6,5,34565,5159
2019104,2019-04-21,4,6,1,4,0,46140,5160
2019105,2019-04-22,4,5,8,6,2,45862,5161
2019106,2019-04-23,3,8,4,2,0,38420,5162
2019107,2019-04-24,2,1,4,6,4,21464,5163
2019108,2019-04-25,3,0,9,3,1,30931,5164
2019109,2019-04-26,9,8,3,0,0,98300,5165
2019110,2019-04-27,3,0,3,0,5,30305,5166
2019111,2019-04-28,4,8,6,0,2,48602,5167
2019112,2019-04-29,5,4,5,9,9,54599,5168
2019113,2019-04-30,4,7,2,7,7,47277,5169
2019114,2019-05-01,9,4,9,3,8,94938,5170
2019115,2019-05-02,0,0,8,1,2,00812,5171
2019116,2019-05-03,8,2,4,4,7,82447,5172
2019117,2019-05-04,3,5,8,6,8,35868,5173
2019118,2019-05-05,6,2,0,9,9,62099,5174
2019119,2019-05-06,2,1,1,5,5,21155,5175
2019120,2019-05-07,9,1,1,2,5,91125,5176
2019121,2019-05-08,8,8,2,4,7,88247,5177
2019122,2019-05-09,6,9,2,1,3,69213,5178
2019123,2019-05-10,4,7,1,8,3,47183,5179
2019124,2019-05-11,2,7,0,9,1,27091,5180
2019125,2019-05-12,4,8,5,3,5,48535,5181
2019126,2019-05-13,1,8,9,1,9,18919,5182
2019127,2019-05-14,2,8,0,2,3,28023,5183
2019128,2019-05-15,0,6,4,0,3,06403,5184
2019129,2019-05-16,5,4,0,5,2,54052,5185
2019130,2019-05-17,7,2,5,3,3,72533,5186
2019131,2019-05-18,6,2,7,7,1,62771,5187
2019132,2019-05-19,5,9,3,2,1,59321,5188
2019133,2019-05-20,1,9,7,3,2,19732,5189
2019134,2019-05-21,4,1,9,1,1,41911,5190
2019135,2019-05-22,0,9,4,5,5,09455,5191
2019136,2019-05-23,9,3,9,8,7,93987,5192
2019137,2019-05-24,7,7,6,1,9,77619,5193
2019138,2019-05-25,0,0,7,4,9,00749,5194
2019139,2019-05-26,4,0,6,1,3,40613,5195
2019140,2019-05-27,1,5,4,0,2,15402,5196
2019141,2019-05-28,0,0,4,0,8,00408,5197
2019142,2019-05-29,0,8,3,0,7,08307,5198
2019143,2019-05-30,5,8,1,9,8,58198,5199
2019144,2019-05-31,4,8,9,5,9,48959,5200
2019145,2019-06-01,0,8,8,3,2,08832,5201
2019146,2019-06-02,3,7,4,2,5,37425,5202
2019147,2019-06-03,5,3,4,6,2,53462,5203
2019148,2019-06-04,1,9,1,5,7,19157,5204
2019149,2019-06-05,8,8,0,5,2,88052,5205
2019150,2019-06-06,9,6,6,3,7,96637,5206
2019151,2019-06-07,5,7,5,8,1,57581,5207
2019152,2019-06-08,2,8,5,6,1,28561,5208
2019153,2019-06-09,0,6,0,4,5,06045,5209
2019154,2019-06-10,3,7,8,3,8,37838,5210
2019155,2019-06-11,0,8,1,1,6,08116,5211
2019156,2019-06-12,6,5,9,2,2,65922,5212
2019157,2019-06-13,3,1,2,6,2,31262,5213
2019158,2019-06-14,7,2,1,0,3,72103,5214
2019159,2019-06-15,1,9,6,3,2,19632,5215
2019160,2019-06-16,4,6,5,9,6,46596,5216
2019161,2019-06-17,9,9,7,3,6,99736,5217
2019162,2019-06-18,6,1,0,2,3,61023,5218
2019163,2019-06-19,4,9,3,9,0,49390,5219
2019164,2019-06-20,7,9,7,1,9,79719,5220
2019165,2019-06-21,1,1,2,0,3,11203,5221
2019166,2019-06-22,8,6,5,6,0,86560,5222
2019167,2019-06-23,3,0,7,5,9,30759,5223
2019168,2019-06-24,7,0,3,2,9,70329,5224
2019169,2019-06-25,0,4,1,5,1,04151,5225
2019170,2019-06-26,3,6,4,7,5,36475,5226
2019171,2019-06-27,4,4,3,7,2,44372,5227
2019172,2019-06-28,7,5,2,5,4,75254,5228
2019173,2019-06-29,8,8,4,7,6,88476,5229
2019174,2019-06-30,3,9,9,1,5,39915,5230
2019175,2019-07-01,3,8,9,5,8,38958,5231
2019176,2019-07-02,0,9,6,4,6,09646,5232
2019177,2019-07-03,2,3,2,6,7,23267,5233
2019178,2019-07-04,7,7,4,6,2,77462,5234
2019179,2019-07-05,7,6,1,3,2,76132,5235
2019180,2019-07-06,2,4,8,5,7,24857,5236
2019181,2019-07-07,3,0,6,0,9,30609,5237
2019182,2019-07-08,7,6,1,5,5,76155,5238
2019183,2019-07-09,8,3,2,6,2,83262,5239
2019184,2019-07-10,4,4,9,5,3,44953,5240
2019185,2019-07-11,4,3,6,9,5,43695,5241
2019186,2019-07-12,5,4,7,6,0,54760,5242
2019187,2019-07-13,8,9,9,8,5,89985,5243
2019188,2019-07-14,3,1,6,2,3,31623,5244
2019189,2019-07-15,8,9,0,9,1,89091,5245
2019190,2019-07-16,1,7,0,2,3,17023,5246
2019191,2019-07-17,2,5,0,3,4,25034,5247
2019192,2019-07-18,7,2,9,4,7,72947,5248
2019193,2019-07-19,6,5,2,0,1,65201,5249
2019194,2019-07-20,3,1,8,4,9,31849,5250
2019195,2019-07-21,6,8,9,1,5,68915,5251
2019196,2019-07-22,6,4,5,2,8,64528,5252
2019197,2019-07-23,6,2,2,5,2,62252,5253
2019198,2019-07-24,2,5,7,3,0,25730,5254
2019199,2019-07-25,4,7,6,2,8,47628,5255
2019200,2019-07-26,4,7,1,7,0,47170,5256
2019201,2019-07-27,2,3,2,0,4,23204,5257
2019202,2019-07-28,8,2,3,9,4,82394,5258
2019203,2019-07-29,1,0,3,9,6,10396,5259
2019204,2019-07-30,5,6,2,1,6,56216,5260
2019205,2019-07-31,1,8,7,1,2,18712,5261
2019206,2019-08-01,9,1,7,8,4,91784,5262
2019207,2019-08-02,1,1,7,7,9,11779,5263
2019208,2019-08-03,8,5,7,4,8,85748,5264
2019209,2019-08-04,8,6,5,1,3,86513,5265
2019210,2019-08-05,7,7,3,6,0,77360,5266
2019211,2019-08-06,5,9,0,0,6,59006,5267
2019212,2019-08-07,7,7,2,5,3,77253,5268
2019213,2019-08-08,7,2,8,6,2,72862,5269
2019214,2019-08-09,9,2,1,1,0,92110,5270
2019215,2019-08-10,8,7,6,8,6,87686,5271
2019216,2019-08-11,6,5,8,0,9,65809,5272
2019217,2019-08-12,1,2,3,2,5,12325,5273
2019218,2019-08-13,6,4,9,2,5,64925,5274
2019219,2019-08-14,3,8,2,0,2,38202,5275
2019220,2019-08-15,3,2,9,7,6,32976,5276
2019221,2019-08-16,7,9,6,1,6,79616,5277
2019222,2019-08-17,9,0,9,8,0,90980,5278
2019223,2019-08-18,5,3,4,7,4,53474,5279
2019224,2019-08-19,0,9,3,1,0,09310,5280
2019225,2019-08-20,3,9,1,6,6,39166,5281
2019226,2019-08-21,3,9,6,1,8,39618,5282
2019227,2019-08-22,8,2,3,9,8,82398,5283
2019228,2019-08-23,9,7,8,9,4,97894,5284
2019229,2019-08-24,9,4,8,5,4,94854,5285
2019230,2019-08-25,6,3,0,5,2,63052,5286
2019231,2019-08-26,9,3,5,7,0,93570,5287
2019232,2019-08-27,7,7,2,7,4,77274,5288
2019233,2019-08-28,5,3,1,1,0,53110,5289
2019234,2019-08-29,2,4,5,6,0,24560,5290
2019235,2019-08-30,4,2,2,2,2,42222,5291
2019236,2019-08-31,0,2,1,4,7,02147,5292
2019237,2019-09-01,8,0,8,2,6,80826,5293
2019238,2019-09-02,4,1,0,3,1,41031,5294
2019239,2019-09-03,4,9,1,6,1,49161,5295
2019240,2019-09-04,8,9,4,1,1,89411,5296
2019241,2019-09-05,3,8,5,1,0,38510,5297
2019242,2019-09-06,8,9,2,4,8,89248,5298
2019243,2019-09-07,5,1,1,6,9,51169,5299
2019244,2019-09-08,0,9,0,1,4,09014,5300
2019245,2019-09-09,5,9,5,8,5,59585,5301
2019246,2019-09-10,4,2,7,5,0,42750,5302
2019247,2019-09-11,4,8,9,1,8,48918,5303
2019248,2019-09-12,3,1,1,0,1,31101,5304
2019249,2019-09-13,6,2,9,8,2,62982,5305
2019250,2019-09-14,1,7,1,6,3,17163,5306
2019251,2019-09-15,2,7,2,5,1,27251,5307
2019252,2019-09-16,4,1,6,7,1,41671,5308
2019253,2019-09-17,6,3,9,0,6,63906,5309
2019254,2019-09-18,6,1,8,6,6,61866,5310
2019255,2019-09-19,2,7,2,2,6,27226,5311
2019256,2019-09-20,4,7,4,1,2,47412,5312
2019257,2019-09-21,8,7,1,1,4,87114,5313
2019258,2019-09-22,5,1,1,9,7,51197,5314
2019259,2019-09-23,4,3,2,2,7,43227,5315
2019260,2019-09-24,1,6,2,0,2,16202,5316
2019261,2019-09-25,8,6,5,4,6,86546,5317
2019262,2019-09-26,7,8,5,7,3,78573,5318
2019263,2019-09-27,9,8,4,0,6,98406,5319
2019264,2019-09-28,6,6,9,7,8,66978,5320
2019265,2019-09-29,5,9,0,6,3,59063,5321
2019266,2019-09-30,4,6,1,9,1,46191,5322
2019267,2019-10-08,0,3,5,4,4,03544,5323
2019268,2019-10-09,0,8,1,2,6,08126,5324
2019269,2019-10-10,8,5,4,0,3,85403,5325
2019270,2019-10-11,6,0,1,8,8,60188,5326
2019271,2019-10-12,9,5,1,7,6,95176,5327
2019272,2019-10-13,0,1,4,1,6,01416,5328
2019273,2019-10-14,8,2,2,7,5,82275,5329
2019274,2019-10-15,1,0,2,0,7,10207,5330
2019275,2019-10-16,2,8,7,6,1,28761,5331
2019276,2019-10-17,8,1,8,5,0,81850,5332
2019277,2019-10-18,7,3,7,9,7,73797,5333
2019278,2019-10-19,1,9,4,0,9,19409,5334
2019279,2019-10-20,1,7,7,5,1,17751,5335
2019280,2019-10-21,2,9,4,0,6,29406,5336
2019281,2019-10-22,0,0,5,2,3,00523,5337
2019282,2019-10-23,6,2,6,1,4,62614,5338
2019283,2019-10-24,0,4,9,4,4,04944,5339
2019284,2019-10-25,9,9,2,9,6,99296,5340
2019285,2019-10-26,0,7,1,4,9,07149,5341
2019286,2019-10-27,7,7,4,7,1,77471,5342
2019287,2019-10-28,3,3,7,2,3,33723,5343
2019288,2019-10-29,7,8,9,1,1,78911,5344
2019289,2019-10-30,2,4,9,7,2,24972,5345
2019290,2019-10-31,4,8,5,1,6,48516,5346
2019291,2019-11-01,6,7,6,3,6,67636,5347
2019292,2019-11-02,4,8,6,8,8,48688,5348
2019293,2019-11-03,5,9,9,7,9,59979,5349
2019294,2019-11-04,7,5,8,3,7,75837,5350
2019295,2019-11-05,3,3,5,2,3,33523,5351
2019296,2019-11-06,8,7,0,2,0,87020,5352
2019297,2019-11-07,5,2,5,2,4,52524,5353
2019298,2019-11-08,5,5,5,0,3,55503,5354
2019299,2019-11-09,5,7,8,2,3,57823,5355
2019300,2019-11-10,5,3,7,2,4,53724,5356
2019301,2019-11-11,3,7,9,1,5,37915,5357
2019302,2019-11-12,7,4,4,9,6,74496,5358
2019303,2019-11-13,6,6,9,1,6,66916,5359
2019304,2019-11-14,6,6,3,6,6,66366,5360
2019305,2019-11-15,4,8,2,8,8,48288,5361
2019306,2019-11-16,6,4,7,4,9,64749,5362
2019307,2019-11-17,0,2,7,8,6,02786,5363
2019308,2019-11-18,6,7,5,6,7,67567,5364
2019309,2019-11-19,3,5,4,1,1,35411,5365
2019310,2019-11-20,7,5,4,0,0,75400,5366
2019311,2019-11-21,1,1,4,2,7,11427,5367
2019312,2019-11-22,5,7,6,1,1,57611,5368
2019313,2019-11-23,2,4,1,0,9,24109,5369
2019314,2019-11-24,2,0,0,3,4,20034,5370
2019315,2019-11-25,4,5,1,6,0,45160,5371
2019316,2019-11-26,4,8,1,7,9,48179,5372
2019317,2019-11-27,4,2,3,3,8,42338,5373
2019318,2019-11-28,3,1,9,6,9,31969,5374
2019319,2019-11-29,3,3,1,6,5,33165,5375
2019320,2019-11-30,7,8,7,8,3,78783,5376
2019321,2019-12-01,5,9,3,0,5,59305,5377
2019322,2019-12-02,9,7,2,2,5,97225,5378
2019323,2019-12-03,8,3,0,7,1,83071,5379
2019324,2019-12-04,3,7,3,6,1,37361,5380
2019325,2019-12-05,7,4,4,2,9,74429,5381
2019326,2019-12-06,2,0,9,1,3,20913,5382
2019327,2019-12-07,7,7,0,3,0,77030,5383
2019328,2019-12-08,5,9,6,1,2,59612,5384
2019329,2019-12-09,4,1,2,2,7,41227,5385
2019330,2019-12-10,3,9,7,1,7,39717,5386
2019331,2019-12-11,8,6,0,2,0,86020,5387
2019332,2019-12-12,2,5,4,7,5,25475,5388
2019333,2019-12-13,3,8,3,2,9,38329,5389
2019334,2019-12-14,9,7,2,4,0,97240,5390
2019335,2019-12-15,3,6,9,6,4,36964,5391
2019336,2019-12-16,2,3,4,5,4,23454,5392
2019337,2019-12-17,4,0,7,5,3,40753,5393
2019338,2019-12-18,5,4,7,6,9,54769,5394
2019339,2019-12-19,9,0,1,2,6,90126,5395
2019340,2019-12-20,3,8,3,9,7,38397,5396
2019341,2019-12-21,0,3,0,6,0,03060,5397
2019342,2019-12-22,1,7,8,4,9,17849,5398
2019343,2019-12-23,9,5,2,0,5,95205,5399
2019344,2019-12-24,0,8,7,0,9,08709,5400
2019345,2019-12-25,8,7,4,0,8,87408,5401
2019346,2019-12-26,5,8,9,4,0,58940,5402
2019347,2019-12-27,5,4,9,4,8,54948,5403
2019348,2019-12-28,0,5,5,5,3,05553,5404
2019349,2019-12-29,3,3,8,8,8,33888,5405
2019350,2019-12-30,8,1,8,1,0,81810,5406
2019351,2019-12-31,9,7,7,5,7,97757,5407
2020001,2020-01-01,2,0,2,2,8,20228,5408
2020002,2020-01-02,1,6,1,3,6,16136,5409
2020003,2020-01-03,8,9,3,6,9,89369,5410
2020004,2020-01-04,4,9,8,9,9,49899,5411
2020005,2020-01-05,5,6,9,0,3,56903,5412
2020006,2020-01-06,0,8,3,6,0,08360,5413
2020007,2020-01-07,3,0,9,7,4,30974,5414
2020008,2020-01-08,1,8,8,3,4,18834,5415
2020009,2020-01-09,2,0,8,1,2,20812,5416
2020010,2020-01-10,0,1,1,1,1,01111,5417
2020011,2020-01-11,4,5,9,5,1,45951,5418
2020012,2020-01-12,3,1,3,9,9,31399,5419
2020013,2020-01-13,0,8,1,0,7,08107,5420
2020014,2020-01-14,1,6,1,5,0,16150,5421
2020015,2020-01-15,3,2,2,7,3,32273,5422
2020016,2020-01-16,4,0,2,5,8,40258,5423
2020017,2020-01-17,7,2,8,4,8,72848,5424
2020018,2020-01-18,5,8,5,1,1,58511,5425
2020019,2020-01-19,9,7,3,3,9,97339,5426
2020020,2020-01-20,1,6,6,2,7,16627,5427
2020021,2020-01-21,9,6,4,6,2,96462,5428
2020022,2020-03-12,6,3,4,2,8,63428,5429
2020023,2020-03-13,0,6,1,4,1,06141,5430
2020024,2020-03-14,6,1,4,1,0,61410,5431
2020025,2020-03-15,4,2,4,0,5,42405,5432
2020026,2020-03-16,7,0,5,6,5,70565,5433
2020027,2020-03-17,2,3,9,6,9,23969,5434
2020028,2020-03-18,5,1,3,2,2,51322,5435
2020029,2020-03-19,3,9,5,1,5,39515,5436
2020030,2020-03-20,7,1,9,9,7,71997,5437
2020031,2020-03-21,9,3,7,8,6,93786,5438
2020032,2020-03-22,6,8,8,7,1,68871,5439
2020033,2020-03-23,7,6,7,8,7,76787,5440
2020034,2020-03-24,4,7,3,9,8,47398,5441
2020035,2020-03-25,3,2,8,1,6,32816,5442
2020036,2020-03-26,3,0,1,5,1,30151,5443
2020037,2020-03-27,1,2,0,2,7,12027,5444
2020038,2020-03-28,7,3,9,2,9,73929,5445
2020039,2020-03-29,8,4,6,1,9,84619,5446
2020040,2020-03-30,3,8,9,2,3,38923,5447
2020041,2020-03-31,7,0,5,1,0,70510,5448
2020042,2020-04-01,2,7,4,3,6,27436,5449
2020043,2020-04-02,0,7,0,8,9,07089,5450
2020044,2020-04-03,1,2,0,7,5,12075,5451
2020045,2020-04-04,0,3,1,6,5,03165,5452
2020046,2020-04-05,3,2,4,1,9,32419,5453
2020047,2020-04-06,8,0,9,9,6,80996,5454
2020048,2020-04-07,8,5,4,0,3,85403,5455
2020049,2020-04-08,7,1,0,7,2,71072,5456
2020050,2020-04-09,5,9,3,5,4,59354,5457
2020051,2020-04-10,7,5,3,5,0,75350,5458
2020052,2020-04-11,2,2,3,3,0,22330,5459
2020053,2020-04-12,5,8,8,4,6,58846,5460
2020054,2020-04-13,0,8,7,1,6,08716,5461
2020055,2020-04-14,6,5,9,3,1,65931,5462
2020056,2020-04-15,5,7,8,3,4,57834,5463
2020057,2020-04-16,0,5,7,0,8,05708,5464
2020058,2020-04-17,2,2,8,0,2,22802,5465
2020059,2020-04-18,0,1,9,6,5,01965,5466
2020060,2020-04-19,4,9,0,4,1,49041,5467
2020061,2020-04-20,1,5,2,7,9,15279,5468
2020062,2020-04-21,3,1,8,8,9,31889,5469
2020063,2020-04-22,5,3,1,6,4,53164,5470
2020064,2020-04-23,3,5,2,0,3,35203,5471
2020065,2020-04-24,1,9,9,8,7,19987,5472
2020066,2020-04-25,2,6,2,6,3,26263,5473
2020067,2020-04-26,4,7,7,0,4,47704,5474
2020068,2020-04-27,4,1,0,7,5,41075,5475
2020069,2020-04-28,7,8,8,4,3,78843,5476
2020070,2020-04-29,8,0,4,6,3,80463,5477
2020071,2020-04-30,3,8,4,0,3,38403,5478
2020072,2020-05-01,7,9,0,5,1,79051,5479
2020073,2020-05-02,6,6,9,1,2,66912,5480
2020074,2020-05-03,2,2,4,6,3,22463,5481
2020075,2020-05-04,5,8,5,5,0,58550,5482
2020076,2020-05-05,8,6,4,3,6,86436,5483
2020077,2020-05-06,2,1,3,4,8,21348,5484
2020078,2020-05-07,3,5,6,6,3,35663,5485
2020079,2020-05-08,1,0,3,9,8,10398,5486
2020080,2020-05-09,3,8,4,7,9,38479,5487
2020081,2020-05-10,2,6,2,0,2,26202,5488
2020082,2020-05-11,8,8,9,5,5,88955,5489
2020083,2020-05-12,0,9,6,5,9,09659,5490
2020084,2020-05-13,5,6,7,5,4,56754,5491
2020085,2020-05-14,8,3,5,0,2,83502,5492
2020086,2020-05-15,9,7,2,5,0,97250,5493
2020087,2020-05-16,3,4,3,3,6,34336,5494
2020088,2020-05-17,5,5,1,6,3,55163,5495
2020089,2020-05-18,0,8,7,2,1,08721,5496
2020090,2020-05-19,5,5,9,7,2,55972,5497
2020091,2020-05-20,5,9,9,8,0,59980,5498
2020092,2020-05-21,6,1,6,1,8,61618,5499
2020093,2020-05-22,7,3,0,5,2,73052,5500
2020094,2020-05-23,3,2,8,7,5,32875,5501
2020095,2020-05-24,4,2,5,8,8,42588,5502
2020096,2020-05-25,7,1,8,5,3,71853,5503
2020097,2020-05-26,9,3,5,6,4,93564,5504
2020098,2020-05-27,4,4,9,6,3,44963,5505
2020099,2020-05-28,7,9,8,9,7,79897,5506
2020100,2020-05-29,0,6,4,3,8,06438,5507
2020101,2020-05-30,2,6,7,7,6,26776,5508
2020102,2020-05-31,8,7,7,9,4,87794,5509
2020103,2020-06-01,9,0,4,9,1,90491,5510
2020104,2020-06-02,2,9,5,9,5,29595,5511
2020105,2020-06-03,5,9,8,4,3,59843,5512
2020106,2020-06-04,4,4,0,2,0,44020,5513
2020107,2020-06-05,1,9,8,4,3,19843,5514
2020108,2020-06-06,2,6,7,7,7,26777,5515
2020109,2020-06-07,3,1,7,4,0,31740,5516
2020110,2020-06-08,2,8,2,3,6,28236,5517
2020111,2020-06-09,6,7,5,0,6,67506,5518
2020112,2020-06-10,4,2,1,6,3,42163,5519
2020113,2020-06-11,0,7,5,0,1,07501,5520
2020114,2020-06-12,0,6,5,5,5,06555,5521
2020115,2020-06-13,5,5,2,8,2,55282,5522
2020116,2020-06-14,9,3,4,0,2,93402,5523
2020117,2020-06-15,8,3,4,4,8,83448,5524
2020118,2020-06-16,2,0,4,6,3,20463,5525
2020119,2020-06-17,1,6,0,4,6,16046,5526
2020120,2020-06-18,2,4,2,6,1,24261,5527
2020121,2020-06-19,7,1,8,4,1,71841,5528
2020122,2020-06-20,6,3,9,9,2,63992,5529
2020123,2020-06-21,2,4,8,0,4,24804,5530
2020124,2020-06-22,6,2,9,6,6,62966,5531
2020125,2020-06-23,6,6,0,0,8,66008,5532
2020126,2020-06-24,4,9,4,2,4,49424,5533
2020127,2020-06-25,3,2,5,2,0,32520,5534
2020128,2020-06-26,0,8,6,8,7,08687,5535
2020129,2020-06-27,0,1,1,9,8,01198,5536
2020130,2020-06-28,9,6,8,1,5,96815,5537
2020131,2020-06-29,3,5,8,4,4,35844,5538
2020132,2020-06-30,8,7,9,5,8,87958,5539
2020133,2020-07-01,0,7,7,0,1,07701,5540
2020134,2020-07-02,7,5,3,2,5,75325,5541
2020135,2020-07-03,6,0,3,3,6,60336,5542
2020136,2020-07-04,5,5,2,8,7,55287,5543
2020137,2020-07-05,1,0,2,9,1,10291,5544
2020138,2020-07-06,0,0,4,1,8,00418,5545
2020139,2020-07-07,9,5,6,9,6,95696,5546
2020140,2020-07-08,5,1,5,2,7,51527,5547
2020141,2020-07-09,8,3,3,2,1,83321,5548
2020142,2020-07-10,7,1,3,1,6,71316,5549
2020143,2020-07-11,8,5,4,6,4,85464,5550
2020144,2020-07-12,6,1,0,7,2,61072,5551
2020145,2020-07-13,8,4,6,2,4,84624,5552
2020146,2020-07-14,8,8,0,5,0,88050,5553
2020147,2020-07-15,0,7,9,6,4,07964,5554
2020148,2020-07-16,9,6,4,1,3,96413,5555
2020149,2020-07-17,3,3,4,9,4,33494,5556
2020150,2020-07-18,3,7,3,5,8,37358,5557
2020151,2020-07-19,8,0,0,4,5,80045,5558
2020152,2020-07-20,6,9,8,8,0,69880,5559
2020153,2020-07-21,0,6,6,5,8,06658,5560
2020154,2020-07-22,8,1,0,6,2,81062,5561
2020155,2020-07-23,0,1,2,3,7,01237,5562
2020156,2020-07-24,0,9,8,9,3,09893,5563
2020157,2020-07-25,7,6,4,9,9,76499,5564
2020158,2020-07-26,2,6,6,2,4,26624,5565
2020159,2020-07-27,4,8,1,1,7,48117,5566
2020160,2020-07-28,9,2,0,8,7,92087,5567
2020161,2020-07-29,7,0,4,4,1,70441,5568
2020162,2020-07-30,6,2,8,1,6,62816,5569
2020163,2020-07-31,2,3,0,3,2,23032,5570
2020164,2020-08-01,4,8,4,2,0,48420,5571
2020165,2020-08-02,0,5,9,6,4,05964,5572
2020166,2020-08-03,3,4,3,3,8,34338,5573
2020167,2020-08-04,8,4,1,8,8,84188,5574
2020168,2020-08-05,7,8,6,9,2,78692,5575
2020169,2020-08-06,1,2,2,4,1,12241,5576
2020170,2020-08-07,6,5,0,5,5,65055,5577
2020171,2020-08-08,2,4,3,8,4,24384,5578
2020172,2020-08-09,6,0,3,8,7,60387,5579
2020173,2020-08-10,3,1,7,8,1,31781,5580
2020174,2020-08-11,2,9,4,9,5,29495,5581
2020175,2020-08-12,9,4,4,4,4,94444,5582
2020176,2020-08-13,9,6,2,5,7,96257,5583
2020177,2020-08-14,4,8,1,0,6,48106,5584
2020178,2020-08-15,3,3,7,4,7,33747,5585
2020179,2020-08-16,0,6,9,7,2,06972,5586
2020180,2020-08-17,1,2,7,8,7,12787,5587
2020181,2020-08-18,2,9,3,7,5,29375,5588
2020182,2020-08-19,9,1,3,8,2,91382,5589
2020183,2020-08-20,8,6,6,6,7,86667,5590
2020184,2020-08-21,5,5,5,5,7,55557,5591
2020185,2020-08-22,1,9,7,8,3,19783,5592
2020186,2020-08-23,5,4,7,8,8,54788,5593
2020187,2020-08-24,1,4,3,1,3,14313,5594
2020188,2020-08-25,2,9,4,1,5,29415,5595
2020189,2020-08-26,9,1,7,2,1,91721,5596
2020190,2020-08-27,7,3,3,6,3,73363,5597
2020191,2020-08-28,9,3,6,6,7,93667,5598
2020192,2020-08-29,8,4,9,8,8,84988,5599
2020193,2020-08-30,3,0,9,6,6,30966,5600
2020194,2020-08-31,4,3,6,9,8,43698,5601
2020195,2020-09-01,8,3,9,9,5,83995,5602
2020196,2020-09-02,8,4,1,6,0,84160,5603
2020197,2020-09-03,4,2,9,9,2,42992,5604
2020198,2020-09-04,6,1,2,2,3,61223,5605
2020199,2020-09-05,7,0,8,5,5,70855,5606
2020200,2020-09-06,0,2,3,1,7,02317,5607
2020201,2020-09-07,8,1,6,6,8,81668,5608
2020202,2020-09-08,2,6,0,4,9,26049,5609
2020203,2020-09-09,6,7,7,8,3,67783,5610
2020204,2020-09-10,0,7,4,8,9,07489,5611
2020205,2020-09-11,6,8,1,1,2,68112,5612
2020206,2020-09-12,6,1,1,3,0,61130,5613
2020207,2020-09-13,3,7,8,1,7,37817,5614
2020208,2020-09-14,8,1,1,0,3,81103,5615
2020209,2020-09-15,2,0,7,3,2,20732,5616
2020210,2020-09-16,3,2,6,0,4,32604,5617
2020211,2020-09-17,4,6,3,6,1,46361,5618
2020212,2020-09-18,5,5,9,7,4,55974,5619
2020213,2020-09-19,7,3,6,2,4,73624,5620
2020214,2020-09-20,8,6,0,7,2,86072,5621
2020215,2020-09-21,7,9,7,0,3,79703,5622
2020216,2020-09-22,6,2,3,8,6,62386,5623
2020217,2020-09-23,7,1,9,0,3,71903,5624
2020218,2020-09-24,6,4,8,3,8,64838,5625
2020219,2020-09-25,0,2,0,5,2,02052,5626
2020220,2020-09-26,2,9,3,4,9,29349,5627
2020221,2020-09-27,4,4,2,6,4,44264,5628
2020222,2020-09-28,5,2,8,8,1,52881,5629
2020223,2020-09-29,2,3,1,8,6,23186,5630
2020224,2020-09-30,9,3,9,6,9,93969,5631
2020225,2020-10-05,0,2,7,1,3,02713,5632
2020226,2020-10-06,2,0,0,2,5,20025,5633
2020227,2020-10-07,1,8,8,0,5,18805,5634
2020228,2020-10-08,4,3,0,4,3,43043,5635
2020229,2020-10-09,9,1,1,0,6,91106,5636
2020230,2020-10-10,5,7,3,9,8,57398,5637
2020231,2020-10-11,1,1,5,9,5,11595,5638
2020232,2020-10-12,0,5,6,2,3,05623,5639
2020233,2020-10-13,3,9,3,3,8,39338,5640
2020234,2020-10-14,6,1,0,3,1,61031,5641
2020235,2020-10-15,2,8,4,6,6,28466,5642
2020236,2020-10-16,9,9,8,5,3,99853,5643
2020237,2020-10-17,5,2,4,9,0,52490,5644
2020238,2020-10-18,2,7,5,3,4,27534,5645
2020239,2020-10-19,8,2,1,0,9,82109,5646
2020240,2020-10-20,8,6,1,4,5,86145,5647
2020241,2020-10-21,0,4,9,3,7,04937,5648
2020242,2020-10-22,8,2,8,0,7,82807,5649
2020243,2020-10-23,0,8,2,3,9,08239,5650
2020244,2020-10-24,9,7,8,9,5,97895,5651
2020245,2020-10-25,8,9,5,2,0,89520,5652
2020246,2020-10-26,5,2,5,9,2,52592,5653
2020247,2020-10-27,9,8,0,8,5,98085,5654
2020248,2020-10-28,9,6,2,1,6,96216,5655
2020249,2020-10-29,7,0,0,5,8,70058,5656
2020250,2020-10-30,8,3,9,5,1,83951,5657
2020251,2020-10-31,2,5,2,3,4,25234,5658
2020252,2020-11-01,7,6,1,6,4,76164,5659
2020253,2020-11-02,8,5,8,5,7,85857,5660
2020254,2020-11-03,1,2,0,1,5,12015,5661
2020255,2020-11-04,4,6,0,8,1,46081,5662
2020256,2020-11-05,2,0,8,2,1,20821,5663
2020257,2020-11-06,2,5,8,4,6,25846,5664
2020258,2020-11-07,4,6,8,2,6,46826,5665
2020259,2020-11-08,2,3,0,0,5,23005,5666
2020260,2020-11-09,2,7,8,6,1,27861,5667
2020261,2020-11-10,8,3,3,3,2,83332,5668
2020262,2020-11-11,6,6,5,7,0,66570,5669
2020263,2020-11-12,8,0,9,7,2,80972,5670
2020264,2020-11-13,1,6,0,6,7,16067,5671
2020265,2020-11-14,7,7,0,4,3,77043,5672
2020266,2020-11-15,1,1,0,8,7,11087,5673
2020267,2020-11-16,6,2,5,8,1,62581,5674
2020268,2020-11-17,6,3,5,8,0,63580,5675
2020269,2020-11-18,6,9,3,7,6,69376,5676
2020270,2020-11-19,4,1,4,4,1,41441,5677
2020271,2020-11-20,9,2,9,5,5,92955,5678
2020272,2020-11-21,2,4,3,8,2,24382,5679
2020273,2020-11-22,1,7,4,8,8,17488,5680
2020274,2020-11-23,5,9,5,6,3,59563,5681
2020275,2020-11-24,7,1,6,3,4,71634,5682
2020276,2020-11-25,9,9,4,8,8,99488,5683
2020277,2020-11-26,5,6,7,8,8,56788,5684
2020278,2020-11-27,2,7,4,8,1,27481,5685
2020279,2020-11-28,9,3,2,9,1,93291,5686
2020280,2020-11-29,1,6,0,6,4,16064,5687
2020281,2020-11-30,9,5,1,7,9,95179,5688
2020282,2020-12-01,2,5,7,4,5,25745,5689
2020283,2020-12-02,5,7,0,9,8,57098,5690
2020284,2020-12-03,3,3,7,8,7,33787,5691
2020285,2020-12-04,1,4,4,0,9,14409,5692
2020286,2020-12-05,5,1,9,8,8,51988,5693
2020287,2020-12-06,2,7,6,3,0,27630,5694
2020288,2020-12-07,6,9,3,4,6,69346,5695
2020289,2020-12-08,5,9,3,7,2,59372,5696
2020290,2020-12-09,8,4,6,5,9,84659,5697
2020291,2020-12-10,4,6,8,8,4,46884,5698
2020292,2020-12-11,7,6,7,2,9,76729,5699
2020293,2020-12-12,2,0,3,4,9,20349,5700
2020294,2020-12-13,6,3,0,3,4,63034,5701
2020295,2020-12-14,8,3,9,8,5,83985,5702
2020296,2020-12-15,2,5,1,8,2,25182,5703
2020297,2020-12-16,7,4,5,7,3,74573,5704
2020298,2020-12-17,2,9,0,2,7,29027,5705
2020299,2020-12-18,3,2,3,2,9,32329,5706
2020300,2020-12-19,4,1,2,4,7,41247,5707
2020301,2020-12-20,4,1,8,5,1,41851,5708
2020302,2020-12-21,1,0,8,0,8,10808,5709
2020303,2020-12-22,9,0,6,2,9,90629,5710
2020304,2020-12-23,6,2,7,0,5,62705,5711
2020305,2020-12-24,3,7,3,5,8,37358,5712
2020306,2020-12-25,4,3,8,6,2,43862,5713
2020307,2020-12-26,6,9,5,5,5,69555,5714
2020308,2020-12-27,5,7,4,3,0,57430,5715
2020309,2020-12-28,2,7,2,5,8,27258,5716
2020310,2020-12-29,5,0,3,5,6,50356,5717
2020311,2020-12-30,5,8,0,0,2,58002,5718
2020312,2020-12-31,6,1,4,8,6,61486,5719
2021001,2021-01-01,3,2,6,4,3,32643,5720
2021002,2021-01-02,3,5,5,2,2,35522,5721
2021003,2021-01-03,8,8,0,4,9,88049,5722
2021004,2021-01-04,5,0,1,5,3,50153,5723
2021005,2021-01-05,6,3,3,7,8,63378,5724
2021006,2021-01-06,9,0,8,4,7,90847,5725
2021007,2021-01-07,9,0,1,2,2,90122,5726
2021008,2021-01-08,6,4,7,8,2,64782,5727
2021009,2021-01-09,2,3,1,8,9,23189,5728
2021010,2021-01-10,7,4,3,9,6,74396,5729
2021011,2021-01-11,9,6,0,4,2,96042,5730
2021012,2021-01-12,9,0,6,4,1,90641,5731
2021013,2021-01-13,8,8,7,2,6,88726,5732
2021014,2021-01-14,7,9,0,3,6,79036,5733
2021015,2021-01-15,6,5,9,9,7,65997,5734
2021016,2021-01-16,2,2,3,4,1,22341,5735
2021017,2021-01-17,0,0,1,0,1,00101,5736
2021018,2021-01-18,4,6,8,2,6,46826,5737
2021019,2021-01-19,2,5,2,5,9,25259,5738
2021020,2021-01-20,3,9,8,0,3,39803,5739
2021021,2021-01-21,9,7,2,8,0,97280,5740
2021022,2021-01-22,9,6,3,9,6,96396,5741
2021023,2021-01-23,8,4,0,6,7,84067,5742
2021024,2021-01-24,3,4,2,8,9,34289,5743
2021025,2021-01-25,8,5,9,6,6,85966,5744
2021026,2021-01-26,4,2,6,7,0,42670,5745
2021027,2021-01-27,0,2,3,6,5,02365,5746
2021028,2021-01-28,7,9,0,7,5,79075,5747
2021029,2021-01-29,8,6,5,9,8,86598,5748
2021030,2021-01-30,2,2,5,5,2,22552,5749
2021031,2021-01-31,7,1,4,2,8,71428,5750
2021032,2021-02-01,3,7,3,1,9,37319,5751
2021033,2021-02-02,4,5,2,7,0,45270,5752
2021034,2021-02-03,5,3,4,3,2,53432,5753
2021035,2021-02-04,5,4,6,3,8,54638,5754
2021036,2021-02-05,9,5,6,8,9,95689,5755
2021037,2021-02-06,1,6,1,1,6,16116,5756
2021038,2021-02-07,4,9,2,6,5,49265,5757
2021039,2021-02-08,6,7,5,7,3,67573,5758
2021040,2021-02-19,3,4,1,9,9,34199,5759
2021041,2021-02-20,9,9,2,8,2,99282,5760
2021042,2021-02-21,9,5,6,4,8,95648,5761
2021043,2021-02-22,0,5,4,0,8,05408,5762
2021044,2021-02-23,2,6,9,7,1,26971,5763
2021045,2021-02-24,2,5,2,5,4,25254,5764
2021046,2021-02-25,0,4,7,7,8,04778,5765
2021047,2021-02-26,6,2,6,8,8,62688,5766
2021048,2021-02-27,9,4,5,6,7,94567,5767
2021049,2021-02-28,6,0,3,9,3,60393,5768
2021050,2021-03-01,4,6,0,7,2,46072,5769
2021051,2021-03-02,7,3,0,0,3,73003,5770
2021052,2021-03-03,9,8,6,5,9,98659,5771
2021053,2021-03-04,9,5,4,8,8,95488,5772
2021054,2021-03-05,1,2,5,4,5,12545,5773
2021055,2021-03-06,6,0,7,8,6,60786,5774
2021056,2021-03-07,6,2,2,4,7,62247,5775
2021057,2021-03-08,2,5,7,1,8,25718,5776
2021058,2021-03-09,9,7,2,1,4,97214,5777
2021059,2021-03-10,6,3,6,2,0,63620,5778
2021060,2021-03-11,6,5,5,6,0,65560,5779
2021061,2021-03-12,3,6,8,6,7,36867,5780
2021062,2021-03-13,4,4,6,8,6,44686,5781
2021063,2021-03-14,6,7,3,3,3,67333,5782
2021064,2021-03-15,6,2,6,0,5,62605,5783
2021065,2021-03-16,6,4,2,9,4,64294,5784
2021066,2021-03-17,5,2,3,0,6,52306,5785
2021067,2021-03-18,1,7,0,1,3,17013,5786
2021068,2021-03-19,0,4,5,5,8,04558,5787
2021069,2021-03-20,7,1,9,0,7,71907,5788
2021070,2021-03-21,9,8,8,7,9,98879,5789
2021071,2021-03-22,6,5,5,9,6,65596,5790
2021072,2021-03-23,5,6,2,1,8,56218,5791
2021073,2021-03-24,1,7,3,4,3,17343,5792
2021074,2021-03-25,2,7,9,9,6,27996,5793
2021075,2021-03-26,0,6,8,4,3,06843,5794
2021076,2021-03-27,0,1,8,8,2,01882,5795
2021077,2021-03-28,7,1,0,2,2,71022,5796
2021078,2021-03-29,6,8,6,3,6,68636,5797
2021079,2021-03-30,9,5,9,3,2,95932,5798
2021080,2021-03-31,6,4,5,4,3,64543,5799
2021081,2021-04-01,2,4,1,6,5,24165,5800
2021082,2021-04-02,2,2,7,8,4,22784,5801
2021083,2021-04-03,6,7,6,8,3,67683,5802
2021084,2021-04-04,4,9,3,9,6,49396,5803
2021085,2021-04-05,9,9,6,1,5,99615,5804
2021086,2021-04-06,2,6,3,9,1,26391,5805
2021087,2021-04-07,8,6,6,6,4,86664,5806
2021088,2021-04-08,3,0,4,2,8,30428,5807
2021089,2021-04-09,2,4,5,5,5,24555,5808
2021090,2021-04-10,6,7,8,4,1,67841,5809
2021091,2021-04-11,4,7,2,5,6,47256,5810
2021092,2021-04-12,8,7,0,0,5,87005,5811
2021093,2021-04-13,4,3,1,8,6,43186,5812
2021094,2021-04-14,5,6,9,8,4,56984,5813
2021095,2021-04-15,9,5,2,8,1,95281,5814
2021096,2021-04-16,5,9,3,7,3,59373,5815
2021097,2021-04-17,8,1,6,6,0,81660,5816
2021098,2021-04-18,3,0,2,4,3,30243,5817
2021099,2021-04-19,4,9,1,8,6,49186,5818
2021100,2021-04-20,2,7,6,1,6,27616,5819
2021101,2021-04-21,7,8,6,7,1,78671,5820
2021102,2021-04-22,1,1,6,8,9,11689,5821
2021103,2021-04-23,8,3,3,2,5,83325,5822
2021104,2021-04-24,9,0,6,4,3,90643,5823
2021105,2021-04-25,6,3,8,9,2,63892,5824
2021106,2021-04-26,7,3,3,2,0,73320,5825
2021107,2021-04-27,2,6,4,8,0,26480,5826
2021108,2021-04-28,5,5,3,0,2,55302,5827
2021109,2021-04-29,1,7,2,3,7,17237,5828
2021110,2021-04-30,2,3,4,3,4,23434,5829
2021111,2021-05-01,8,3,8,4,7,83847,5830
2021112,2021-05-02,4,5,1,3,5,45135,5831
2021113,2021-05-03,0,3,2,1,5,03215,5832
2021114,2021-05-04,7,1,3,8,9,71389,5833
2021115,2021-05-05,8,3,4,3,3,83433,5834
2021116,2021-05-06,4,1,4,3,2,41432,5835
2021117,2021-05-07,9,2,3,7,1,92371,5836
2021118,2021-05-08,6,9,4,4,8,69448,5837
2021119,2021-05-09,1,3,6,9,6,13696,5838
2021120,2021-05-10,6,8,6,9,8,68698,5839
2021121,2021-05-11,0,8,0,5,6,08056,5840
2021122,2021-05-12,8,5,3,6,9,85369,5841
2021123,2021-05-13,8,2,2,1,4,82214,5842
2021124,2021-05-14,4,9,2,1,7,49217,5843
2021125,2021-05-15,9,1,9,8,8,91988,5844
2021126,2021-05-16,8,1,3,1,0,81310,5845
2021127,2021-05-17,4,4,9,4,5,44945,5846
2021128,2021-05-18,6,8,9,3,1,68931,5847
2021129,2021-05-19,7,9,3,5,5,79355,5848
2021130,2021-05-20,1,7,2,8,9,17289,5849
2021131,2021-05-21,2,2,3,9,3,22393,5850
2021132,2021-05-22,7,4,1,7,8,74178,5851
2021133,2021-05-23,5,3,2,0,6,53206,5852
2021134,2021-05-24,2,1,6,9,9,21699,5853
2021135,2021-05-25,5,0,5,2,4,50524,5854
2021136,2021-05-26,4,6,9,8,0,46980,5855
2021137,2021-05-27,6,8,5,2,1,68521,5856
2021138,2021-05-28,9,2,8,3,3,92833,5857
2021139,2021-05-29,6,4,9,9,6,64996,5858
2021140,2021-05-30,1,3,2,5,0,13250,5859
2021141,2021-05-31,1,0,3,2,8,10328,5860
2021142,2021-06-01,1,9,7,3,3,19733,5861
2021143,2021-06-02,3,8,6,7,6,38676,5862
2021144,2021-06-03,0,7,4,8,2,07482,5863
2021145,2021-06-04,2,4,5,1,0,24510,5864
2021146,2021-06-05,9,0,1,4,8,90148,5865
2021147,2021-06-06,2,5,7,2,3,25723,5866
2021148,2021-06-07,2,1,5,6,1,21561,5867
2021149,2021-06-08,8,7,8,1,2,87812,5868
2021150,2021-06-09,3,0,1,1,7,30117,5869
2021151,2021-06-10,8,2,6,9,8,82698,5870
2021152,2021-06-11,3,4,8,0,9,34809,5871
2021153,2021-06-12,3,6,8,1,7,36817,5872
2021154,2021-06-13,5,9,1,9,8,59198,5873
2021155,2021-06-14,2,1,7,5,8,21758,5874
2021156,2021-06-15,7,3,2,8,2,73282,5875
2021157,2021-06-16,2,1,9,1,0,21910,5876
2021158,2021-06-17,9,0,5,9,7,90597,5877
2021159,2021-06-18,2,3,7,9,3,23793,5878
2021160,2021-06-19,9,5,8,7,0,95870,5879
2021161,2021-06-20,7,6,2,4,4,76244,5880
2021162,2021-06-21,7,9,3,9,8,79398,5881
2021163,2021-06-22,6,1,1,7,3,61173,5882
2021164,2021-06-23,1,3,7,6,2,13762,5883
2021165,2021-06-24,5,0,6,4,6,50646,5884
2021166,2021-06-25,8,1,0,4,4,81044,5885
2021167,2021-06-26,6,6,5,3,6,66536,5886
2021168,2021-06-27,9,4,6,1,2,94612,5887
2021169,2021-06-28,1,1,6,8,0,11680,5888
2021170,2021-06-29,4,9,9,6,6,49966,5889
2021171,2021-06-30,4,6,5,6,5,46565,5890
2021172,2021-07-01,7,5,7,2,7,75727,5891
2021173,2021-07-02,0,9,7,6,9,09769,5892
2021174,2021-07-03,2,4,3,1,6,24316,5893
2021175,2021-07-04,1,1,7,4,5,11745,5894
2021176,2021-07-05,8,6,5,5,5,86555,5895
2021177,2021-07-06,0,1,7,8,0,01780,5896
2021178,2021-07-07,9,0,0,8,7,90087,5897
2021179,2021-07-08,8,6,6,2,7,86627,5898
2021180,2021-07-09,9,3,0,9,7,93097,5899
2021181,2021-07-10,5,4,9,5,0,54950,5900
2021182,2021-07-11,2,2,9,9,1,22991,5901
2021183,2021-07-12,3,5,0,1,5,35015,5902
2021184,2021-07-13,8,1,1,4,4,81144,5903
2021185,2021-07-14,6,9,5,2,2,69522,5904
2021186,2021-07-15,6,9,1,1,0,69110,5905
2021187,2021-07-16,3,7,5,4,7,37547,5906
2021188,2021-07-17,6,0,8,8,7,60887,5907
2021189,2021-07-18,8,1,0,5,7,81057,5908
2021190,2021-07-19,4,2,8,3,3,42833,5909
2021191,2021-07-20,0,4,9,2,3,04923,5910
2021192,2021-07-21,7,4,0,7,0,74070,5911
2021193,2021-07-22,9,5,1,3,0,95130,5912
2021194,2021-07-23,5,2,3,7,2,52372,5913
2021195,2021-07-24,6,0,2,5,8,60258,5914
2021196,2021-07-25,8,6,6,1,0,86610,5915
2021197,2021-07-26,0,6,4,3,5,06435,5916
2021198,2021-07-27,1,8,5,7,5,18575,5917
2021199,2021-07-28,4,8,3,7,4,48374,5918
2021200,2021-07-29,4,0,9,7,1,40971,5919
2021201,2021-07-30,2,4,5,1,0,24510,5920
2021202,2021-07-31,4,8,8,2,5,48825,5921
2021203,2021-08-01,9,5,9,7,1,95971,5922
2021204,2021-08-02,5,0,6,3,8,50638,5923
2021205,2021-08-03,0,8,2,0,9,08209,5924
2021206,2021-08-04,4,6,9,5,9,46959,5925
2021207,2021-08-05,0,7,0,3,5,07035,5926
2021208,2021-08-06,5,2,0,7,7,52077,5927
2021209,2021-08-07,6,5,4,9,2,65492,5928
2021210,2021-08-08,5,8,2,4,0,58240,5929
2021211,2021-08-09,6,7,5,8,2,67582,5930
2021212,2021-08-10,0,1,2,2,3,01223,5931
2021213,2021-08-11,1,2,0,1,6,12016,5932
2021214,2021-08-12,2,8,1,9,9,28199,5933
2021215,2021-08-13,7,1,2,1,8,71218,5934
2021216,2021-08-14,4,5,4,1,3,45413,5935
2021217,2021-08-15,5,4,7,2,5,54725,5936
2021218,2021-08-16,5,3,0,6,5,53065,5937
2021219,2021-08-17,3,2,9,5,3,32953,5938
2021220,2021-08-18,1,2,7,0,2,12702,5939
2021221,2021-08-19,1,8,5,3,3,18533,5940
2021222,2021-08-20,0,2,8,2,6,02826,5941
2021223,2021-08-21,8,2,3,4,1,82341,5942
2021224,2021-08-22,9,3,7,3,4,93734,5943
2021225,2021-08-23,8,2,4,0,9,82409,5944
2021226,2021-08-24,5,0,9,4,3,50943,5945
2021227,2021-08-25,3,5,7,5,4,35754,5946
2021228,2021-08-26,5,5,2,8,9,55289,5947
2021229,2021-08-27,3,5,9,5,6,35956,5948
2021230,2021-08-28,7,7,5,1,7,77517,5949
2021231,2021-08-29,7,6,2,9,8,76298,5950
2021232,2021-08-30,7,7,9,4,2,77942,5951
2021233,2021-08-31,0,2,2,3,1,02231,5952
2021234,2021-09-01,1,6,3,0,8,16308,5953
2021235,2021-09-02,3,3,2,4,0,33240,5954
2021236,2021-09-03,7,1,4,2,7,71427,5955
2021237,2021-09-04,2,0,3,8,9,20389,5956
2021238,2021-09-05,1,3,4,1,5,13415,5957
2021239,2021-09-06,3,1,9,4,6,31946,5958
2021240,2021-09-07,0,1,3,9,2,01392,5959
2021241,2021-09-08,8,4,8,7,3,84873,5960
2021242,2021-09-09,9,7,3,1,3,97313,5961
2021243,2021-09-10,0,9,7,4,2,09742,5962
2021244,2021-09-11,4,0,1,5,7,40157,5963
2021245,2021-09-12,9,2,6,2,4,92624,5964
2021246,2021-09-13,9,8,0,2,0,98020,5965
2021247,2021-09-14,5,2,5,3,1,52531,5966
2021248,2021-09-15,3,0,8,5,8,30858,5967
2021249,2021-09-16,2,9,0,9,7,29097,5968
2021250,2021-09-17,4,4,8,7,7,44877,5969
2021251,2021-09-18,9,4,1,3,6,94136,5970
2021252,2021-09-19,9,7,5,0,4,97504,5971
2021253,2021-09-20,5,6,8,3,2,56832,5972
2021254,2021-09-21,9,4,9,0,1,94901,5973
2021255,2021-09-22,9,1,7,2,2,91722,5974
2021256,2021-09-23,5,0,3,3,6,50336,5975
2021257,2021-09-24,9,1,4,8,9,91489,5976
2021258,2021-09-25,7,5,1,9,7,75197,5977
2021259,2021-09-26,1,1,5,2,4,11524,5978
2021260,2021-09-27,1,8,6,0,8,18608,5979
2021261,2021-09-28,1,9,5,4,1,19541,5980
2021262,2021-09-29,4,1,4,3,3,41433,5981
2021263,2021-09-30,2,4,4,0,6,24406,5982
2021264,2021-10-05,9,5,6,8,5,95685,5983
2021265,2021-10-06,0,9,5,6,5,09565,5984
2021266,2021-10-07,0,5,5,4,4,05544,5985
2021267,2021-10-08,7,0,0,7,2,70072,5986
2021268,2021-10-09,1,8,3,5,9,18359,5987
2021269,2021-10-10,1,3,4,8,9,13489,5988
2021270,2021-10-11,6,7,1,3,8,67138,5989
2021271,2021-10-12,5,3,0,6,0,53060,5990
2021272,2021-10-13,0,2,8,2,1,02821,5991
2021273,2021-10-14,3,1,6,0,3,31603,5992
2021274,2021-10-15,8,1,2,7,1,81271,5993
2021275,2021-10-16,2,7,6,5,1,27651,5994
2021276,2021-10-17,5,0,4,0,7,50407,5995
2021277,2021-10-18,7,0,0,4,8,70048,5996
2021278,2021-10-19,1,5,7,0,9,15709,5997
2021279,2021-10-20,1,1,1,1,4,11114,5998
2021280,2021-10-21,8,6,8,3,9,86839,5999
2021281,2021-10-22,5,9,7,8,7,59787,6000
2021282,2021-10-23,4,7,0,7,3,47073,6001
2021283,2021-10-24,8,0,6,4,8,80648,6002
2021284,2021-10-25,5,0,4,1,2,50412,6003
2021285,2021-10-26,7,8,0,0,5,78005,6004
2021286,2021-10-27,8,5,3,0,5,85305,6005
2021287,2021-10-28,7,7,0,8,1,77081,6006
2021288,2021-10-29,5,6,6,4,1,56641,6007
2021289,2021-10-30,3,2,1,0,9,32109,6008
2021290,2021-10-31,4,8,9,8,3,48983,6009
2021291,2021-11-01,0,4,4,3,6,04436,6010
2021292,2021-11-02,5,2,1,2,9,52129,6011
2021293,2021-11-03,4,2,0,3,9,42039,6012
2021294,2021-11-04,4,8,8,0,1,48801,6013
2021295,2021-11-05,2,3,5,5,6,23556,6014
2021296,2021-11-06,4,6,8,3,2,46832,6015
2021297,2021-11-07,5,1,2,0,4,51204,6016
2021298,2021-11-08,5,8,9,8,1,58981,6017
2021299,2021-11-09,8,8,8,5,9,88859,6018
2021300,2021-11-10,1,4,0,6,2,14062,6019
2021301,2021-11-11,6,2,2,8,1,62281,6020
2021302,2021-11-12,9,2,5,6,1,92561,6021
2021303,2021-11-13,1,4,3,2,1,14321,6022
2021304,2021-11-14,9,0,0,6,9,90069,6023
2021305,2021-11-15,1,5,6,6,2,15662,6024
2021306,2021-11-16,2,3,3,9,8,23398,6025
2021307,2021-11-17,1,8,3,4,9,18349,6026
2021308,2021-11-18,8,3,8,7,4,83874,6027
2021309,2021-11-19,4,5,7,2,7,45727,6028
2021310,2021-11-20,1,4,8,8,0,14880,6029
2021311,2021-11-21,8,0,5,5,8,80558,6030
2021312,2021-11-22,0,0,8,5,1,00851,6031
2021313,2021-11-23,5,9,3,9,2,59392,6032
2021314,2021-11-24,1,9,4,0,3,19403,6033
2021315,2021-11-25,4,8,4,8,5,48485,6034
2021316,2021-11-26,6,8,8,0,1,68801,6035
2021317,2021-11-27,3,5,5,3,2,35532,6036
2021318,2021-11-28,7,3,1,5,9,73159,6037
2021319,2021-11-29,0,8,6,2,1,08621,6038
2021320,2021-11-30,9,4,0,3,3,94033,6039
2021321,2021-12-01,9,7,7,7,4,97774,6040
2021322,2021-12-02,1,7,0,3,0,17030,6041
2021323,2021-12-03,4,5,4,5,6,45456,6042
2021324,2021-12-04,9,3,1,1,0,93110,6043
2021325,2021-12-05,6,1,2,9,7,61297,6044
2021326,2021-12-06,4,6,1,9,1,46191,6045
2021327,2021-12-07,3,2,8,0,5,32805,6046
2021328,2021-12-08,3,3,6,5,1,33651,6047
2021329,2021-12-09,1,3,1,5,4,13154,6048
2021330,2021-12-10,2,0,4,1,9,20419,6049
2021331,2021-12-11,9,4,9,7,9,94979,6050
2021332,2021-12-12,9,3,4,3,9,93439,6051
2021333,2021-12-13,4,0,4,5,2,40452,6052
2021334,2021-12-14,7,9,2,7,1,79271,6053
2021335,2021-12-15,1,1,0,5,6,11056,6054
2021336,2021-12-16,4,5,5,2,5,45525,6055
2021337,2021-12-17,7,2,2,7,1,72271,6056
2021338,2021-12-18,2,4,4,8,7,24487,6057
2021339,2021-12-19,1,8,9,6,2,18962,6058
2021340,2021-12-20,3,2,1,1,6,32116,6059
2021341,2021-12-21,7,0,3,3,5,70335,6060
2021342,2021-12-22,6,7,6,4,5,67645,6061
2021343,2021-12-23,8,8,0,8,5,88085,6062
2021344,2021-12-24,0,4,6,0,1,04601,6063
2021345,2021-12-25,5,0,8,6,5,50865,6064
2021346,2021-12-26,3,4,3,9,9,34399,6065
2021347,2021-12-27,8,3,9,8,7,83987,6066
2021348,2021-12-28,2,4,1,7,1,24171,6067
2021349,2021-12-29,2,9,0,4,1,29041,6068
2021350,2021-12-30,1,3,5,6,2,13562,6069
2021351,2021-12-31,2,6,4,5,6,26456,6070
2022001,2022-01-01,3,7,8,3,2,37832,6071
2022002,2022-01-02,2,8,7,6,7,28767,6072
2022003,2022-01-03,5,5,8,7,6,55876,6073
2022004,2022-01-04,0,9,9,4,2,09942,6074
2022005,2022-01-05,8,7,1,7,6,87176,6075
2022006,2022-01-06,4,3,8,9,5,43895,6076
2022007,2022-01-07,5,2,3,1,4,52314,6077
2022008,2022-01-08,8,4,2,9,8,84298,6078
2022009,2022-01-09,8,5,6,8,3,85683,6079
2022010,2022-01-10,6,4,8,0,4,64804,6080
2022011,2022-01-11,0,7,3,3,4,07334,6081
2022012,2022-01-12,5,0,5,4,1,50541,6082
2022013,2022-01-13,0,8,6,5,1,08651,6083
2022014,2022-01-14,7,8,8,4,6,78846,6084
2022015,2022-01-15,9,9,3,8,2,99382,6085
2022016,2022-01-16,9,4,7,9,1,94791,6086
2022017,2022-01-17,5,1,5,3,1,51531,6087
2022018,2022-01-18,7,2,9,9,2,72992,6088
2022019,2022-01-19,8,5,5,3,8,85538,6089
2022020,2022-01-20,5,1,5,3,0,51530,6090
2022021,2022-01-21,4,9,2,8,2,49282,6091
2022022,2022-01-22,9,7,4,5,8,97458,6092
2022023,2022-01-23,4,8,9,1,2,48912,6093
2022024,2022-01-24,5,0,3,8,0,50380,6094
2022025,2022-01-25,9,7,4,1,9,97419,6095
2022026,2022-01-26,6,1,8,7,0,61870,6096
2022027,2022-01-27,9,2,4,2,2,92422,6097
2022028,2022-01-28,9,6,1,0,9,96109,6098
2022029,2022-02-08,1,3,4,1,7,13417,6099
2022030,2022-02-09,4,6,0,8,9,46089,6100
2022031,2022-02-10,6,0,5,1,3,60513,6101
2022032,2022-02-11,7,0,3,2,5,70325,6102
2022033,2022-02-12,3,5,8,3,2,35832,6103
2022034,2022-02-13,9,2,2,6,5,92265,6104
2022035,2022-02-14,4,0,2,4,5,40245,6105
2022036,2022-02-15,0,8,7,4,3,08743,6106
2022037,2022-02-16,3,4,1,6,3,34163,6107
2022038,2022-02-17,3,9,3,4,2,39342,6108
2022039,2022-02-18,4,7,5,0,9,47509,6109
2022040,2022-02-19,5,9,1,0,8,59108,6110
2022041,2022-02-20,5,3,3,6,2,53362,6111
2022042,2022-02-21,5,0,0,9,8,50098,6112
2022043,2022-02-22,0,9,6,8,4,09684,6113
2022044,2022-02-23,5,3,8,0,4,53804,6114
2022045,2022-02-24,4,2,9,4,9,42949,6115
2022046,2022-02-25,3,8,7,3,7,38737,6116
2022047,2022-02-26,8,1,5,8,2,81582,6117
2022048,2022-02-27,7,1,2,3,0,71230,6118
2022049,2022-02-28,4,8,7,4,0,48740,6119
2022050,2022-03-01,0,7,0,7,4,07074,6120
2022051,2022-03-02,8,4,6,3,9,84639,6121
2022052,2022-03-03,4,6,6,0,2,46602,6122
2022053,2022-03-04,5,6,6,1,8,56618,6123
2022054,2022-03-05,2,6,9,0,3,26903,6124
2022055,2022-03-06,2,7,7,1,9,27719,6125
2022056,2022-03-07,0,9,9,5,9,09959,6126
2022057,2022-03-08,1,4,7,4,6,14746,6127
2022058,2022-03-09,0,4,7,9,2,04792,6128
2022059,2022-03-10,5,9,2,8,0,59280,6129
2022060,2022-03-11,2,1,0,6,2,21062,6130
2022061,2022-03-12,3,5,3,8,0,35380,6131
2022062,2022-03-13,8,9,2,3,0,89230,6132
2022063,2022-03-14,7,7,3,1,3,77313,6133
2022064,2022-03-15,6,1,5,6,1,61561,6134
2022065,2022-03-16,9,9,4,1,1,99411,6135
2022066,2022-03-17,4,0,8,7,0,40870,6136
2022067,2022-03-18,0,1,3,2,4,01324,6137
2022068,2022-03-19,7,1,7,3,1,71731,6138
2022069,2022-03-20,5,8,6,1,9,58619,6139
2022070,2022-03-21,7,0,2,6,9,70269,6140
2022071,2022-03-22,3,7,1,4,2,37142,6141
2022072,2022-03-23,6,8,3,6,4,68364,6142
2022073,2022-03-24,2,0,0,7,3,20073,6143
2022074,2022-03-25,0,8,9,7,5,08975,6144
2022075,2022-03-26,7,6,1,0,2,76102,6145
2022076,2022-03-27,1,7,1,7,4,17174,6146
2022077,2022-03-28,9,1,8,6,7,91867,6147
2022078,2022-03-29,3,5,2,3,7,35237,6148
2022079,2022-03-30,8,5,4,3,2,85432,6149
2022080,2022-03-31,4,5,0,3,2,45032,6150
2022081,2022-04-01,1,6,8,9,1,16891,6151
2022082,2022-04-02,6,7,8,0,3,67803,6152
2022083,2022-04-03,3,2,8,4,2,32842,6153
2022084,2022-04-04,9,4,6,4,7,94647,6154
2022085,2022-04-05,2,7,9,8,2,27982,6155
2022086,2022-04-06,9,3,5,2,5,93525,6156
2022087,2022-04-07,1,3,3,7,2,13372,6157
2022088,2022-04-08,9,0,7,6,0,90760,6158
2022089,2022-04-09,8,4,4,4,0,84440,6159
2022090,2022-04-10,5,7,9,4,9,57949,6160
2022091,2022-04-11,8,0,9,2,0,80920,6161
2022092,2022-04-12,8,1,8,4,0,81840,6162
2022093,2022-04-13,9,5,8,7,3,95873,6163
2022094,2022-04-14,4,8,8,9,4,48894,6164
2022095,2022-04-15,1,4,0,2,9,14029,6165
2022096,2022-04-16,8,2,4,4,0,82440,6166
2022097,2022-04-17,0,9,6,9,3,09693,6167
2022098,2022-04-18,9,1,5,1,7,91517,6168
2022099,2022-04-19,4,6,4,8,2,46482,6169
2022100,2022-04-20,4,4,4,7,5,44475,6170
2022101,2022-04-21,1,2,4,2,0,12420,6171
2022102,2022-04-22,3,4,5,0,1,34501,6172
2022103,2022-04-23,0,4,6,6,6,04666,6173
2022104,2022-04-24,0,8,3,7,0,08370,6174
2022105,2022-04-25,6,4,2,0,2,64202,6175
2022106,2022-04-26,6,2,5,3,2,62532,6176
2022107,2022-04-27,0,6,4,4,6,06446,6177
2022108,2022-04-28,4,1,5,1,8,41518,6178
2022109,2022-04-29,0,9,2,7,6,09276,6179
2022110,2022-04-30,8,9,3,8,6,89386,6180
2022111,2022-05-01,9,5,6,6,3,95663,6181
2022112,2022-05-02,7,6,2,8,5,76285,6182
2022113,2022-05-03,6,5,3,7,9,65379,6183
2022114,2022-05-04,9,9,7,3,9,99739,6184
2022115,2022-05-05,8,3,6,1,0,83610,6185
2022116,2022-05-06,7,0,7,5,9,70759,6186
2022117,2022-05-07,4,5,7,2,0,45720,6187
2022118,2022-05-08,4,7,0,6,4,47064,6188
2022119,2022-05-09,0,4,6,8,4,04684,6189
2022120,2022-05-10,9,3,9,4,4,93944,6190
2022121,2022-05-11,6,2,1,5,9,62159,6191
2022122,2022-05-12,3,5,7,8,0,35780,6192
2022123,2022-05-13,1,5,4,4,0,15440,6193
2022124,2022-05-14,2,2,4,9,8,22498,6194
2022125,2022-05-15,2,6,4,4,7,26447,6195
2022126,2022-05-16,2,5,9,3,8,25938,6196
2022127,2022-05-17,1,1,7,6,8,11768,6197
2022128,2022-05-18,8,4,3,0,6,84306,6198
2022129,2022-05-19,0,0,5,4,8,00548,6199
2022130,2022-05-20,3,9,5,5,7,39557,6200
2022131,2022-05-21,2,6,6,5,4,26654,6201
2022132,2022-05-22,7,8,2,1,6,78216,6202
2022133,2022-05-23,6,5,4,9,8,65498,6203
2022134,2022-05-24,2,2,9,4,9,22949,6204
2022135,2022-05-25,0,4,8,7,4,04874,6205
2022136,2022-05-26,6,5,6,1,1,65611,6206
2022137,2022-05-27,2,4,4,5,0,24450,6207
2022138,2022-05-28,4,2,6,5,7,42657,6208
2022139,2022-05-29,1,3,6,7,9,13679,6209
2022140,2022-05-30,2,7,7,0,7,27707,6210
2022141,2022-05-31,7,5,5,8,1,75581,6211
2022142,2022-06-01,5,6,3,9,1,56391,6212
2022143,2022-06-02,1,5,8,6,7,15867,6213
2022144,2022-06-03,0,1,6,6,1,01661,6214
2022145,2022-06-04,7,2,8,7,6,72876,6215
2022146,2022-06-05,1,9,4,0,4,19404,6216
2022147,2022-06-06,1,9,6,4,9,19649,6217
2022148,2022-06-07,4,0,8,2,6,40826,6218
2022149,2022-06-08,4,6,4,0,6,46406,6219
2022150,2022-06-09,8,8,7,5,2,88752,6220
2022151,2022-06-10,1,1,3,2,4,11324,6221
2022152,2022-06-11,0,4,4,6,4,04464,6222
2022153,2022-06-12,1,5,5,4,7,15547,6223
2022154,2022-06-13,4,0,6,2,2,40622,6224
2022155,2022-06-14,0,5,7,3,5,05735,6225
2022156,2022-06-15,7,8,9,3,1,78931,6226
2022157,2022-06-16,4,1,7,7,4,41774,6227
2022158,2022-06-17,8,9,1,2,1,89121,6228
2022159,2022-06-18,2,4,0,4,9,24049,6229
2022160,2022-06-19,0,4,4,8,3,04483,6230
2022161,2022-06-20,5,0,7,1,6,50716,6231
2022162,2022-06-21,7,0,7,7,7,70777,6232
2022163,2022-06-22,7,7,1,7,2,77172,6233
2022164,2022-06-23,1,8,9,3,8,18938,6234
2022165,2022-06-24,4,5,7,4,6,45746,6235
2022166,2022-06-25,4,5,1,2,1,45121,6236
2022167,2022-06-26,2,9,9,3,7,29937,6237
2022168,2022-06-27,5,5,3,9,9,55399,6238
2022169,2022-06-28,4,6,9,4,7,46947,6239
2022170,2022-06-29,7,8,9,5,8,78958,6240
2022171,2022-06-30,9,2,4,6,1,92461,6241
2022172,2022-07-01,3,4,2,8,3,34283,6242
2022173,2022-07-02,5,4,6,5,3,54653,6243
2022174,2022-07-03,2,8,4,6,0,28460,6244
2022175,2022-07-04,1,5,1,8,9,15189,6245
2022176,2022-07-05,4,1,6,6,1,41661,6246
2022177,2022-07-06,2,4,2,3,5,24235,6247
2022178,2022-07-07,9,2,1,1,8,92118,6248
2022179,2022-07-08,9,4,6,4,6,94646,6249
2022180,2022-07-09,3,1,2,9,1,31291,6250
2022181,2022-07-10,0,7,1,3,6,07136,6251
2022182,2022-07-11,4,0,6,6,2,40662,6252
2022183,2022-07-12,1,8,8,7,6,18876,6253
2022184,2022-07-13,9,6,6,3,7,96637,6254
2022185,2022-07-14,5,4,5,1,7,54517,6255
2022186,2022-07-15,1,5,3,3,0,15330,6256
2022187,2022-07-16,7,1,8,0,5,71805,6257
2022188,2022-07-17,4,8,1,0,3,48103,6258
2022189,2022-07-18,2,3,5,7,8,23578,6259
2022190,2022-07-19,7,4,8,3,6,74836,6260
2022191,2022-07-20,2,1,0,1,1,21011,6261
2022192,2022-07-21,6,8,1,2,0,68120,6262
2022193,2022-07-22,1,6,2,9,3,16293,6263
2022194,2022-07-23,7,8,0,8,2,78082,6264
2022195,2022-07-24,1,2,2,4,2,12242,6265
2022196,2022-07-25,1,2,3,6,5,12365,6266
2022197,2022-07-26,9,3,0,5,4,93054,6267
2022198,2022-07-27,0,3,7,3,2,03732,6268
2022199,2022-07-28,3,3,2,8,6,33286,6269
2022200,2022-07-29,3,0,3,6,0,30360,6270
2022201,2022-07-30,2,1,3,8,2,21382,6271
2022202,2022-07-31,9,0,2,8,4,90284,6272
2022203,2022-08-01,6,2,9,7,5,62975,6273
2022204,2022-08-02,6,6,6,2,0,66620,6274
2022205,2022-08-03,4,6,8,9,9,46899,6275
2022206,2022-08-04,2,2,2,1,0,22210,6276
2022207,2022-08-05,4,6,5,4,5,46545,6277
2022208,2022-08-06,6,3,2,8,2,63282,6278
2022209,2022-08-07,3,5,6,1,2,35612,6279
2022210,2022-08-08,6,3,0,2,5,63025,6280
2022211,2022-08-09,3,2,1,9,6,32196,6281
2022212,2022-08-10,6,4,4,2,4,64424,6282
2022213,2022-08-11,8,2,9,3,2,82932,6283
2022214,2022-08-12,8,2,2,2,7,82227,6284
2022215,2022-08-13,0,6,2,2,0,06220,6285
2022216,2022-08-14,7,6,2,5,8,76258,6286
2022217,2022-08-15,5,1,4,7,2,51472,6287
2022218,2022-08-16,7,4,5,2,9,74529,6288
2022219,2022-08-17,2,9,2,2,5,29225,6289
2022220,2022-08-18,3,8,0,8,6,38086,6290
2022221,2022-08-19,2,4,6,8,4,24684,6291
2022222,2022-08-20,2,9,1,4,5,29145,6292
2022223,2022-08-21,0,5,8,3,7,05837,6293
2022224,2022-08-22,8,9,7,6,0,89760,6294
2022225,2022-08-23,4,3,1,7,8,43178,6295
2022226,2022-08-24,9,8,9,0,6,98906,6296
2022227,2022-08-25,6,1,3,0,3,61303,6297
2022228,2022-08-26,5,4,4,1,8,54418,6298
2022229,2022-08-27,7,6,6,0,9,76609,6299
2022230,2022-08-28,9,0,1,9,6,90196,6300
2022231,2022-08-29,4,6,6,9,3,46693,6301
2022232,2022-08-30,6,4,2,3,2,64232,6302
2022233,2022-08-31,8,6,7,8,0,86780,6303
2022234,2022-09-01,8,8,7,9,3,88793,6304
2022235,2022-09-02,8,2,4,7,9,82479,6305
2022236,2022-09-03,8,8,5,3,1,88531,6306
2022237,2022-09-04,6,9,9,7,4,69974,6307
2022238,2022-09-05,6,2,2,6,6,62266,6308
2022239,2022-09-06,2,8,9,7,4,28974,6309
2022240,2022-09-07,1,9,5,8,9,19589,6310
2022241,2022-09-08,0,7,3,9,1,07391,6311
2022242,2022-09-09,0,8,9,8,3,08983,6312
2022243,2022-09-10,4,7,4,0,6,47406,6313
2022244,2022-09-11,1,2,4,4,4,12444,6314
2022245,2022-09-12,8,4,6,1,4,84614,6315
2022246,2022-09-13,8,3,2,5,1,83251,6316
2022247,2022-09-14,4,4,6,8,7,44687,6317
2022248,2022-09-15,0,4,9,9,9,04999,6318
2022249,2022-09-16,0,0,6,0,6,00606,6319
2022250,2022-09-17,0,1,5,0,1,01501,6320
2022251,2022-09-18,1,2,4,7,2,12472,6321
2022252,2022-09-19,1,6,7,2,4,16724,6322
2022253,2022-09-20,9,1,6,6,7,91667,6323
2022254,2022-09-21,7,3,5,1,7,73517,6324
2022255,2022-09-22,3,3,9,8,5,33985,6325
2022256,2022-09-23,4,0,5,6,3,40563,6326
2022257,2022-09-24,7,9,2,2,0,79220,6327
2022258,2022-09-25,1,9,6,1,4,19614,6328
2022259,2022-09-26,4,4,8,9,1,44891,6329
2022260,2022-09-27,4,6,9,7,1,46971,6330
2022261,2022-09-28,0,2,6,2,7,02627,6331
2022262,2022-09-29,3,2,9,9,8,32998,6332
2022263,2022-09-30,3,3,5,1,1,33511,6333
2022264,2022-10-05,7,8,6,0,7,78607,6334
2022265,2022-10-06,4,6,4,6,8,46468,6335
2022266,2022-10-07,2,1,0,4,7,21047,6336
2022267,2022-10-08,5,3,4,7,9,53479,6337
2022268,2022-10-09,3,8,4,6,1,38461,6338
2022269,2022-10-10,3,7,5,7,7,37577,6339
2022270,2022-10-11,2,2,7,3,4,22734,6340
2022271,2022-10-12,5,6,7,2,8,56728,6341
2022272,2022-10-13,3,2,9,2,9,32929,6342
2022273,2022-10-14,7,4,6,5,4,74654,6343
2022274,2022-10-15,0,6,5,5,7,06557,6344
2022275,2022-10-16,0,5,9,0,7,05907,6345
2022276,2022-10-17,7,6,1,3,2,76132,6346
2022277,2022-10-18,2,4,6,4,0,24640,6347
2022278,2022-10-19,4,9,2,9,3,49293,6348
2022279,2022-10-20,9,7,4,9,6,97496,6349
2022280,2022-10-21,1,3,3,5,4,13354,6350
2022281,2022-10-22,1,0,1,5,8,10158,6351
2022282,2022-10-23,8,9,6,3,2,89632,6352
2022283,2022-10-24,8,2,0,9,4,82094,6353
2022284,2022-10-25,7,5,2,7,6,75276,6354
2022285,2022-10-26,4,3,6,4,1,43641,6355
2022286,2022-10-27,9,8,0,7,5,98075,6356
2022287,2022-10-28,7,4,6,4,9,74649,6357
2022288,2022-10-29,5,6,1,5,4,56154,6358
2022289,2022-10-30,7,6,9,7,7,76977,6359
2022290,2022-10-31,8,3,7,2,3,83723,6360
2022291,2022-11-01,6,3,3,7,9,63379,6361
2022292,2022-11-02,9,7,7,7,6,97776,6362
2022293,2022-11-03,3,8,5,3,9,38539,6363
2022294,2022-11-04,6,6,6,3,7,66637,6364
2022295,2022-11-05,6,0,8,0,8,60808,6365
2022296,2022-11-06,0,0,9,2,6,00926,6366
2022297,2022-11-07,1,1,1,9,5,11195,6367
2022298,2022-11-08,8,7,2,1,9,87219,6368
2022299,2022-11-09,2,9,9,5,0,29950,6369
2022300,2022-11-10,0,9,4,2,9,09429,6370
2022301,2022-11-11,1,8,1,9,7,18197,6371
2022302,2022-11-12,8,7,5,7,9,87579,6372
2022303,2022-11-13,5,3,3,3,7,53337,6373
2022304,2022-11-14,1,7,4,4,4,17444,6374
2022305,2022-11-15,0,4,8,0,9,04809,6375
2022306,2022-11-16,5,5,9,2,6,55926,6376
2022307,2022-11-17,3,7,2,3,1,37231,6377
2022308,2022-11-18,2,1,6,0,6,21606,6378
2022309,2022-11-19,0,4,1,3,8,04138,6379
2022310,2022-11-20,2,5,7,6,7,25767,6380
2022311,2022-11-21,6,8,2,9,9,68299,6381
2022312,2022-11-22,1,3,2,6,8,13268,6382
2022313,2022-11-23,1,6,9,8,5,16985,6383
2022314,2022-11-24,7,1,5,3,4,71534,6384
2022315,2022-11-25,5,6,2,2,5,56225,6385
2022316,2022-11-26,2,8,0,5,7,28057,6386
2022317,2022-11-27,2,6,8,5,0,26850,6387
2022318,2022-11-28,0,2,1,0,3,02103,6388
2022319,2022-11-29,0,6,9,8,2,06982,6389
2022320,2022-11-30,7,4,7,4,0,74740,6390
2022321,2022-12-01,8,6,1,2,3,86123,6391
2022322,2022-12-02,3,3,5,5,2,33552,6392
2022323,2022-12-03,7,1,2,3,8,71238,6393
2022324,2022-12-04,8,4,9,9,8,84998,6394
2022325,2022-12-05,7,6,0,1,9,76019,6395
2022326,2022-12-06,2,8,9,4,7,28947,6396
2022327,2022-12-07,2,8,9,4,8,28948,6397
2022328,2022-12-08,6,2,0,2,9,62029,6398
2022329,2022-12-09,1,6,7,5,5,16755,6399
2022330,2022-12-10,2,2,1,7,8,22178,6400
2022331,2022-12-11,8,0,8,6,8,80868,6401
2022332,2022-12-12,4,2,2,5,4,42254,6402
2022333,2022-12-13,8,5,1,9,3,85193,6403
2022334,2022-12-14,3,8,3,5,0,38350,6404
2022335,2022-12-15,0,1,4,6,5,01465,6405
2022336,2022-12-16,3,8,7,1,2,38712,6406
2022337,2022-12-17,2,1,7,7,1,21771,6407
2022338,2022-12-18,4,1,6,5,6,41656,6408
2022339,2022-12-19,5,2,5,5,8,52558,6409
2022340,2022-12-20,2,8,7,4,8,28748,6410
2022341,2022-12-21,0,8,4,8,1,08481,6411
2022342,2022-12-22,3,8,3,1,4,38314,6412
2022343,2022-12-23,3,8,2,4,9,38249,6413
2022344,2022-12-24,2,0,9,6,5,20965,6414
2022345,2022-12-25,4,6,0,8,0,46080,6415
2022346,2022-12-26,5,3,8,9,0,53890,6416
2022347,2022-12-27,9,2,5,9,4,92594,6417
2022348,2022-12-28,7,3,9,4,6,73946,6418
2022349,2022-12-29,4,9,1,7,6,49176,6419
2022350,2022-12-30,2,8,6,3,9,28639,6420
2022351,2022-12-31,0,9,2,5,5,09255,6421
2023001,2023-01-01,4,5,8,5,3,45853,6422
2023002,2023-01-02,0,7,0,7,7,07077,6423
2023003,2023-01-03,9,0,0,0,9,90009,6424
2023004,2023-01-04,1,3,6,5,1,13651,6425
2023005,2023-01-05,4,2,0,8,2,42082,6426
2023006,2023-01-06,7,5,6,6,4,75664,6427
2023007,2023-01-07,3,1,5,6,8,31568,6428
2023008,2023-01-08,9,7,2,2,7,97227,6429
2023009,2023-01-09,2,2,1,0,4,22104,6430
2023010,2023-01-10,8,8,8,8,6,88886,6431
2023011,2023-01-11,0,8,3,4,9,08349,6432
2023012,2023-01-12,7,8,0,5,8,78058,6433
2023013,2023-01-13,2,8,2,9,4,28294,6434
2023014,2023-01-14,0,2,2,3,7,02237,6435
2023015,2023-01-15,6,0,6,0,7,60607,6436
2023016,2023-01-16,7,1,4,8,1,71481,6437
2023017,2023-01-17,1,7,2,0,4,17204,6438
2023018,2023-01-18,2,3,7,0,4,23704,6439
2023019,2023-01-29,7,9,0,7,9,79079,6440
2023020,2023-01-30,4,8,8,9,9,48899,6441
2023021,2023-01-31,9,1,1,7,9,91179,6442
2023022,2023-02-01,1,1,4,3,1,11431,6443
2023023,2023-02-02,3,4,2,8,5,34285,6444
2023024,2023-02-03,0,6,0,2,0,06020,6445
2023025,2023-02-04,3,5,7,1,3,35713,6446
2023026,2023-02-05,6,6,5,8,8,66588,6447
2023027,2023-02-06,3,4,8,0,6,34806,6448
2023028,2023-02-07,1,2,7,8,5,12785,6449
2023029,2023-02-08,4,9,9,9,7,49997,6450
2023030,2023-02-09,7,5,4,4,2,75442,6451
2023031,2023-02-10,9,7,5,9,8,97598,6452
2023032,2023-02-11,0,9,0,7,5,09075,6453
2023033,2023-02-12,6,7,9,0,6,67906,6454
2023034,2023-02-13,9,0,1,8,3,90183,6455
2023035,2023-02-14,6,4,9,6,9,64969,6456
2023036,2023-02-15,6,5,6,3,0,65630,6457
2023037,2023-02-16,7,7,1,0,0,77100,6458
2023038,2023-02-17,0,9,1,6,3,09163,6459
2023039,2023-02-18,7,6,3,0,8,76308,6460
2023040,2023-02-19,3,3,4,8,7,33487,6461
2023041,2023-02-20,6,0,8,8,2,60882,6462
2023042,2023-02-21,2,3,1,8,4,23184,6463
2023043,2023-02-22,5,6,8,6,2,56862,6464
2023044,2023-02-23,0,8,2,5,7,08257,6465
2023045,2023-02-24,6,5,9,0,4,65904,6466
2023046,2023-02-25,8,8,5,7,3,88573,6467
2023047,2023-02-26,5,7,8,3,9,57839,6468
2023048,2023-02-27,5,8,1,5,4,58154,6469
2023049,2023-02-28,9,2,8,4,2,92842,6470
2023050,2023-03-01,7,1,4,5,8,71458,6471
2023051,2023-03-02,9,4,0,9,9,94099,6472
2023052,2023-03-03,3,8,3,5,6,38356,6473
2023053,2023-03-04,3,6,4,4,4,36444,6474
2023054,2023-03-05,3,4,8,0,4,34804,6475
2023055,2023-03-06,8,8,2,9,2,88292,6476
2023056,2023-03-07,1,0,8,3,7,10837,6477
2023057,2023-03-08,4,6,4,5,4,46454,6478
2023058,2023-03-09,6,9,3,3,0,69330,6479
2023059,2023-03-10,5,1,8,2,5,51825,6480
2023060,2023-03-11,7,9,2,6,9,79269,6481
2023061,2023-03-12,7,1,1,7,1,71171,6482
2023062,2023-03-13,0,0,6,9,6,00696,6483
2023063,2023-03-14,4,3,7,6,4,43764,6484
2023064,2023-03-15,0,6,5,9,9,06599,6485
2023065,2023-03-16,4,6,8,5,3,46853,6486
2023066,2023-03-17,5,5,0,5,4,55054,6487
2023067,2023-03-18,8,5,4,2,6,85426,6488
2023068,2023-03-19,3,6,6,1,5,36615,6489
2023069,2023-03-20,9,3,2,8,6,93286,6490
2023070,2023-03-21,5,6,7,9,4,56794,6491
2023071,2023-03-22,0,1,7,2,3,01723,6492
2023072,2023-03-23,4,4,7,7,1,44771,6493
2023073,2023-03-24,1,3,0,9,0,13090,6494
2023074,2023-03-25,0,7,1,7,4,07174,6495
2023075,2023-03-26,7,3,8,7,4,73874,6496
2023076,2023-03-27,5,0,3,0,0,50300,6497
2023077,2023-03-28,2,0,9,8,1,20981,6498
2023078,2023-03-29,3,1,6,4,1,31641,6499
2023079,2023-03-30,0,1,4,8,6,01486,6500
2023080,2023-03-31,4,8,4,7,4,48474,6501
2023081,2023-04-01,9,7,8,4,6,97846,6502
2023082,2023-04-02,7,3,9,8,0,73980,6503
2023083,2023-04-03,0,2,4,8,9,02489,6504
2023084,2023-04-04,0,5,5,6,4,05564,6505
2023085,2023-04-05,5,5,7,3,4,55734,6506
2023086,2023-04-06,9,1,5,5,0,91550,6507
2023087,2023-04-07,3,2,9,2,3,32923,6508
2023088,2023-04-08,2,9,2,3,2,29232,6509
2023089,2023-04-09,9,4,0,1,0,94010,6510
2023090,2023-04-10,5,8,5,9,7,58597,6511
2023091,2023-04-11,7,9,5,4,4,79544,6512
2023092,2023-04-12,8,8,3,3,0,88330,6513
2023093,2023-04-13,5,3,6,6,1,53661,6514
2023094,2023-04-14,5,3,3,0,5,53305,6515
2023095,2023-04-15,4,8,8,0,3,48803,6516
2023096,2023-04-16,7,6,3,8,1,76381,6517
2023097,2023-04-17,6,8,5,5,8,68558,6518
2023098,2023-04-18,2,2,3,8,1,22381,6519
2023099,2023-04-19,5,5,1,4,1,55141,6520
2023100,2023-04-20,6,3,2,8,8,63288,6521
2023101,2023-04-21,5,3,1,3,3,53133,6522
2023102,2023-04-22,7,0,4,0,0,70400,6523
2023103,2023-04-23,9,7,6,6,1,97661,6524
2023104,2023-04-24,6,4,3,8,1,64381,6525
2023105,2023-04-25,5,7,0,6,3,57063,6526
2023106,2023-04-26,2,8,2,5,5,28255,6527
2023107,2023-04-27,5,1,9,6,1,51961,6528
2023108,2023-04-28,4,7,7,1,6,47716,6529
2023109,2023-04-29,3,0,3,9,0,30390,6530
2023110,2023-04-30,4,3,3,0,3,43303,6531
2023111,2023-05-01,6,5,9,2,4,65924,6532
2023112,2023-05-02,1,2,7,5,3,12753,6533
2023113,2023-05-03,2,2,4,2,0,22420,6534
2023114,2023-05-04,8,1,0,0,5,81005,6535
2023115,2023-05-05,5,2,7,4,6,52746,6536
2023116,2023-05-06,9,2,0,6,7,92067,6537
2023117,2023-05-07,4,9,3,1,2,49312,6538
2023118,2023-05-08,6,4,6,4,4,64644,6539
2023119,2023-05-09,0,5,6,7,2,05672,6540
2023120,2023-05-10,0,9,1,9,5,09195,6541
2023121,2023-05-11,6,6,8,5,5,66855,6542
2023122,2023-05-12,8,2,7,5,9,82759,6543
2023123,2023-05-13,5,5,7,1,3,55713,6544
2023124,2023-05-14,0,7,1,2,9,07129,6545
2023125,2023-05-15,5,5,8,3,5,55835,6546
2023126,2023-05-16,9,8,4,8,4,98484,6547
2023127,2023-05-17,1,1,0,1,4,11014,6548
2023128,2023-05-18,8,1,0,1,9,81019,6549
2023129,2023-05-19,3,3,4,9,6,33496,6550
2023130,2023-05-20,5,2,1,3,4,52134,6551
2023131,2023-05-21,5,8,3,2,8,58328,6552
2023132,2023-05-22,0,1,0,4,3,01043,6553
2023133,2023-05-23,4,3,4,4,6,43446,6554
2023134,2023-05-24,2,2,0,1,5,22015,6555
2023135,2023-05-25,4,6,7,3,0,46730,6556
2023136,2023-05-26,9,2,9,3,4,92934,6557
2023137,2023-05-27,7,9,1,4,9,79149,6558
2023138,2023-05-28,4,4,0,6,9,44069,6559
2023139,2023-05-29,4,2,9,0,5,42905,6560
2023140,2023-05-30,0,9,3,7,6,09376,6561
2023141,2023-05-31,7,4,3,5,5,74355,6562
2023142,2023-06-01,1,6,7,0,2,16702,6563
2023143,2023-06-02,8,4,8,5,2,84852,6564
2023144,2023-06-03,5,6,3,9,3,56393,6565
2023145,2023-06-04,8,8,3,7,8,88378,6566
2023146,2023-06-05,5,8,7,7,0,58770,6567
2023147,2023-06-06,8,6,3,4,1,86341,6568
2023148,2023-06-07,3,3,6,9,9,33699,6569
2023149,2023-06-08,0,2,5,5,8,02558,6570
2023150,2023-06-09,0,3,9,0,7,03907,6571
2023151,2023-06-10,3,8,3,3,0,38330,6572
2023152,2023-06-11,3,1,8,9,7,31897,6573
2023153,2023-06-12,7,5,0,3,8,75038,6574
2023154,2023-06-13,4,3,3,5,0,43350,6575
2023155,2023-06-14,8,5,3,8,9,85389,6576
2023156,2023-06-15,2,5,1,5,1,25151,6577
2023157,2023-06-16,7,8,6,4,2,78642,6578
2023158,2023-06-17,4,4,7,4,8,44748,6579
2023159,2023-06-18,3,1,9,2,7,31927,6580
2023160,2023-06-19,3,9,3,4,1,39341,6581
2023161,2023-06-20,5,3,6,7,1,53671,6582
2023162,2023-06-21,0,9,4,9,6,09496,6583
2023163,2023-06-22,1,2,7,0,4,12704,6584
2023164,2023-06-23,2,1,5,5,2,21552,6585
2023165,2023-06-24,2,5,1,0,6,25106,6586
2023166,2023-06-25,1,2,8,3,7,12837,6587
2023167,2023-06-26,1,9,0,9,7,19097,6588
2023168,2023-06-27,9,3,3,1,3,93313,6589
2023169,2023-06-28,7,2,1,1,1,72111,6590
2023170,2023-06-29,0,8,2,2,1,08221,6591
2023171,2023-06-30,2,2,5,4,2,22542,6592
2023172,2023-07-01,7,8,0,7,8,78078,6593
2023173,2023-07-02,0,1,3,4,4,01344,6594
2023174,2023-07-03,8,2,9,6,7,82967,6595
2023175,2023-07-04,2,8,0,8,1,28081,6596
2023176,2023-07-05,0,7,1,2,6,07126,6597
2023177,2023-07-06,7,0,9,7,4,70974,6598
2023178,2023-07-07,7,1,1,2,1,71121,6599
2023179,2023-07-08,4,9,9,0,0,49900,6600
2023180,2023-07-09,6,8,7,6,0,68760,6601
2023181,2023-07-10,7,7,9,0,3,77903,6602
2023182,2023-07-11,1,2,1,9,4,12194,6603
2023183,2023-07-12,8,0,6,9,0,80690,6604
2023184,2023-07-13,9,6,4,3,0,96430,6605
2023185,2023-07-14,4,6,8,4,8,46848,6606
2023186,2023-07-15,7,0,7,1,8,70718,6607
2023187,2023-07-16,7,6,5,2,5,76525,6608
2023188,2023-07-17,2,8,4,4,8,28448,6609
2023189,2023-07-18,0,7,0,5,5,07055,6610
2023190,2023-07-19,6,0,0,1,5,60015,6611
2023191,2023-07-20,3,6,0,7,1,36071,6612
2023192,2023-07-21,2,1,4,8,4,21484,6613
2023193,2023-07-22,4,1,9,9,7,41997,6614
2023194,2023-07-23,3,0,3,7,8,30378,6615
2023195,2023-07-24,3,6,7,0,0,36700,6616
2023196,2023-07-25,8,0,0,6,6,80066,6617
2023197,2023-07-26,3,0,7,2,9,30729,6618
2023198,2023-07-27,0,7,9,0,1,07901,6619
2023199,2023-07-28,7,2,3,2,0,72320,6620
2023200,2023-07-29,5,1,4,9,8,51498,6621
2023201,2023-07-30,7,3,4,8,9,73489,6622
2023202,2023-07-31,7,5,8,3,8,75838,6623
2023203,2023-08-01,1,4,0,5,1,14051,6624
2023204,2023-08-02,0,1,4,1,4,01414,6625
2023205,2023-08-03,0,9,7,2,8,09728,6626
2023206,2023-08-04,4,4,8,4,4,44844,6627
2023207,2023-08-05,1,2,6,7,7,12677,6628
2023208,2023-08-06,6,6,9,7,1,66971,6629
2023209,2023-08-07,2,1,7,6,3,21763,6630
2023210,2023-08-08,9,3,6,0,6,93606,6631
2023211,2023-08-09,7,9,2,9,8,79298,6632
2023212,2023-08-10,8,5,3,0,1,85301,6633
2023213,2023-08-11,0,7,7,3,8,07738,6634
2023214,2023-08-12,1,0,1,3,6,10136,6635
2023215,2023-08-13,4,8,0,3,2,48032,6636
2023216,2023-08-14,1,3,8,9,7,13897,6637
2023217,2023-08-15,7,4,8,8,3,74883,6638
2023218,2023-08-16,9,4,2,8,8,94288,6639
2023219,2023-08-17,7,3,8,3,2,73832,6640
2023220,2023-08-18,0,3,5,6,4,03564,6641
2023221,2023-08-19,6,4,9,9,5,64995,6642
2023222,2023-08-20,9,7,7,1,8,97718,6643
2023223,2023-08-21,7,4,0,3,9,74039,6644
2023224,2023-08-22,3,7,4,7,8,37478,6645
2023225,2023-08-23,1,1,8,7,8,11878,6646
2023226,2023-08-24,5,3,5,8,1,53581,6647
2023227,2023-08-25,9,0,1,7,8,90178,6648
2023228,2023-08-26,7,7,3,1,7,77317,6649
2023229,2023-08-27,6,7,8,9,0,67890,6650
2023230,2023-08-28,9,4,9,7,4,94974,6651
2023231,2023-08-29,3,6,5,7,5,36575,6652
2023232,2023-08-30,8,6,0,6,9,86069,6653
2023233,2023-08-31,1,2,4,0,6,12406,6654
2023234,2023-09-01,8,0,5,3,7,80537,6655
2023235,2023-09-02,4,2,4,8,5,42485,6656
2023236,2023-09-03,2,7,0,6,6,27066,6657
2023237,2023-09-04,7,9,8,8,6,79886,6658
2023238,2023-09-05,5,6,2,3,1,56231,6659
2023239,2023-09-06,4,4,0,0,8,44008,6660
2023240,2023-09-07,7,0,2,1,2,70212,6661
2023241,2023-09-08,9,3,5,1,4,93514,6662
2023242,2023-09-09,9,8,7,9,8,98798,6663
2023243,2023-09-10,9,6,6,0,6,96606,6664
2023244,2023-09-11,3,1,5,2,4,31524,6665
2023245,2023-09-12,4,8,0,8,1,48081,6666
2023246,2023-09-13,4,2,2,7,5,42275,6667
2023247,2023-09-14,9,3,7,2,6,93726,6668
2023248,2023-09-15,6,9,6,4,5,69645,6669
2023249,2023-09-16,0,3,9,6,9,03969,6670
2023250,2023-09-17,1,8,0,9,6,18096,6671
2023251,2023-09-18,7,3,6,3,6,73636,6672
2023252,2023-09-19,9,6,1,0,9,96109,6673
2023253,2023-09-20,9,8,6,4,1,98641,6674
2023254,2023-09-21,9,9,1,7,1,99171,6675
2023255,2023-09-22,0,5,6,3,7,05637,6676
2023256,2023-09-23,8,4,0,7,1,84071,6677
2023257,2023-09-24,9,0,8,7,7,90877,6678
2023258,2023-09-25,9,1,5,3,1,91531,6679
2023259,2023-09-26,0,8,8,8,6,08886,6680
2023260,2023-09-27,2,4,7,9,4,24794,6681
2023261,2023-09-28,9,3,0,7,0,93070,6682
2023262,2023-09-29,7,1,7,3,7,71737,6683
2023263,2023-09-30,9,9,3,0,2,99302,6684
2023264,2023-10-05,9,2,5,4,7,92547,6685
2023265,2023-10-06,2,2,4,0,2,22402,6686
2023266,2023-10-07,1,3,3,6,7,13367,6687
2023267,2023-10-08,5,5,4,5,5,55455,6688
2023268,2023-10-09,9,7,5,3,1,97531,6689
2023269,2023-10-10,2,3,4,1,5,23415,6690
2023270,2023-10-11,3,5,5,3,6,35536,6691
2023271,2023-10-12,0,9,6,7,5,09675,6692
2023272,2023-10-13,4,1,9,0,0,41900,6693
2023273,2023-10-14,1,2,1,4,9,12149,6694
2023274,2023-10-15,6,6,9,9,3,66993,6695
2023275,2023-10-16,9,8,4,2,7,98427,6696
2023276,2023-10-17,6,0,6,2,4,60624,6697
2023277,2023-10-18,0,2,8,1,3,02813,6698
2023278,2023-10-19,0,7,0,5,3,07053,6699
2023279,2023-10-20,3,9,1,1,6,39116,6700
2023280,2023-10-21,6,0,1,3,3,60133,6701
2023281,2023-10-22,3,4,4,7,8,34478,6702
2023282,2023-10-23,3,0,8,3,5,30835,6703
2023283,2023-10-24,0,2,9,5,2,02952,6704
2023284,2023-10-25,3,8,2,6,9,38269,6705
2023285,2023-10-26,7,1,6,3,1,71631,6706
2023286,2023-10-27,1,1,6,0,4,11604,6707
2023287,2023-10-28,8,9,4,8,1,89481,6708
2023288,2023-10-29,3,1,4,2,6,31426,6709
2023289,2023-10-30,9,9,8,9,3,99893,6710
2023290,2023-10-31,1,5,4,7,2,15472,6711
2023291,2023-11-01,1,5,0,1,0,15010,6712
2023292,2023-11-02,9,6,8,8,8,96888,6713
2023293,2023-11-03,4,3,4,1,1,43411,6714
2023294,2023-11-04,6,6,7,6,7,66767,6715
2023295,2023-11-05,8,8,2,8,5,88285,6716
2023296,2023-11-06,8,0,7,4,5,80745,6717
2023297,2023-11-07,7,6,1,5,7,76157,6718
2023298,2023-11-08,3,6,5,9,1,36591,6719
2023299,2023-11-09,8,0,8,3,9,80839,6720
2023300,2023-11-10,2,9,6,5,7,29657,6721
2023301,2023-11-11,0,4,1,8,6,04186,6722
2023302,2023-11-12,1,6,1,6,0,16160,6723
2023303,2023-11-13,5,7,2,8,9,57289,6724
2023304,2023-11-14,7,2,8,4,5,72845,6725
2023305,2023-11-15,6,7,9,1,8,67918,6726
2023306,2023-11-16,3,3,0,8,7,33087,6727
2023307,2023-11-17,9,3,6,9,2,93692,6728
2023308,2023-11-18,6,1,9,5,0,61950,6729
2023309,2023-11-19,3,2,9,9,7,32997,6730
2023310,2023-11-20,4,1,7,6,8,41768,6731
2023311,2023-11-21,5,8,3,9,9,58399,6732
2023312,2023-11-22,4,4,2,6,3,44263,6733
2023313,2023-11-23,4,1,4,3,5,41435,6734
2023314,2023-11-24,3,5,5,0,8,35508,6735
2023315,2023-11-25,7,4,7,5,4,74754,6736
2023316,2023-11-26,2,3,4,1,7,23417,6737
2023317,2023-11-27,3,9,7,0,8,39708,6738
2023318,2023-11-28,7,9,0,0,5,79005,6739
2023319,2023-11-29,9,6,5,9,8,96598,6740
2023320,2023-11-30,6,9,7,7,1,69771,6741
2023321,2023-12-01,2,1,1,1,3,21113,6742
2023322,2023-12-02,1,7,4,2,8,17428,6743
2023323,2023-12-03,9,4,5,5,0,94550,6744
2023324,2023-12-04,6,0,2,4,6,60246,6745
2023325,2023-12-05,7,1,7,9,3,71793,6746
2023326,2023-12-06,7,9,0,1,8,79018,6747
2023327,2023-12-07,3,1,4,7,2,31472,6748
2023328,2023-12-08,8,8,2,1,2,88212,6749
2023329,2023-12-09,2,8,9,5,9,28959,6750
2023330,2023-12-10,5,3,1,8,5,53185,6751
2023331,2023-12-11,4,0,2,1,5,40215,6752
2023332,2023-12-12,6,6,7,2,6,66726,6753
2023333,2023-12-13,9,8,9,4,0,98940,6754
2023334,2023-12-14,5,8,7,9,3,58793,6755
2023335,2023-12-15,0,4,7,3,9,04739,6756
2023336,2023-12-16,8,2,1,6,2,82162,6757
2023337,2023-12-17,8,4,6,5,4,84654,6758
2023338,2023-12-18,3,8,0,1,9,38019,6759
2023339,2023-12-19,4,8,2,8,6,48286,6760
2023340,2023-12-20,0,8,9,9,6,08996,6761
2023341,2023-12-21,3,4,1,5,8,34158,6762
2023342,2023-12-22,9,7,8,1,5,97815,6763
2023343,2023-12-23,7,3,0,6,1,73061,6764
2023344,2023-12-24,8,0,1,7,3,80173,6765
2023345,2023-12-25,6,7,8,7,8,67878,6766
2023346,2023-12-26,2,5,8,0,3,25803,6767
2023347,2023-12-27,7,4,2,1,6,74216,6768
2023348,2023-12-28,5,9,7,1,6,59716,6769
2023349,2023-12-29,9,2,3,2,1,92321,6770
2023350,2023-12-30,1,9,7,9,4,19794,6771
2023351,2023-12-31,5,7,1,8,0,57180,6772
2024001,2024-01-01,4,0,3,3,9,40339,6773
2024002,2024-01-02,5,4,4,4,4,54444,6774
2024003,2024-01-03,6,6,6,3,3,66633,6775
2024004,2024-01-04,6,6,5,9,6,66596,6776
2024005,2024-01-05,2,5,9,4,6,25946,6777
2024006,2024-01-06,2,8,4,7,7,28477,6778
2024007,2024-01-07,8,8,8,9,8,88898,6779
2024008,2024-01-08,4,0,5,0,5,40505,6780
2024009,2024-01-09,8,1,5,0,3,81503,6781
2024010,2024-01-10,2,8,1,3,2,28132,6782
2024011,2024-01-11,0,8,0,8,8,08088,6783
2024012,2024-01-12,0,8,1,5,2,08152,6784
2024013,2024-01-13,9,8,5,7,5,98575,6785
2024014,2024-01-14,1,8,7,7,6,18776,6786
2024015,2024-01-15,4,7,5,6,5,47565,6787
2024016,2024-01-16,7,0,2,5,3,70253,6788
2024017,2024-01-17,5,5,5,5,5,55555,6789
2024018,2024-01-18,8,5,9,4,2,85942,6790
2024019,2024-01-19,3,1,3,8,4,31384,6791
2024020,2024-01-20,4,0,6,5,7,40657,6792
2024021,2024-01-21,3,7,0,7,2,37072,6793
2024022,2024-01-22,1,2,4,0,6,12406,6794
2024023,2024-01-23,7,9,3,4,8,79348,6795
2024024,2024-01-24,1,9,9,7,9,19979,6796
2024025,2024-01-25,3,1,4,9,7,31497,6797
2024026,2024-01-26,7,5,1,0,2,75102,6798
2024027,2024-01-27,5,0,2,4,2,50242,6799
2024028,2024-01-28,2,5,9,3,9,25939,6800
2024029,2024-01-29,5,7,5,4,8,57548,6801
2024030,2024-01-30,9,5,1,4,7,95147,6802
2024031,2024-01-31,6,8,2,4,0,68240,6803
2024032,2024-02-01,8,0,5,2,6,80526,6804
2024033,2024-02-02,7,3,9,3,6,73936,6805
2024034,2024-02-03,0,1,7,3,3,01733,6806
2024035,2024-02-04,3,0,6,5,3,30653,6807
2024036,2024-02-05,5,4,7,9,1,54791,6808
2024037,2024-02-06,9,1,0,7,6,91076,6809
2024038,2024-02-07,5,2,9,4,6,52946,6810
2024039,2024-02-18,5,0,8,6,8,50868,6811
2024040,2024-02-19,5,1,4,7,7,51477,6812
2024041,2024-02-20,9,0,5,5,8,90558,6813
2024042,2024-02-21,3,4,2,7,6,34276,6814
2024043,2024-02-22,2,9,6,0,8,29608,6815
2024044,2024-02-23,8,8,5,2,8,88528,6816
2024045,2024-02-24,7,5,7,8,3,75783,6817
2024046,2024-02-25,7,0,2,6,3,70263,6818
2024047,2024-02-26,7,6,0,8,8,76088,6819
2024048,2024-02-27,3,9,6,3,5,39635,6820
2024049,2024-02-28,6,3,1,0,1,63101,6821
2024050,2024-02-29,4,9,5,9,5,49595,6822
2024051,2024-03-01,6,7,4,7,5,67475,6823
2024052,2024-03-02,9,9,5,0,5,99505,6824
2024053,2024-03-03,9,5,8,2,8,95828,6825
2024054,2024-03-04,2,2,1,8,7,22187,6826
2024055,2024-03-05,1,7,3,3,3,17333,6827
2024056,2024-03-06,7,8,8,3,0,78830,6828
2024057,2024-03-07,7,6,5,8,5,76585,6829
2024058,2024-03-08,0,6,5,4,8,06548,6830
2024059,2024-03-09,6,2,9,7,9,62979,6831
2024060,2024-03-10,3,5,7,2,6,35726,6832
2024061,2024-03-11,2,5,0,7,0,25070,6833
2024062,2024-03-12,7,8,4,5,5,78455,6834
2024063,2024-03-13,6,5,1,9,0,65190,6835
2024064,2024-03-14,1,3,2,2,8,13228,6836
2024065,2024-03-15,9,0,3,7,6,90376,6837
2024066,2024-03-16,8,0,3,8,3,80383,6838
2024067,2024-03-17,5,4,9,6,9,54969,6839
2024068,2024-03-18,2,3,9,8,1,23981,6840
2024069,2024-03-19,4,1,1,0,9,41109,6841
2024070,2024-03-20,8,9,1,0,3,89103,6842
2024071,2024-03-21,2,5,8,2,0,25820,6843
2024072,2024-03-22,3,4,1,5,3,34153,6844
2024073,2024-03-23,5,9,0,4,3,59043,6845
2024074,2024-03-24,6,2,9,5,2,62952,6846
2024075,2024-03-25,2,8,5,0,8,28508,6847
2024076,2024-03-26,9,6,8,7,5,96875,6848
2024077,2024-03-27,6,2,6,8,5,62685,6849
2024078,2024-03-28,1,2,6,8,0,12680,6850
2024079,2024-03-29,8,8,9,0,8,88908,6851
2024080,2024-03-30,0,1,2,6,4,01264,6852
2024081,2024-03-31,9,2,8,5,1,92851,6853
2024082,2024-04-01,5,7,1,5,4,57154,6854
2024083,2024-04-02,2,3,2,1,9,23219,6855
2024084,2024-04-03,5,4,9,4,7,54947,6856
2024085,2024-04-04,4,9,3,6,1,49361,6857
2024086,2024-04-05,2,7,8,3,5,27835,6858
2024087,2024-04-06,1,6,1,0,7,16107,6859
2024088,2024-04-07,8,1,9,5,2,81952,6860
2024089,2024-04-08,1,1,7,0,4,11704,6861
2024090,2024-04-09,2,0,6,2,6,20626,6862
2024091,2024-04-10,1,9,6,5,1,19651,6863
2024092,2024-04-11,1,5,0,4,4,15044,6864
2024093,2024-04-12,9,3,5,3,8,93538,6865
2024094,2024-04-13,2,7,1,7,6,27176,6866
2024095,2024-04-14,1,7,5,4,3,17543,6867
2024096,2024-04-15,4,6,3,5,2,46352,6868
2024097,2024-04-16,8,6,3,7,2,86372,6869
2024098,2024-04-17,2,4,7,0,5,24705,6870
2024099,2024-04-18,1,0,2,5,4,10254,6871
2024100,2024-04-19,1,5,7,7,1,15771,6872
2024101,2024-04-20,0,3,0,7,4,03074,6873
2024102,2024-04-21,2,1,5,3,6,21536,6874
2024103,2024-04-22,5,5,1,2,0,55120,6875
2024104,2024-04-23,4,7,4,2,8,47428,6876
2024105,2024-04-24,2,1,0,1,5,21015,6877
2024106,2024-04-25,5,3,3,2,3,53323,6878
2024107,2024-04-26,4,9,9,3,6,49936,6879
2024108,2024-04-27,2,5,2,8,3,25283,6880
2024109,2024-04-28,2,4,3,6,6,24366,6881
2024110,2024-04-29,6,2,9,0,4,62904,6882
2024111,2024-04-30,3,3,6,7,1,33671,6883
2024112,2024-05-01,2,1,8,0,3,21803,6884
2024113,2024-05-02,3,4,5,0,0,34500,6885
2024114,2024-05-03,5,4,8,5,6,54856,6886
2024115,2024-05-04,6,2,0,2,3,62023,6887
2024116,2024-05-05,3,4,8,4,5,34845,6888
2024117,2024-05-06,1,8,5,8,6,18586,6889
2024118,2024-05-07,7,3,3,7,2,73372,6890
2024119,2024-05-08,2,5,5,3,3,25533,6891
2024120,2024-05-09,5,2,9,1,1,52911,6892
2024121,2024-05-10,5,1,8,4,4,51844,6893
2024122,2024-05-11,2,4,6,3,8,24638,6894
2024123,2024-05-12,5,3,8,5,8,53858,6895
2024124,2024-05-13,8,3,5,0,3,83503,6896
2024125,2024-05-14,7,0,6,8,0,70680,6897
2024126,2024-05-15,3,7,9,5,2,37952,6898
2024127,2024-05-16,7,4,4,0,5,74405,6899
2024128,2024-05-17,0,1,7,8,0,01780,6900
2024129,2024-05-18,2,7,8,7,3,27873,6901
2024130,2024-05-19,1,2,2,0,2,12202,6902
2024131,2024-05-20,5,7,1,4,1,57141,6903
2024132,2024-05-21,6,0,4,4,8,60448,6904
2024133,2024-05-22,2,8,1,2,1,28121,6905
2024134,2024-05-23,6,6,0,7,9,66079,6906
2024135,2024-05-24,8,9,1,6,0,89160,6907
2024136,2024-05-25,0,6,2,8,1,06281,6908
2024137,2024-05-26,1,2,8,7,9,12879,6909
2024138,2024-05-27,9,9,7,5,5,99755,6910
2024139,2024-05-28,5,3,6,9,3,53693,6911
2024140,2024-05-29,5,2,0,8,6,52086,6912
2024141,2024-05-30,8,0,4,3,6,80436,6913
2024142,2024-05-31,4,2,6,3,2,42632,6914
2024143,2024-06-01,1,8,5,0,6,18506,6915
2024144,2024-06-02,1,4,7,8,6,14786,6916
2024145,2024-06-03,2,0,5,7,1,20571,6917
2024146,2024-06-04,9,9,1,9,7,99197,6918
2024147,2024-06-05,5,5,8,7,1,55871,6919
2024148,2024-06-06,3,4,3,0,5,34305,6920
2024149,2024-06-07,6,7,6,1,5,67615,6921
2024150,2024-06-08,1,2,9,0,4,12904,6922
2024151,2024-06-09,9,0,0,3,1,90031,6923
2024152,2024-06-10,9,3,6,4,8,93648,6924
2024153,2024-06-11,3,8,9,5,5,38955,6925
2024154,2024-06-12,9,8,3,5,3,98353,6926
2024155,2024-06-13,8,8,9,7,8,88978,6927
2024156,2024-06-14,1,7,2,4,4,17244,6928
2024157,2024-06-15,2,1,1,3,8,21138,6929
2024158,2024-06-16,6,0,6,4,7,60647,6930
2024159,2024-06-17,4,3,0,6,7,43067,6931
2024160,2024-06-18,4,2,5,5,3,42553,6932
2024161,2024-06-19,6,4,9,4,9,64949,6933
2024162,2024-06-20,3,2,0,4,4,32044,6934
2024163,2024-06-21,5,1,4,6,5,51465,6935
2024164,2024-06-22,0,0,6,7,2,00672,6936
2024165,2024-06-23,9,3,2,9,4,93294,6937
2024166,2024-06-24,4,7,9,5,8,47958,6938
2024167,2024-06-25,5,0,7,6,8,50768,6939
2024168,2024-06-26,5,4,1,4,7,54147,6940
2024169,2024-06-27,7,5,9,3,1,75931,6941
2024170,2024-06-28,0,3,1,7,3,03173,6942
2024171,2024-06-29,0,7,0,7,8,07078,6943
2024172,2024-06-30,4,0,0,5,5,40055,6944
2024173,2024-07-01,6,5,8,8,7,65887,6945
2024174,2024-07-02,1,9,1,8,5,19185,6946
2024175,2024-07-03,1,9,5,0,6,19506,6947
2024176,2024-07-04,9,3,2,5,0,93250,6948
2024177,2024-07-05,5,7,9,8,2,57982,6949
2024178,2024-07-06,6,6,3,4,7,66347,6950
2024179,2024-07-07,5,3,5,4,4,53544,6951
2024180,2024-07-08,2,1,5,4,9,21549,6952
2024181,2024-07-09,3,2,3,9,5,32395,6953
2024182,2024-07-10,2,8,2,4,7,28247,6954
2024183,2024-07-11,5,0,0,9,5,50095,6955
2024184,2024-07-12,7,3,0,4,9,73049,6956
2024185,2024-07-13,8,8,4,9,6,88496,6957
2024186,2024-07-14,3,6,7,3,4,36734,6958
2024187,2024-07-15,8,8,3,5,8,88358,6959
2024188,2024-07-16,0,2,4,4,3,02443,6960
2024189,2024-07-17,7,9,3,2,2,79322,6961
2024190,2024-07-18,6,4,4,9,2,64492,6962
2024191,2024-07-19,4,3,9,2,4,43924,6963
2024192,2024-07-20,3,4,0,7,1,34071,6964
2024193,2024-07-21,0,0,6,2,9,00629,6965
2024194,2024-07-22,0,7,8,9,1,07891,6966
2024195,2024-07-23,5,1,7,0,4,51704,6967
2024196,2024-07-24,5,3,9,0,5,53905,6968
2024197,2024-07-25,1,0,5,6,1,10561,6969
2024198,2024-07-26,5,5,0,0,3,55003,6970
2024199,2024-07-27,5,5,8,1,5,55815,6971
2024200,2024-07-28,3,8,0,7,1,38071,6972
2024201,2024-07-29,5,1,5,2,2,51522,6973
2024202,2024-07-30,1,8,7,0,8,18708,6974
2024203,2024-07-31,5,9,2,6,9,59269,6975
2024204,2024-08-01,0,4,7,9,4,04794,6976
2024205,2024-08-02,2,4,1,6,9,24169,6977
2024206,2024-08-03,4,4,6,6,4,44664,6978
2024207,2024-08-04,9,8,2,0,5,98205,6979
2024208,2024-08-05,9,7,3,7,1,97371,6980
2024209,2024-08-06,5,3,5,5,6,53556,6981
2024210,2024-08-07,2,8,5,9,1,28591,6982
2024211,2024-08-08,6,4,9,7,5,64975,6983
2024212,2024-08-09,7,2,7,0,3,72703,6984
2024213,2024-08-10,7,3,4,6,2,73462,6985
2024214,2024-08-11,1,4,5,3,3,14533,6986
2024215,2024-08-12,8,7,7,5,4,87754,6987
2024216,2024-08-13,8,4,8,3,9,84839,6988
2024217,2024-08-14,1,1,1,0,9,11109,6989
2024218,2024-08-15,2,9,1,7,8,29178,6990
2024219,2024-08-16,9,7,1,7,0,97170,6991
2024220,2024-08-17,7,2,4,1,5,72415,6992
2024221,2024-08-18,5,0,0,5,0,50050,6993
2024222,2024-08-19,9,9,3,3,8,99338,6994
2024223,2024-08-20,5,4,9,1,2,54912,6995
2024224,2024-08-21,8,3,5,2,9,83529,6996
2024225,2024-08-22,7,5,8,6,3,75863,6997
2024226,2024-08-23,2,3,2,3,4,23234,6998
2024227,2024-08-24,9,9,5,1,2,99512,6999
2024228,2024-08-25,2,7,4,1,2,27412,7000
2024229,2024-08-26,9,2,6,1,6,92616,7001
2024230,2024-08-27,0,8,8,3,7,08837,7002
2024231,2024-08-28,6,9,6,4,9,69649,7003
2024232,2024-08-29,2,9,7,6,1,29761,7004
2024233,2024-08-30,4,9,8,4,6,49846,7005
2024234,2024-08-31,2,7,5,9,3,27593,7006
2024235,2024-09-01,9,5,4,1,1,95411,7007
2024236,2024-09-02,3,7,6,9,7,37697,7008
2024237,2024-09-03,3,5,6,8,5,35685,7009
2024238,2024-09-04,4,3,0,6,7,43067,7010
2024239,2024-09-05,1,6,8,4,8,16848,7011
2024240,2024-09-06,8,1,5,2,6,81526,7012
2024241,2024-09-07,0,6,3,9,2,06392,7013
2024242,2024-09-08,1,8,8,9,4,18894,7014
2024243,2024-09-09,9,1,6,3,0,91630,7015
2024244,2024-09-10,3,6,8,9,4,36894,7016
2024245,2024-09-11,1,8,4,9,4,18494,7017
2024246,2024-09-12,8,1,6,4,6,81646,7018
2024247,2024-09-13,4,3,4,8,9,43489,7019
2024248,2024-09-14,9,5,4,3,4,95434,7020
2024249,2024-09-15,1,9,8,3,2,19832,7021
2024250,2024-09-16,6,0,6,9,2,60692,7022
2024251,2024-09-17,3,5,6,2,7,35627,7023
2024252,2024-09-18,7,0,0,5,2,70052,7024
2024253,2024-09-19,1,4,8,3,0,14830,7025
2024254,2024-09-20,4,2,3,1,4,42314,7026
2024255,2024-09-21,1,5,5,8,7,15587,7027
2024256,2024-09-22,5,4,9,1,3,54913,7028
2024257,2024-09-23,0,0,8,6,3,00863,7029
2024258,2024-09-24,6,9,0,5,7,69057,7030
2024259,2024-09-25,4,4,4,6,9,44469,7031
2024260,2024-09-26,5,2,3,2,5,52325,7032
2024261,2024-09-27,1,9,5,9,9,19599,7033
2024262,2024-09-28,2,1,6,4,6,21646,7034
2024263,2024-09-29,4,0,4,8,4,40484,7035
2024264,2024-09-30,3,4,7,3,5,34735,7036
2024265,2024-10-05,7,0,1,0,4,70104,7037
2024266,2024-10-06,1,4,3,4,6,14346,7038
2024267,2024-10-07,8,4,1,7,4,84174,7039
2024268,2024-10-08,8,3,1,3,8,83138,7040
2024269,2024-10-09,3,2,4,3,2,32432,7041
2024270,2024-10-10,8,0,1,6,7,80167,7042
2024271,2024-10-11,3,9,5,7,3,39573,7043
2024272,2024-10-12,4,3,6,9,2,43692,7044
2024273,2024-10-13,8,1,2,3,9,81239,7045
2024274,2024-10-14,2,7,4,8,3,27483,7046
2024275,2024-10-15,6,8,1,3,2,68132,7047
2024276,2024-10-16,0,8,8,7,8,08878,7048
2024277,2024-10-17,6,2,3,6,4,62364,7049
2024278,2024-10-18,1,3,4,4,3,13443,7050
2024279,2024-10-19,8,8,6,7,2,88672,7051
2024280,2024-10-20,8,5,9,7,1,85971,7052
2024281,2024-10-21,4,6,5,0,6,46506,7053
2024282,2024-10-22,9,0,5,5,6,90556,7054
2024283,2024-10-23,2,8,5,5,5,28555,7055
2024284,2024-10-24,0,3,4,6,5,03465,7056
2024285,2024-10-25,3,4,7,4,6,34746,7057
2024286,2024-10-26,1,5,6,7,8,15678,7058
2024287,2024-10-27,9,4,5,6,1,94561,7059
2024288,2024-10-28,8,1,0,9,8,81098,7060
2024289,2024-10-29,0,0,6,4,3,00643,7061
2024290,2024-10-30,0,0,4,4,9,00449,7062
2024291,2024-10-31,3,4,0,4,3,34043,7063
2024292,2024-11-01,0,3,0,0,0,03000,7064
2024293,2024-11-02,0,4,4,8,1,04481,7065
2024294,2024-11-03,7,0,1,9,2,70192,7066
2024295,2024-11-04,5,5,2,5,2,55252,7067
2024296,2024-11-05,8,9,8,0,7,89807,7068
2024297,2024-11-06,0,3,7,1,2,03712,7069
2024298,2024-11-07,6,8,0,8,8,68088,7070
2024299,2024-11-08,5,8,1,0,2,58102,7071
2024300,2024-11-09,9,3,3,3,6,93336,7072
2024301,2024-11-10,8,7,7,3,3,87733,7073
2024302,2024-11-11,3,9,8,0,3,39803,7074
2024303,2024-11-12,2,0,1,9,2,20192,7075
2024304,2024-11-13,4,2,5,3,8,42538,7076
2024305,2024-11-14,8,4,1,8,4,84184,7077
2024306,2024-11-15,5,0,8,8,1,50881,7078
2024307,2024-11-16,5,8,2,1,6,58216,7079
2024308,2024-11-17,8,4,3,9,9,84399,7080
2024309,2024-11-18,4,8,3,0,0,48300,7081
2024310,2024-11-19,7,1,8,9,6,71896,7082
2024311,2024-11-20,5,3,3,1,4,53314,7083
2024312,2024-11-21,4,1,3,2,3,41323,7084
2024313,2024-11-22,4,7,1,1,6,47116,7085
2024314,2024-11-23,0,8,0,2,2,08022,7086
2024315,2024-11-24,0,7,1,1,9,07119,7087
2024316,2024-11-25,3,3,2,7,5,33275,7088
2024317,2024-11-26,3,5,5,7,5,35575,7089
2024318,2024-11-27,2,4,3,9,8,24398,7090
2024319,2024-11-28,7,9,3,3,5,79335,7091
2024320,2024-11-29,8,6,3,4,6,86346,7092
2024321,2024-11-30,0,5,0,0,7,05007,7093
2024322,2024-12-01,6,7,8,5,8,67858,7094
2024323,2024-12-02,9,1,4,7,3,91473,7095
2024324,2024-12-03,6,3,0,1,3,63013,7096
2024325,2024-12-04,0,2,3,0,7,02307,7097
2024326,2024-12-05,2,5,7,0,1,25701,7098
2024327,2024-12-06,1,3,4,2,2,13422,7099
2024328,2024-12-07,1,2,5,0,4,12504,7100
2024329,2024-12-08,1,4,7,8,0,14780,7101
2024330,2024-12-09,8,1,1,3,6,81136,7102
2024331,2024-12-10,7,1,2,2,7,71227,7103
2024332,2024-12-11,6,7,9,5,7,67957,7104
2024333,2024-12-12,8,4,8,5,9,84859,7105
2024334,2024-12-13,7,4,6,8,1,74681,7106
2024335,2024-12-14,4,9,9,0,6,49906,7107
2024336,2024-12-15,2,4,9,6,7,24967,7108
2024337,2024-12-16,1,7,2,5,4,17254,7109
2024338,2024-12-17,1,5,5,5,1,15551,7110
2024339,2024-12-18,9,1,8,6,3,91863,7111
2024340,2024-12-19,0,3,1,7,2,03172,7112
2024341,2024-12-20,6,5,3,4,3,65343,7113
2024342,2024-12-21,0,8,4,8,3,08483,7114
2024343,2024-12-22,4,8,1,1,5,48115,7115
2024344,2024-12-23,5,4,6,1,3,54613,7116
2024345,2024-12-24,6,2,0,3,0,62030,7117
2024346,2024-12-25,6,7,7,2,2,67722,7118
2024347,2024-12-26,8,9,3,4,3,89343,7119
2024348,2024-12-27,1,9,2,0,9,19209,7120
2024349,2024-12-28,9,0,7,3,2,90732,7121
2024350,2024-12-29,2,2,0,4,2,22042,7122
2024351,2024-12-30,7,8,8,8,8,78888,7123
2024352,2024-12-31,6,9,1,8,9,69189,7124
2025001,2025-01-01,1,2,3,3,6,12336,7125
2025002,2025-01-02,9,0,0,6,9,90069,7126
2025003,2025-01-03,1,6,8,4,4,16844,7127
2025004,2025-01-04,3,5,1,8,8,35188,7128
2025005,2025-01-05,6,1,7,7,8,61778,7129
2025006,2025-01-06,6,5,6,9,3,65693,7130
2025007,2025-01-07,3,6,2,1,3,36213,7131
2025008,2025-01-08,1,2,8,0,9,12809,7132
2025009,2025-01-09,8,0,6,0,2,80602,7133
2025010,2025-01-10,1,4,3,2,3,14323,7134
2025011,2025-01-11,0,2,7,4,9,02749,7135
2025012,2025-01-12,4,7,1,6,8,47168,7136
2025013,2025-01-13,9,7,8,0,6,97806,7137
2025014,2025-01-14,5,0,8,7,8,50878,7138
2025015,2025-01-15,3,9,8,7,8,39878,7139
2025016,2025-01-16,9,6,3,5,2,96352,7140
2025017,2025-01-17,9,5,6,9,2,95692,7141
2025018,2025-01-18,2,9,2,5,5,29255,7142
2025019,2025-01-19,7,3,4,2,6,73426,7143
2025020,2025-01-20,1,5,9,7,6,15976,7144
2025021,2025-01-21,3,4,6,5,2,34652,7145
2025022,2025-01-22,4,8,4,0,2,48402,7146
2025023,2025-01-23,7,8,8,0,4,78804,7147
2025024,2025-01-24,2,2,8,5,0,22850,7148
2025025,2025-01-25,6,7,7,5,0,67750,7149
2025026,2025-01-26,3,4,6,3,5,34635,7150
2025027,2025-02-06,0,4,8,7,3,04873,7151
2025028,2025-02-07,8,2,2,3,2,82232,7152
2025029,2025-02-08,4,8,9,4,7,48947,7153
2025030,2025-02-09,2,9,7,1,8,29718,7154
2025031,2025-02-10,5,1,3,4,1,51341,7155
2025032,2025-02-11,3,9,2,7,0,39270,7156
2025033,2025-02-12,9,3,4,5,2,93452,7157
2025034,2025-02-13,3,0,9,1,2,30912,7158
2025035,2025-02-14,8,4,9,7,8,84978,7159
2025036,2025-02-15,5,2,1,0,2,52102,7160
2025037,2025-02-16,5,7,8,8,7,57887,7161
2025038,2025-02-17,3,6,6,1,4,36614,7162
2025039,2025-02-18,5,8,8,6,6,58866,7163
2025040,2025-02-19,8,7,5,2,1,87521,7164
2025041,2025-02-20,9,1,6,2,1,91621,7165
2025042,2025-02-21,6,7,5,5,3,67553,7166
2025043,2025-02-22,5,5,2,2,5,55225,7167
2025044,2025-02-23,8,0,5,7,3,80573,7168
2025045,2025-02-24,7,2,2,9,2,72292,7169
2025046,2025-02-25,3,7,2,5,7,37257,7170
2025047,2025-02-26,8,0,6,2,1,80621,7171
2025048,2025-02-27,5,7,0,4,3,57043,7172
2025049,2025-02-28,0,3,7,3,0,03730,7173
2025050,2025-03-01,5,7,0,5,7,57057,7174
2025051,2025-03-02,9,7,3,6,1,97361,7175
2025052,2025-03-03,3,3,7,2,6,33726,7176
2025053,2025-03-04,8,9,9,3,0,89930,7177
2025054,2025-03-05,3,8,4,4,0,38440,7178
2025055,2025-03-06,9,1,6,4,5,91645,7179
2025056,2025-03-07,7,1,6,1,2,71612,7180
2025057,2025-03-08,7,6,5,4,4,76544,7181
2025058,2025-03-09,6,7,2,9,1,67291,7182
2025059,2025-03-10,7,7,1,2,8,77128,7183
2025060,2025-03-11,7,9,3,3,3,79333,7184
2025061,2025-03-12,4,9,0,4,5,49045,7185
2025062,2025-03-13,2,5,7,1,2,25712,7186
2025063,2025-03-14,4,6,6,7,6,46676,7187
2025064,2025-03-15,6,5,6,4,0,65640,7188
2025065,2025-03-16,9,9,0,3,1,99031,7189
2025066,2025-03-17,1,8,4,6,2,18462,7190
2025067,2025-03-18,6,7,1,6,1,67161,7191
2025068,2025-03-19,9,7,5,6,2,97562,7192
2025069,2025-03-20,9,3,4,1,1,93411,7193
2025070,2025-03-21,7,7,1,1,5,77115,7194
2025071,2025-03-22,4,6,2,8,8,46288,7195
2025072,2025-03-23,9,3,5,9,4,93594,7196
2025073,2025-03-24,1,3,2,9,9,13299,7197
2025074,2025-03-25,1,7,9,6,2,17962,7198
2025075,2025-03-26,7,4,3,7,3,74373,7199
2025076,2025-03-27,4,0,7,5,0,40750,7200
2025077,2025-03-28,4,2,5,7,9,42579,7201
2025078,2025-03-29,1,1,3,4,6,11346,7202
2025079,2025-03-30,2,9,6,7,6,29676,7203
2025080,2025-03-31,7,3,8,6,4,73864,7204
2025081,2025-04-01,7,6,6,8,3,76683,7205
2025082,2025-04-02,3,4,4,5,2,34452,7206
2025083,2025-04-03,5,9,3,9,7,59397,7207
2025084,2025-04-04,3,0,4,7,5,30475,7208
2025085,2025-04-05,3,5,3,2,7,35327,7209
2025086,2025-04-06,6,3,4,4,4,63444,7210
2025087,2025-04-07,8,4,5,7,9,84579,7211
2025088,2025-04-08,2,2,2,3,1,22231,7212
2025089,2025-04-09,2,0,8,8,3,20883,7213
2025090,2025-04-10,9,9,3,4,8,99348,7214
2025091,2025-04-11,8,3,0,0,6,83006,7215
2025092,2025-04-12,7,2,1,9,4,72194,7216
2025093,2025-04-13,4,3,2,2,5,43225,7217
2025094,2025-04-14,5,3,4,0,6,53406,7218
2025095,2025-04-15,6,7,2,7,8,67278,7219
2025096,2025-04-16,9,4,8,7,1,94871,7220
2025097,2025-04-17,1,7,1,6,9,17169,7221
2025098,2025-04-18,1,9,2,7,5,19275,7222
2025099,2025-04-19,1,7,4,5,1,17451,7223
2025100,2025-04-20,9,9,7,0,2,99702,7224
2025101,2025-04-21,9,1,1,5,7,91157,7225
2025102,2025-04-22,2,3,3,4,3,23343,7226
2025103,2025-04-23,4,7,1,4,0,47140,7227
2025104,2025-04-24,1,4,4,9,1,14491,7228
2025105,2025-04-25,0,8,4,9,2,08492,7229
2025106,2025-04-26,0,7,6,7,6,07676,7230
2025107,2025-04-27,7,2,6,2,7,72627,7231
2025108,2025-04-28,8,7,7,4,2,87742,7232
2025109,2025-04-29,6,1,9,7,9,61979,7233
2025110,2025-04-30,1,1,6,5,2,11652,7234
2025111,2025-05-01,5,8,8,8,6,58886,7235
2025112,2025-05-02,4,8,3,8,6,48386,7236
2025113,2025-05-03,0,2,9,7,5,02975,7237
2025114,2025-05-04,1,9,2,4,0,19240,7238
2025115,2025-05-05,8,4,7,4,0,84740,7239
2025116,2025-05-06,3,6,0,4,6,36046,7240
2025117,2025-05-07,1,7,0,1,8,17018,7241
2025118,2025-05-08,2,5,5,8,8,25588,7242
2025119,2025-05-09,7,0,3,0,0,70300,7243
2025120,2025-05-10,4,0,1,5,4,40154,7244
2025121,2025-05-11,4,2,4,9,9,42499,7245
2025122,2025-05-12,0,3,0,4,4,03044,7246
2025123,2025-05-13,8,4,2,3,1,84231,7247
2025124,2025-05-14,5,2,7,9,0,52790,7248
2025125,2025-05-15,6,2,7,7,4,62774,7249
2025126,2025-05-16,1,8,4,8,0,18480,7250
2025127,2025-05-17,4,9,2,9,0,49290,7251
2025128,2025-05-18,8,7,0,4,7,87047,7252
2025129,2025-05-19,1,8,9,4,8,18948,7253
2025130,2025-05-20,0,6,8,5,9,06859,7254
2025131,2025-05-21,3,6,7,2,6,36726,7255
2025132,2025-05-22,2,7,5,5,3,27553,7256
2025133,2025-05-23,8,6,6,0,3,86603,7257
2025134,2025-05-24,5,1,0,1,9,51019,7258
2025135,2025-05-25,8,1,6,9,5,81695,7259
2025136,2025-05-26,3,2,4,4,2,32442,7260
2025137,2025-05-27,7,2,1,1,4,72114,7261
2025138,2025-05-28,8,9,5,6,3,89563,7262
2025139,2025-05-29,1,5,5,7,5,15575,7263
2025140,2025-05-30,2,6,7,6,0,26760,7264
2025141,2025-05-31,4,7,5,0,8,47508,7265
2025142,2025-06-01,3,4,3,0,4,34304,7266
2025143,2025-06-02,9,4,4,4,2,94442,7267
2025144,2025-06-03,3,8,9,9,3,38993,7268
2025145,2025-06-04,4,7,1,5,9,47159,7269
2025146,2025-06-05,8,2,2,4,7,82247,7270
2025147,2025-06-06,0,2,3,0,5,02305,7271
2025148,2025-06-07,5,5,7,0,4,55704,7272
2025149,2025-06-08,7,7,2,9,1,77291,7273
2025150,2025-06-09,2,1,2,3,7,21237,7274
2025151,2025-06-10,6,8,6,4,7,68647,7275
2025152,2025-06-11,7,4,7,0,6,74706,7276
2025153,2025-06-12,8,9,4,5,8,89458,7277
2025154,2025-06-13,9,8,9,6,6,98966,7278
2025155,2025-06-14,0,4,0,1,9,04019,7279
2025156,2025-06-15,6,3,8,0,9,63809,7280
2025157,2025-06-16,2,5,0,9,2,25092,7281
2025158,2025-06-17,8,8,2,7,2,88272,7282
2025159,2025-06-18,2,7,4,1,9,27419,7283
2025160,2025-06-19,1,7,1,5,2,17152,7284
2025161,2025-06-20,2,4,8,8,4,24884,7285
2025162,2025-06-21,3,1,7,4,2,31742,7286
2025163,2025-06-22,7,6,6,2,3,76623,7287
2025164,2025-06-23,5,1,9,1,3,51913,7288
2025165,2025-06-24,1,0,3,2,3,10323,7289
2025166,2025-06-25,6,9,6,6,4,69664,7290
2025167,2025-06-26,2,6,7,4,6,26746,7291
2025168,2025-06-27,2,0,3,2,7,20327,7292
2025169,2025-06-28,6,9,9,3,8,69938,7293
2025170,2025-06-29,5,0,2,4,4,50244,7294
2025171,2025-06-30,1,0,5,2,8,10528,7295
2025172,2025-07-01,7,2,4,5,1,72451,7296
2025173,2025-07-02,6,7,3,6,3,67363,7297
2025174,2025-07-03,1,3,1,3,5,13135,7298
2025175,2025-07-04,4,1,3,3,9,41339,7299
2025176,2025-07-05,9,4,9,4,6,94946,7300
2025177,2025-07-06,9,7,7,9,9,97799,7301
2025178,2025-07-07,7,1,4,3,6,71436,7302
2025179,2025-07-08,9,7,2,1,6,97216,7303
2025180,2025-07-09,8,8,9,5,7,88957,7304
2025181,2025-07-10,8,9,4,5,8,89458,7305
2025182,2025-07-11,7,2,1,4,6,72146,7306
2025183,2025-07-12,1,7,7,5,9,17759,7307
2025184,2025-07-13,2,2,1,8,7,22187,7308
2025185,2025-07-14,3,0,8,7,3,30873,7309
2025186,2025-07-15,5,1,4,2,3,51423,7310
2025187,2025-07-16,6,4,1,6,0,64160,7311
2025188,2025-07-17,6,2,3,7,3,62373,7312
2025189,2025-07-18,5,5,6,5,1,55651,7313
2025190,2025-07-19,4,9,9,7,2,49972,7314
2025191,2025-07-20,6,6,9,4,0,66940,7315
2025192,2025-07-21,6,8,3,5,7,68357,7316
2025193,2025-07-22,2,6,5,4,9,26549,7317
2025194,2025-07-23,2,7,0,3,7,27037,7318
2025195,2025-07-24,2,1,0,9,0,21090,7319
2025196,2025-07-25,9,4,1,4,0,94140,7320
2025197,2025-07-26,8,6,9,2,0,86920,7321
2025198,2025-07-27,7,1,7,8,3,71783,7322
2025199,2025-07-28,4,8,5,9,3,48593,7323
2025200,2025-07-29,2,1,1,2,9,21129,7324
2025201,2025-07-30,4,0,1,3,0,40130,7325
2025202,2025-07-31,2,5,3,7,3,25373,7326
2025203,2025-08-01,7,3,5,1,6,73516,7327
2025204,2025-08-02,8,3,0,7,4,83074,7328
2025205,2025-08-03,7,8,3,2,9,78329,7329
2025206,2025-08-04,6,0,5,3,2,60532,7330
2025207,2025-08-05,1,5,4,5,9,15459,7331
2025208,2025-08-06,3,0,9,4,4,30944,7332
2025209,2025-08-07,9,2,1,4,8,92148,7333
2025210,2025-08-08,6,2,2,2,5,62225,7334
2025211,2025-08-09,0,5,0,9,9,05099,7335
2025212,2025-08-10,2,2,3,5,0,22350,7336
2025213,2025-08-11,8,6,8,5,7,86857,7337
2025214,2025-08-12,1,7,6,6,7,17667,7338
2025215,2025-08-13,6,9,5,9,6,69596,7339
2025216,2025-08-14,4,1,0,6,5,41065,7340
2025217,2025-08-15,2,4,2,0,7,24207,7341
2025218,2025-08-16,3,0,7,8,7,30787,7342
2025219,2025-08-17,7,8,4,9,3,78493,7343
2025220,2025-08-18,3,5,3,2,6,35326,7344
2025221,2025-08-19,7,9,1,7,8,79178,7345
2025222,2025-08-20,6,6,0,8,8,66088,7346
2025223,2025-08-21,7,9,5,0,4,79504,7347
2025224,2025-08-22,0,2,1,9,2,02192,7348
2025225,2025-08-23,0,0,9,0,7,00907,7349
2025226,2025-08-24,3,7,3,2,7,37327,7350
2025227,2025-08-25,4,5,3,9,1,45391,7351
2025228,2025-08-26,1,6,4,6,5,16465,7352
2025229,2025-08-27,1,2,3,0,2,12302,7353
2025230,2025-08-28,1,7,8,0,5,17805,7354
2025231,2025-08-29,2,5,8,5,4,25854,7355
2025232,2025-08-30,3,9,7,6,2,39762,7356
2025233,2025-08-31,1,4,3,9,0,14390,7357
2025234,2025-09-01,2,8,2,5,7,28257,7358
2025235,2025-09-02,3,2,1,4,8,32148,7359
2025236,2025-09-03,1,5,1,1,1,15111,7360
2025237,2025-09-04,7,1,3,3,9,71339,7361
2025238,2025-09-05,7,5,4,5,5,75455,7362
2025239,2025-09-06,2,2,0,1,7,22017,7363
2025240,2025-09-07,6,2,7,6,2,62762,7364
2025241,2025-09-08,2,8,6,3,8,28638,7365
2025242,2025-09-09,5,2,3,9,3,52393,7366
2025243,2025-09-10,8,1,2,8,1,81281,7367
2025244,2025-09-11,7,5,8,6,2,75862,7368
2025245,2025-09-12,9,9,4,9,2,99492,7369
2025246,2025-09-13,2,0,7,6,7,20767,7370
2025247,2025-09-14,3,6,4,2,3,36423,7371
2025248,2025-09-15,9,8,3,8,5,98385,7372
2025249,2025-09-16,5,3,2,0,8,53208,7373
2025250,2025-09-17,1,7,8,0,6,17806,7374
2025251,2025-09-18,5,5,8,5,4,55854,7375
2025252,2025-09-19,1,9,0,5,3,19053,7376
2025253,2025-09-20,6,9,3,0,7,69307,7377
2025254,2025-09-21,6,2,8,8,4,62884,7378
2025255,2025-09-22,5,8,3,2,1,58321,7379
2025256,2025-09-23,7,9,7,7,5,79775,7380
2025257,2025-09-24,5,6,1,5,0,56150,7381
2025258,2025-09-25,0,3,8,6,3,03863,7382
2025259,2025-09-26,4,2,0,9,9,42099,7383
2025260,2025-09-27,5,1,4,5,5,51455,7384
2025261,2025-09-28,8,7,7,5,3,87753,7385
2025262,2025-09-29,5,1,2,6,3,51263,7386
2025263,2025-09-30,1,4,8,0,0,14800,7387
2025264,2025-10-05,2,0,2,0,1,20201,7388
2025265,2025-10-06,2,8,1,4,7,28147,7389
2025266,2025-10-07,7,4,2,5,0,74250,7390
2025267,2025-10-08,8,5,6,1,5,85615,7391
2025268,2025-10-09,3,2,1,3,9,32139,7392
2025269,2025-10-10,8,7,5,0,2,87502,7393
2025270,2025-10-11,0,1,8,2,6,01826,7394
2025271,2025-10-12,8,9,8,5,8,89858,7395
2025272,2025-10-13,7,6,7,4,7,76747,7396
2025273,2025-10-14,4,1,7,3,3,41733,7397
2025274,2025-10-15,7,8,7,7,1,78771,7398
2025275,2025-10-16,1,5,0,7,0,15070,7399
2025276,2025-10-17,9,8,2,6,2,98262,7400
2025277,2025-10-18,4,3,2,2,1,43221,7401
2025278,2025-10-19,6,2,7,8,2,62782,7402
2025279,2025-10-20,3,7,5,7,5,37575,7403
2025280,2025-10-21,5,3,9,3,2,53932,7404
2025281,2025-10-22,7,0,7,9,4,70794,7405
2025282,2025-10-23,0,9,6,9,1,09691,7406
2025283,2025-10-24,0,5,7,8,3,05783,7407
2025284,2025-10-25,2,4,7,3,3,24733,7408
2025285,2025-10-26,9,0,5,3,2,90532,7409
2025286,2025-10-27,6,4,1,0,5,64105,7410
2025287,2025-10-28,1,8,0,3,2,18032,7411
2025288,2025-10-29,5,0,4,2,6,50426,7412
2025289,2025-10-30,6,8,5,6,6,68566,7413
2025290,2025-10-31,1,2,5,1,0,12510,7414
2025291,2025-11-01,9,4,8,5,6,94856,7415
2025292,2025-11-02,6,7,3,5,8,67358,7416
2025293,2025-11-03,0,9,4,4,1,09441,7417
2025294,2025-11-04,9,9,4,4,9,99449,7418
2025295,2025-11-05,1,2,4,5,1,12451,7419
2025296,2025-11-06,0,5,2,3,5,05235,7420
2025297,2025-11-07,4,5,3,8,6,45386,7421
2025298,2025-11-08,1,4,1,2,7,14127,7422
2025299,2025-11-09,3,0,0,9,7,30097,7423
2025300,2025-11-10,8,4,3,0,0,84300,7424
2025301,2025-11-11,5,8,2,0,9,58209,7425
2025302,2025-11-12,0,1,6,3,1,01631,7426
2025303,2025-11-13,9,4,3,8,2,94382,7427
2025304,2025-11-14,0,7,9,1,3,07913,7428
2025305,2025-11-15,4,9,7,4,9,49749,7429
2025306,2025-11-16,1,7,8,6,7,17867,7430
2025307,2025-11-17,6,1,8,1,1,61811,7431
2025308,2025-11-18,2,3,4,6,5,23465,7432
2025309,2025-11-19,5,2,7,2,9,52729,7433
2025310,2025-11-20,0,1,6,5,9,01659,7434
2025311,2025-11-21,1,1,4,5,0,11450,7435
2025312,2025-11-22,1,0,9,5,0,10950,7436
2025313,2025-11-23,4,4,5,5,1,44551,7437
2025314,2025-11-24,8,0,2,4,5,80245,7438
2025315,2025-11-25,9,7,3,6,7,97367,7439
2025316,2025-11-26,9,1,8,1,5,91815,7440
2025317,2025-11-27,7,5,6,6,9,75669,7441
2025318,2025-11-28,4,3,8,4,9,43849,7442
2025319,2025-11-29,8,6,5,5,0,86550,7443
2025320,2025-11-30,7,2,5,6,2,72562,7444
2025321,2025-12-01,5,6,8,0,8,56808,7445
2025322,2025-12-02,1,4,8,3,8,14838,7446
2025323,2025-12-03,6,8,7,1,4,68714,7447
2025324,2025-12-04,5,1,3,9,6,51396,7448
2025325,2025-12-05,8,3,6,0,3,83603,7449
2025326,2025-12-06,0,4,5,1,9,04519,7450
2025327,2025-12-07,8,2,9,2,4,82924,7451
2025328,2025-12-08,8,2,5,1,6,82516,7452
2025329,2025-12-09,3,7,0,9,0,37090,7453
2025330,2025-12-10,5,9,4,5,4,59454,7454
2025331,2025-12-11,9,8,0,9,1,98091,7455
2025332,2025-12-12,9,3,9,4,1,93941,7456
2025333,2025-12-13,9,6,1,0,3,96103,7457
2025334,2025-12-14,5,8,3,3,7,58337,7458
2025335,2025-12-15,2,7,6,4,5,27645,7459
2025336,2025-12-16,4,1,2,6,0,41260,7460
2025337,2025-12-17,5,5,4,3,8,55438,7461
2025338,2025-12-18,1,6,4,6,3,16463,7462
2025339,2025-12-19,9,0,0,4,9,90049,7463
2025340,2025-12-20,2,5,5,6,0,25560,7464
2025341,2025-12-21,8,1,7,5,4,81754,7465
2025342,2025-12-22,0,7,9,2,3,07923,7466
2025343,2025-12-23,0,1,2,5,9,01259,7467
2025344,2025-12-24,4,9,5,7,0,49570,7468
2025345,2025-12-25,4,3,1,9,7,43197,7469
2025346,2025-12-26,8,2,6,0,8,82608,7470
2025347,2025-12-27,6,9,5,6,7,69567,7471
2025348,2025-12-28,3,7,3,1,4,37314,7472
2025349,2025-12-29,0,3,2,2,6,03226,7473
2025350,2025-12-30,6,7,3,4,4,67344,7474
2025351,2025-12-31,6,1,7,2,9,61729,7475
2026001,2026-01-01,8,3,0,1,3,83013,7476
2026002,2026-01-02,6,8,9,2,3,68923,7477
2026003,2026-01-03,0,8,6,8,9,08689,7478
2026004,2026-01-04,8,7,8,8,2,87882,7479
2026005,2026-01-05,0,6,1,6,9,06169,7480
2026006,2026-01-06,7,1,8,8,8,71888,7481
2026007,2026-01-07,1,2,6,6,0,12660,7482
2026008,2026-01-08,5,0,9,6,3,50963,7483
2026009,2026-01-09,2,4,8,2,1,24821,7484
2026010,2026-01-10,9,2,0,3,4,92034,7485
2026011,2026-01-11,0,3,0,6,7,03067,7486
2026012,2026-01-12,5,2,2,0,1,52201,7487
2026013,2026-01-13,4,7,7,8,7,47787,7488
2026014,2026-01-14,8,3,3,8,2,83382,7489
2026015,2026-01-15,2,0,2,4,4,20244,7490
2026016,2026-01-16,2,1,5,9,1,21591,7491
2026017,2026-01-17,1,1,2,8,8,11288,7492
2026018,2026-01-18,8,9,6,3,2,89632,7493
2026019,2026-01-19,8,4,8,9,7,84897,7494
2026020,2026-01-20,0,9,5,8,4,09584,7495
2026021,2026-01-21,2,6,3,0,2,26302,7496
2026022,2026-01-22,2,5,5,0,2,25502,7497
2026023,2026-01-23,4,9,5,2,7,49527,7498
2026024,2026-01-24,2,6,8,3,2,26832,7499
2026025,2026-01-25,1,8,1,1,1,18111,7500
2026026,2026-01-26,2,9,1,4,4,29144,7501
2026027,2026-01-27,0,8,4,0,7,08407,7502
2026028,2026-01-28,4,9,9,9,5,49995,7503
2026029,2026-01-29,6,1,3,7,8,61378,7504
2026030,2026-01-30,8,1,1,5,2,81152,7505
2026031,2026-01-31,7,8,6,9,6,78696,7506
2026032,2026-02-01,7,3,0,7,8,73078,7507
2026033,2026-02-02,1,4,1,3,2,14132,7508
2026034,2026-02-03,2,1,6,9,9,21699,7509
2026035,2026-02-04,7,1,7,0,4,71704,7510
2026036,2026-02-05,7,8,8,2,4,78824,7511
2026037,2026-02-06,7,2,4,5,2,72452,7512
2026038,2026-02-07,7,8,9,8,7,78987,7513
2026039,2026-02-08,8,5,2,8,8,85288,7514
2026040,2026-02-09,0,0,9,7,9,00979,7515
2026041,2026-02-10,6,3,9,6,5,63965,7516
2026042,2026-02-11,7,9,5,2,4,79524,7517
2026043,2026-02-12,1,7,9,2,7,17927,7518
2026044,2026-02-13,0,5,1,6,2,05162,7519
2026045,2026-02-24,1,4,4,7,1,14471,7520
2026046,2026-02-25,7,0,3,2,3,70323,7521
2026047,2026-02-26,3,3,0,4,5,33045,7522
2026048,2026-02-27,0,9,7,6,7,09767,7523
2026049,2026-02-28,5,9,2,5,9,59259,7524
2026050,2026-03-01,4,3,5,4,7,43547,7525
2026051,2026-03-02,0,4,5,3,7,04537,7526
2026052,2026-03-03,6,4,9,1,5,64915,7527
2026053,2026-03-04,7,4,4,9,2,74492,7528
2026054,2026-03-05,6,5,5,6,4,65564,7529
2026055,2026-03-06,5,3,7,5,2,53752,7530
2026056,2026-03-07,1,1,9,2,1,11921,7531
2026057,2026-03-08,4,7,9,3,1,47931,7532
2026058,2026-03-09,5,9,0,6,4,59064,7533
2026059,2026-03-10,2,0,9,9,6,20996,7534
2026060,2026-03-11,1,1,8,0,0,11800,7535
2026061,2026-03-12,3,4,7,4,9,34749,7536
2026062,2026-03-13,3,1,5,4,2,31542,7537
2026063,2026-03-14,7,2,3,8,4,72384,7538
2026064,2026-03-15,5,2,8,9,4,52894,7539
2026065,2026-03-16,8,5,1,8,5,85185,7540
2026066,2026-03-17,8,0,7,8,7,80787,7541
2026067,2026-03-18,4,2,8,1,2,42812,7542
2026068,2026-03-19,8,4,0,0,9,84009,7543
2026069,2026-03-20,1,1,4,6,9,11469,7544
2026070,2026-03-21,1,3,1,8,9,13189,7545
2026071,2026-03-22,5,5,1,5,3,55153,7546
2026072,2026-03-23,1,1,5,1,4,11514,7547
2026073,2026-03-24,3,2,5,0,0,32500,7548
2026074,2026-03-25,4,0,6,3,3,40633,7549
2026075,2026-03-26,4,3,7,4,3,43743,7550
2026076,2026-03-27,4,1,9,6,4,41964,7551
2026077,2026-03-28,7,8,0,7,4,78074,7552
2026078,2026-03-29,6,3,4,8,6,63486,7553
2026079,2026-03-30,1,9,5,9,9,19599,7554
2026080,2026-03-31,7,7,0,0,6,77006,7555
2026081,2026-04-01,6,9,0,1,6,69016,7556
2026082,2026-04-02,0,4,8,3,8,04838,7557
2026083,2026-04-03,9,0,3,4,0,90340,7558
2026084,2026-04-04,0,0,4,9,3,00493,7559
2026085,2026-04-05,0,2,0,7,7,02077,7560
2026086,2026-04-06,3,3,4,8,8,33488,7561
2026087,2026-04-07,0,7,0,7,6,07076,7562
2026088,2026-04-08,4,7,4,5,9,47459,7563
2026089,2026-04-09,2,1,6,3,4,21634,7564
2026090,2026-04-10,9,5,4,4,3,95443,7565
2026091,2026-04-11,2,0,2,8,2,20282,7566
2026092,2026-04-12,7,6,1,2,0,76120,7567
2026093,2026-04-13,9,9,8,7,6,99876,7568
2026094,2026-04-14,9,3,8,1,1,93811,7569
2026095,2026-04-15,5,6,8,1,9,56819,7570
2026096,2026-04-16,6,4,3,9,1,64391,7571
2026097,2026-04-17,2,2,6,8,2,22682,7572
2026098,2026-04-18,9,7,4,3,5,97435,7573
2026099,2026-04-19,4,2,4,1,4,42414,7574
2026100,2026-04-20,2,0,7,5,8,20758,7575
2026101,2026-04-21,0,9,0,3,3,09033,7576
2026102,2026-04-22,4,9,0,2,6,49026,7577
2026103,2026-04-23,9,0,1,2,0,90120,7578
2026104,2026-04-24,7,8,6,7,0,78670,7579
2026105,2026-04-25,2,1,7,6,3,21763,7580
2026106,2026-04-26,3,4,3,9,9,34399,7581
2026107,2026-04-27,1,5,4,1,3,15413,7582
2026108,2026-04-28,6,5,6,3,8,65638,7583
2026109,2026-04-29,0,8,8,1,2,08812,7584
2026110,2026-04-30,3,4,3,0,4,34304,7585
2026111,2026-05-01,8,7,7,9,0,87790,7586
2026112,2026-05-02,6,5,2,9,3,65293,7587
2026113,2026-05-03,9,2,5,8,5,92585,7588
2026114,2026-05-04,0,1,7,7,3,01773,7589
2026115,2026-05-05,3,3,3,0,1,33301,7590
2026116,2026-05-06,9,5,1,4,3,95143,7591
2026117,2026-05-07,0,9,1,2,8,09128,7592
2026118,2026-05-08,2,7,2,3,1,27231,7593
2026119,2026-05-09,2,2,2,1,9,22219,7594
2026120,2026-05-10,2,9,6,4,8,29648,7595
2026121,2026-05-11,0,4,0,3,3,04033,7596
2026122,2026-05-12,7,4,7,6,1,74761,7597
2026123,2026-05-13,9,5,5,1,2,95512,7598
2026124,2026-05-14,7,8,5,3,2,78532,7599
2026125,2026-05-15,8,6,7,2,1,86721,7600
2026126,2026-05-16,8,3,5,2,6,83526,7601
2026127,2026-05-17,9,3,6,0,3,93603,7602
2026128,2026-05-18,5,1,2,2,8,51228,7603
2026129,2026-05-19,6,8,3,3,1,68331,7604
2026130,2026-05-20,0,7,0,1,3,07013,7605
2026131,2026-05-21,9,6,8,4,1,96841,7606
2026132,2026-05-22,4,4,3,5,0,44350,7607
